,runoff,soil_moisture,swe,prism,chirps,persiann,trmm,daymet,modis,gmet_eto,gmet_etr,fldas,terraclimate,p_mean,et_mean,q_out1,q_out2,res_s,c2v_s
1973-10-31,,,,,,,,,,,,,,,,,,,5643.855718581217
1973-11-30,,,,,,,,,,,,,,,,,,,5646.964925762849
1973-12-31,,,,,,,,,,,,,,,,,,,5650.938357286791
1974-01-31,,,,,,,,,,,,,,,,,,,5655.715505135743
1974-02-28,,,,,,,,,,,,,,,,,,,5659.428552882194
1974-03-31,,,,,,,,,,,,,,,,,,,5663.605995772507
1974-04-30,,,,,,,,,,,,,,,,,,,5666.975498356877
1974-05-31,,,,,,,,,,,,,,,,,,,5668.736190919001
1974-06-30,,,,,,,,,,,,,,,,,,,5669.811025099374
1974-07-31,,,,,,,,,,,,,,,,,,,5669.977579710166
1974-08-31,,,,,,,,,,,,,,,,,,,5669.583384179052
1974-09-30,,,,,,,,,,,,,,,,,,,5668.89551081139
1974-10-31,,,,,,,,,,,,,,,,,,,5669.924186472288
1974-11-30,,,,,,,,,,,,,,,,,,,5670.531860273774
1974-12-31,,,,,,,,,,,,,,,,,,,5671.412644215654
1975-01-31,,,,,,,,,,,,,,,,,,,5672.0113933968805
1975-02-28,,,,,,,,,,,,,,,,,,,5673.292144902079
1975-03-31,,,,,,,,,,,,,,,,,,,5674.7323503063435
1975-04-30,,,,,,,,,,,,,,,,,,,5675.0229693502
1975-05-31,,,,,,,,,,,,,,,,,,,5673.707361622065
1975-06-30,,,,,,,,,,,,,,,,,,,5672.52626362716
1975-07-31,,,,,,,,,,,,,,,,,,,5670.7852899885165
1975-08-31,,,,,,,,,,,,,,,,,,,5669.232189544221
1975-09-30,,,,,,,,,,,,,,,,,,,5667.776180491459
1975-10-31,,,,,,,,,,,,,,,,,,,5668.284755600857
1975-11-30,,,,,,,,,,,,,,,,,,,5668.5549904134505
1975-12-31,,,,,,,,,,,,,,,,,,,5669.039814604852
1976-01-31,,,,,,,,,,,,,,,,,,,5669.483314651252
1976-02-29,,,,,,,,,,,,,,,,,,,5670.15339423551
1976-03-31,,,,,,,,,,,,,,,,,,,5670.2782721107815
1976-04-30,,,,,,,,,,,,,,,,,,,5670.209331800587
1976-05-31,,,,,,,,,,,,,,,,,,,5667.82857390552
1976-06-30,,,,,,,,,,,,,,,,,,,5665.903877623812
1976-07-31,,,,,,,,,,,,,,,,,,,5663.490551147904
1976-08-31,,,,,,,,,,,,,,,,,,,5661.369678071304
1976-09-30,,,,,,,,,,,,,,,,,,,5660.235660513027
1976-10-31,,,,,,,,,,,,,,,,,,,5659.923470982243
1976-11-30,,,,,,,,,,,,,,,,,,,5660.194720801027
1976-12-31,,,,,,,,,,,,,,,,,,,5660.529005717567
1977-01-31,,,,,,,,,,,,,,,,,,,5661.1000048459355
1977-02-28,,,,,,,,,,,,,,,,,,,5661.03990968073
1977-03-31,,,,,,,,,,,,,,,,,,,5660.88196166319
1977-04-30,,,,,,,,,,,,,,,,,,,5659.902426713741
1977-05-31,,,,,,,,,,,,,,,,,,,5657.265035368746
1977-06-30,,,,,,,,,,,,,,,,,,,5654.550468978322
1977-07-31,,,,,,,,,,,,,,,,,,,5651.531169716316
1977-08-31,,,,,,,,,,,,,,,,,,,5648.659847078998
1977-09-30,,,,,,,,,,,,,,,,,,,5646.295771642923
1977-10-31,,,,,,,,,,,,,,,,,,,5645.882971423426
1977-11-30,,,,,,,,,,,,,,,,,,,5646.1075716855885
1977-12-31,,,,,,,,,,,,,,,,,,,5647.185537749763
1978-01-31,,,,,,,,,,,,,,,,,,,5649.360996819531
1978-02-28,,,,,,,,,,,,,,,,,,,5652.061693794057
1978-03-31,,,,,,,,,,,,,,,,,,,5655.126782301009
1978-04-30,,,,,,,,,,,,,,,,,,,5657.659957066827
1978-05-31,,,,,,,,,,,,,,,,,,,5658.03620896699
1978-06-30,,,,,,,,,,,,,,,,,,,5657.632429949349
1978-07-31,,,,,,,,,,,,,,,,,,,5656.5737190045675
1978-08-31,,,,,,,,,,,,,,,,,,,5655.737402915471
1978-09-30,,,,,,,,,,,,,,,,,,,5655.076049499144
1978-10-31,,,,,,,,,,,,,,,,,,,5655.496815543339
1978-11-30,,,,,,,,,,,,,,,,,,,5656.299064614133
1978-12-31,,,,,,,,,,,,,,,,,,,5656.979628969447
1979-01-31,,,,,,,,,,,,,,,,,,,5658.340848557113
1979-02-28,,,,,,,,,,,,,,,,,,,5659.807923860484
1979-03-31,,,,,,,,,,,,,,,,,,,5661.291883008823
1979-04-30,,,,,,,,,,,,,,,,,,,5661.640948460158
1979-05-31,,,,,,,,,,,,,,,,,,,5660.675850778916
1979-06-30,,,,,,,,,,,,,,,,,,,5659.665159901924
1979-07-31,,,,,,,,,,,,,,,,,,,5658.341028665432
1979-08-31,,,,,,,,,,,,,,,,,,,5656.936312257988
1979-09-30,,,,,,,,,,,,,,,,,,,5655.528268185099
1979-10-31,,,,,,,,,,,,,,,,,,,5656.112205011646
1979-11-30,,,,,,,,,,,,,,,,,,,5656.761742880745
1979-12-31,,,,,,,,,,,,,,,,,,,5657.571471626484
1980-01-31,,,,,,,,,,,,,,,,,,,5660.0533774807045
1980-02-29,,,,,,,,,,,,,,,,,,,5662.8166051684275
1980-03-31,,,,,,,,,,,,,,,,,,,5665.056023288149
1980-04-30,,,,,,,,,,,,,,,,,,,5666.278267908109
1980-05-31,,,,,,,,,,,,,,,,,,,5665.734336932116
1980-06-30,,,,,,,,,,,,,,,,,,,5664.841368922006
1980-07-31,,,,,,,,,,,,,,,,,,,5663.757502016545
1980-08-31,,,,,,,,,,,,,,,,,,,5662.606399705843
1980-09-30,,,,,,,,,,,,,,,,,,,5661.398380856277
1980-10-31,,,,,,,,,,,,,,,,,,,5661.876947826937
1980-11-30,,,,,,,,,,,,,,,,,,,5662.180080098305
1980-12-31,,,,,,,,,,,,,,,,,,,5662.7284998479545
1981-01-31,,,,,,,,,,,,,,,,,,,5663.912305497698
1981-02-28,,,,,,,,,,,,,,,,,,,5664.686171075628
1981-03-31,,,,,,,,,,,,,,,,,,,5665.8429731014
1981-04-30,,,,,,,,,,,,,,,,,,,5665.917799237827
1981-05-31,,,,,,,,,,,,,,,,,,,5664.172816895724
1981-06-30,,,,,,,,,,,,,,,,,,,5662.823176253336
1981-07-31,,,,,,,,,,,,,,,,,,,5661.190790118861
1981-08-31,,,,,,,,,,,,,,,,,,,5659.445107201242
1981-09-30,,,,,,,,,,,,,,,,,,,5657.771482588091
1981-10-31,,,,,,,,,,,,,,,,,,,5658.291640939845
1981-11-30,,,,,,,,,,,,,,,,,,,5659.471566887497
1981-12-31,,,,,,,,,,,,,,,,,,,5660.667849724171
1982-01-31,,,,,,,,,,,,,,,,,,,5662.332286084546
1982-02-28,,,,,,,,,,,,,,,,,,,5663.873704400241
1982-03-31,,,,,,,,,,,,,,,,,,,5666.0334315357295
1982-04-30,,,,,,,,,,,,,,,,,,,5668.208413494822
1982-05-31,,,,,,,,,,,,,,,,,,,5668.088883769341
1982-06-30,,,,,,,,,,,,,,,,,,,5667.516250118331
1982-07-31,,,,,,,,,,,,,,,,,,,5666.388496706627
1982-08-31,,,,,,,,,,,,,,,,,,,5665.422426315757
1982-09-30,,,,,,,,,,,,,,,,,,,5664.787244630647
1982-10-31,,,,,,,,,,,,,,,,,,,5665.718430256354
1982-11-30,,,,,,,,,,,,,,,,,,,5667.29451179683
1982-12-31,,,,,,,,,,,,,,,,,,,5669.229749581049
1983-01-31,,,,,,,,,,,,,,,,,,,5671.593813815167
1983-02-28,,,,,,,,,,,,,,,,,,,5674.356875912631
1983-03-31,,,,,,,,,,,,,,,,,,,5677.752416925254
1983-04-30,,,,,,,,,,,,,,,,,,,5679.8285003085875
1983-05-31,,,,,,,,,,,,,,,,,,,5680.10141480826
1983-06-30,,,,,,,,,,,,,,,,,,,5679.798316912521
1983-07-31,,,,,,,,,,,,,,,,,,,5678.809607786573
1983-08-31,,,,,,,,,,,,,,,,,,,5677.816219484411
1983-09-30,,,,,,,,,,,,,,,,,,,5677.2296700240695
1983-10-31,,,,,,,,,,,,,,,,,,,5677.922175808369
1983-11-30,,,,,,,,,,,,,,,,,,,5679.216917289075
1983-12-31,,,,,,,,,,,,,,,,,,,5681.122238921196
1984-01-31,,,,,,,,,,,,,,,,,,,5682.3470129475345
1984-02-29,,,,,,,,,,,,,,,,,,,5683.089418132778
1984-03-31,,,,,,,,,,,,,,,,,,,5683.631964942936
1984-04-30,,,,,,,,,,,,,,,,,,,5683.583142545485
1984-05-31,,,,,,,,,,,,,,,,,,,5681.868091547585
1984-06-30,,,,,,,,,,,,,,,,,,,5680.635991703358
1984-07-31,,,,,,,,,,,,,,,,,,,5679.247675181407
1984-08-31,,,,,,,,,,,,,,,,,,,5677.744047205952
1984-09-30,,,,,,,,,,,,,,,,,,,5676.08254519839
1984-10-31,,,,,,,,,,,,,,,,,,,5676.509117912599
1984-11-30,,,,,,,,,,,,,,,,,,,5677.516721848877
1984-12-31,,,,,,,,,,,,,,,,,,,5678.458706543568
1985-01-31,,,,,,,,,,,,,,,,,,,5679.066956089425
1985-02-28,,,,,,,,,,,,,,,,,,,5679.570599019706
1985-03-31,,,,,,,,,,,,,,,,,,,5680.206249110423
1985-04-30,,,,,,,,,,,,,,,,,,,5679.929037446752
1985-05-31,,,,,,,,,,,,,,,,,,,5678.1484657891115
1985-06-30,,,,,,,,,,,,,,,,,,,5676.936460943182
1985-07-31,,,,,,,,,,,,,,,,,,,5675.524910736119
1985-08-31,,,,,,,,,,,,,,,,,,,5673.772020593098
1985-09-30,,,,,,,,,,,,,,,,,,,5672.132583527521
1985-10-31,,,,,,,,,,,,,,,,,,,5672.120607219927
1985-11-30,,,,,,,,,,,,,,,,,,,5672.854121880162
1985-12-31,,,,,,,,,,,,,,,,,,,5673.538735939926
1986-01-31,,,,,,,,,,,,,,,,,,,5674.623956963924
1986-02-28,,,,,,,,,,,,,,,,,,,5677.4159845277545
1986-03-31,,,,,,,,,,,,,,,,,,,5680.221853189227
1986-04-30,,,,,,,,,,,,,,,,,,,5681.338512012453
1986-05-31,,,,,,,,,,,,,,,,,,,5680.950468795342
1986-06-30,,,,,,,,,,,,,,,,,,,5680.205512812026
1986-07-31,,,,,,,,,,,,,,,,,,,5679.034787228459
1986-08-31,,,,,,,,,,,,,,,,,,,5677.834608149118
1986-09-30,,,,,,,,,,,,,,,,,,,5676.708167447844
1986-10-31,,,,,,,,,,,,,,,,,,,5676.7366124286455
1986-11-30,,,,,,,,,,,,,,,,,,,5676.980239273525
1986-12-31,,,,,,,,,,,,,,,,,,,5677.372795566065
1987-01-31,,,,,,,,,,,,,,,,,,,5678.062561252626
1987-02-28,,,,,,,,,,,,,,,,,,,5678.8243473814955
1987-03-31,,,,,,,,,,,,,,,,,,,5679.710078963176
1987-04-30,,,,,,,,,,,,,,,,,,,5679.335639504722
1987-05-31,,,,,,,,,,,,,,,,,,,5677.43337860133
1987-06-30,,,,,,,,,,,,,,,,,,,5676.025766529088
1987-07-31,,,,,,,,,,,,,,,,,,,5674.38249229811
1987-08-31,,,,,,,,,,,,,,,,,,,5672.453732609909
1987-09-30,,,,,,,,,,,,,,,,,,,5670.480726511854
1987-10-31,,,,,,,,,,,,,,,,,,,5670.485672029164
1987-11-30,,,,,,,,,,,,,,,,,,,5670.810274062502
1987-12-31,,,,,,,,,,,,,,,,,,,5671.637277640285
1988-01-31,,,,,,,,,,,,,,,,,,,5672.695479321931
1988-02-29,,,,,,,,,,,,,,,,,,,5673.083810232886
1988-03-31,,,,,,,,,,,,,,,,,,,5673.364776892493
1988-04-30,,,,,,,,,,,,,,,,,,,5673.641765710634
1988-05-31,,,,,,,,,,,,,,,,,,,5671.483430468375
1988-06-30,,,,,,,,,,,,,,,,,,,5669.6715364584925
1988-07-31,,,,,,,,,,,,,,,,,,,5667.819922049198
1988-08-31,,,,,,,,,,,,,,,,,,,5665.718948537297
1988-09-30,,,,,,,,,,,,,,,,,,,5663.574921549574
1988-10-31,,,,,,,,,,,,,,,,,,,5663.146643686854
1988-11-30,,,,,,,,,,,,,,,,,,,5663.514426924628
1988-12-31,,,,,,,,,,,,,,,,,,,5664.1830446012
1989-01-31,,,,,,,,,,,,,,,,,,,5664.712136056039
1989-02-28,,,,,,,,,,,,,,,,,,,5665.215539162042
1989-03-31,,,,,,,,,,,,,,,,,,,5666.0958700391775
1989-04-30,,,,,,,,,,,,,,,,,,,5665.722240829271
1989-05-31,,,,,,,,,,,,,,,,,,,5663.872382068368
1989-06-30,,,,,,,,,,,,,,,,,,,5662.477642990858
1989-07-31,,,,,,,,,,,,,,,,,,,5660.723080081061
1989-08-31,,,,,,,,,,,,,,,,,,,5658.730258246054
1989-09-30,,,,,,,,,,,,,,,,,,,5657.38623554975
1989-10-31,,,,,,,,,,,,,,,,,,,5657.20929209274
1989-11-30,,,,,,,,,,,,,,,,,,,5657.442916542576
1989-12-31,,,,,,,,,,,,,,,,,,,5657.612461254005
1990-01-31,,,,,,,,,,,,,,,,,,,5658.415477745468
1990-02-28,,,,,,,,,,,,,,,,,,,5659.072595938194
1990-03-31,,,,,,,,,,,,,,,,,,,5659.1325656302915
1990-04-30,,,,,,,,,,,,,,,,,,,5658.831958429396
1990-05-31,,,,,,,,,,,,,,,,,,,5657.078748592667
1990-06-30,,,,,,,,,,,,,,,,,,,5655.092079531361
1990-07-31,,,,,,,,,,,,,,,,,,,5652.920658288015
1990-08-31,,,,,,,,,,,,,,,,,,,5650.618747722234
1990-09-30,,,,,,,,,,,,,,,,,,,5648.309929489908
1990-10-31,,,,,,,,,,,,,,,,,,,5647.783780115945
1990-11-30,,,,,,,,,,,,,,,,,,,5647.886000142444
1990-12-31,,,,,,,,,,,,,,,,,,,5648.141573349917
1991-01-31,,,,,,,,,,,,,,,,,,,5648.4879714520675
1991-02-28,,,,,,,,,,,,,,,,,,,5648.700243871809
1991-03-31,,,,,,,,,,,,,,,,,,,5650.69255511225
1991-04-30,,,,,,,,,,,,,,,,,,,5650.359702255345
1991-05-31,,,,,,,,,,,,,,,,,,,5648.418404554769
1991-06-30,,,,,,,,,,,,,,,,,,,5646.661443785094
1991-07-31,,,,,,,,,,,,,,,,,,,5644.632660976274
1991-08-31,,,,,,,,,,,,,,,,,,,5642.351293442074
1991-09-30,,,,,,,,,,,,,,,,,,,5640.144460506091
1991-10-31,,,,,,,,,,,,,,,,,,,5640.066276084383
1991-11-30,,,,,,,,,,,,,,,,,,,5640.089176149776
1991-12-31,,,,,,,,,,,,,,,,,,,5640.557445358797
1992-01-31,,,,,,,,,,,,,,,,,,,5641.1547488165415
1992-02-29,,,,,,,,,,,,,,,,,,,5642.578019729474
1992-03-31,,,,,,,,,,,,,,,,,,,5643.3454763101645
1992-04-30,,,,,,,,,,,,,,,,,,,5642.837618871176
1992-05-31,,,,,,,,,,,,,,,,,,,5640.979956875348
1992-06-30,,,,,,,,,,,,,,,,,,,5639.314297017848
1992-07-31,,,,,,,,,,,,,,,,,,,5636.903943299247
1992-08-31,,,,,,,,,,,,,,,,,,,5634.3999614123
1992-09-30,,,,,,,,,,,,,,,,,,,5631.972709540191
1992-10-31,,,,,,,,,,,,,,,,,,,5631.9084912771505
1992-11-30,,,,,,,,,,,,,,,,,,,5631.883373280257
1992-12-31,,,,,,,,,,,,,,,,,,,5632.747317617415
1993-01-31,,,,,,,,,,,,,,,,,,,5634.900182605799
1993-02-28,,,,,,,,,,,,,,,,,,,5636.906002379335
1993-03-31,,,,,,,,,,,,,,,,,,,5638.965367740874
1993-04-30,,,,,,,,,,,,,,,,,,,5639.880712086478
1993-05-31,,,,,,,,,,,,,,,,,,,5639.928373912353
1993-06-30,,,,,,,,,,,,,,,,,,,5639.772393911301
1993-07-31,,,,,,,,,,,,,,,,,,,5639.063642197776
1993-08-31,,,,,,,,,,,,,,,,,,,5638.261351512063
1993-09-30,,,,,,,,,,,,,,,,,,,5637.047077594524
1993-10-31,,,,,,,,,,,,,,,,,,,5637.189006519092
1993-11-30,,,,,,,,,,,,,,,,,,,5637.810884860535
1993-12-31,,,,,,,,,,,,,,,,,,,5638.638934241834
1994-01-31,,,,,,,,,,,,,,,,,,,5639.4944366678155
1994-02-28,,,,,,,,,,,,,,,,,,,5640.580214489765
1994-03-31,,,,,,,,,,,,,,,,,,,5640.730625814468
1994-04-30,,,,,,,,,,,,,,,,,,,5640.569169251649
1994-05-31,,,,,,,,,,,,,,,,,,,5638.818037406432
1994-06-30,,,,,,,,,,,,,,,,,,,5637.143965720371
1994-07-31,,,,,,,,,,,,,,,,,,,5635.243760547239
1994-08-31,,,,,,,,,,,,,,,,,,,5633.034701768073
1994-09-30,,,,,,,,,,,,,,,,,,,5630.897116852954
1994-10-31,,,,,,,,,,,,,,,,,,,5630.334777420478
1994-11-30,,,,,,,,,,,,,,,,,,,5630.744256182048
1994-12-31,,,,,,,,,,,,,,,,,,,5631.351547619136
1995-01-31,,,,,,,,,,,,,,,,,,,5634.115324895892
1995-02-28,,,,,,,,,,,,,,,,,,,5635.659961975431
1995-03-31,,,,,,,,,,,,,,,,,,,5638.761903916993
1995-04-30,,,,,,,,,,,,,,,,,,,5640.442590539856
1995-05-31,,,,,,,,,,,,,,,,,,,5640.9708056382215
1995-06-30,,,,,,,,,,,,,,,,,,,5640.800175138379
1995-07-31,,,,,,,,,,,,,,,,,,,5640.284396460675
1995-08-31,,,,,,,,,,,,,,,,,,,5639.669698806844
1995-09-30,,,,,,,,,,,,,,,,,,,5638.8136646933735
1995-10-31,,,,,,,,,,,,,,,,,,,5638.692568859052
1995-11-30,,,,,,,,,,,,,,,,,,,5639.088640997233
1995-12-31,,,,,,,,,,,,,,,,,,,5640.223655468931
1996-01-31,,,,,,,,,,,,,,,,,,,5641.596359921353
1996-02-29,,,,,,,,,,,,,,,,,,,5643.733618532926
1996-03-31,,,,,,,,,,,,,,,,,,,5645.3293574046975
1996-04-30,,,,,,,,,,,,,,,,,,,5646.276299174381
1996-05-31,,,,,,,,,,,,,,,,,,,5646.4047751148455
1996-06-30,,,,,,,,,,,,,,,,,,,5645.848341683345
1996-07-31,,,,,,,,,,,,,,,,,,,5644.941977991767
1996-08-31,,,,,,,,,,,,,,,,,,,5643.872589352549
1996-09-30,,,,,,,,,,,,,,,,,,,5642.207257813349
1996-10-31,,,,,,,,,,,,,,,,,,,5642.407311438069
1996-11-30,,,,,,,,,,,,,,,,,,,5643.094200932196
1996-12-31,,,,,,,,,,,,,,,,,,,5645.382785639663
1997-01-31,,,,,,,,,,,,,,,,,,,5648.5649587831485
1997-02-28,,,,,,,,,,,,,,,,,,,5650.474574479407
1997-03-31,,,,,,,,,,,,,,,,,,,5651.587941571428
1997-04-30,,,,,,,,,,,,,,,,,,,5652.067317351181
1997-05-31,,,,,,,,,,,,,,,,,,,5651.214235239168
1997-06-30,,,,,,,,,,,,,,,,,,,5650.3885679493105
1997-07-31,,,,,,,,,,,,,,,,,,,5649.062400535665
1997-08-31,,,,,,,,,,,,,,,,,,,5647.515017340765
1997-09-30,,,,,,,,,,,,,,,,,,,5645.668130886454
1997-10-31,,,,,,,,,,,,,,,,,,,5645.638971558822
1997-11-30,,,,,,,,,,,,,,,,,,,5646.3999309497585
1997-12-31,,,,,,,,,,,,,,,,,,,5647.19395761572
1998-01-31,,,,,,,,,,,,,,,,,,,5649.120690726542
1998-02-28,,,,,,,,,,,,,,,,,,,5652.228164495061
1998-03-31,,,,,,,,,,,,,,,,,,,5654.635318747148
1998-04-30,,,,,,,,,,,,,,,,,,,5656.02315096081
1998-05-31,,,,,,,,,,,,,,,,,,,5656.697086757121
1998-06-30,,,,,,,,,,,,,,,,,,,5656.050686625471
1998-07-31,,,,,,,,,,,,,,,,,,,5655.111002695487
1998-08-31,,,,,,,,,,,,,,,,,,,5654.124746333995
1998-09-30,,,,,,,,,,,,,,,,,,,5652.882744167368
1998-10-31,,,,,,,,,,,,,,,,,,,5652.986350776796
1998-11-30,,,,,,,,,,,,,,,,,,,5653.680297773777
1998-12-31,,,,,,,,,,,,,,,,,,,5654.577869905475
1999-01-31,,,,,,,,,,,,,,,,,,,5655.762282896155
1999-02-28,,,,,,,,,,,,,,,,,,,5657.302397108667
1999-03-31,,,,,,,,,,,,,,,,,,,5657.948615958275
1999-04-30,,,,,,,,,,,,,,,,,,,5657.932045631034
1999-05-31,,,,,,,,,,,,,,,,,,,5656.543437875401
1999-06-30,,,,,,,,,,,,,,,,,,,5655.33988785318
1999-07-31,,,,,,,,,,,,,,,,,,,5653.936295052407
1999-08-31,,,,,,,,,,,,,,,,,,,5652.227447308009
1999-09-30,,,,,,,,,,,,,,,,,,,5650.448024459399
1999-10-31,,,,,,,,,,,,,,,,,,,5650.155629499603
1999-11-30,,,,,,,,,,,,,,,,,,,5650.421011582212
1999-12-31,,,,,,,,,,,,,,,,,,,5650.604019290363
2000-01-31,,,,,,,,,,,,,,,,,,,5651.618165505136
2000-02-29,,,,,,,,,,,,,,,,,,,5653.616411406557
2000-03-31,,,,,,,,,,,,,,,,,,,5655.1472206780945
2000-04-30,,,,,,,,,,,,,,,,,,,5655.494208317931
2000-05-31,,,,,,,,,,,,,,,,,,,5654.735706744248
2000-06-30,,,,,,,,,,,,,,,,,,,5653.965682320426
2000-07-31,,,,,,,,,,,,,,,,,,,5652.639627220841
2000-08-31,,,,,,,,,,,,,,,,,,,5651.007997215976
2000-09-30,,,,,,,,,,,,,,,,,,,5649.048669242707
2000-10-31,,,,,,,,,,,,,,,,,,,5649.339885344612
2000-11-30,,,,,,,,,,,,,,,,,,,5649.376733253077
2000-12-31,,,,,,,,,,,,,,,,,,,5649.603719011166
2001-01-31,0.9939147446312158,13.683823413968817,1.8811264818115063,16.108940351424877,15.456440351467991,15.606873895864828,15.869959106163591,16.751653476161337,3.803093604181334,5.763130777209049,8.65508648184752,3.261285593618881,3.9178990743756805,15.760553426230322,5.080099106246492,,0.12168757426175998,23.92623341016,5650.451345800189
2001-02-28,3.30102794225142,18.94757078155947,3.863001774006263,20.353715489986094,17.199414023091617,18.917321125838374,20.718552324679443,20.561219595309773,3.4914511465122646,6.856339869026717,9.62979677880095,4.3347555414022905,4.720649280462608,19.297250740898882,5.806598523240966,0.9341551088400001,0.06296985778176001,25.57779405528,5651.421294929377
2001-03-31,3.806445170900832,18.812502422508725,4.19025358455453,9.507888692145464,11.756781050197441,9.646274016903547,9.015745381891115,9.776323069442464,6.028298874523007,13.831323965223625,18.202017673954067,7.389358359270276,8.669927216994985,9.981672285284391,10.824185217993191,1.0697540322,0.09813198366720001,28.06218066072,5651.9631164100165
2001-04-30,1.959142747790557,16.98807992016655,1.7006274413674707,10.405355678958967,8.846026287048998,8.959146459463698,10.005220557718227,10.435273625931316,4.924691469018857,16.438340758724113,21.208292979453585,7.866239513659929,9.299260423922547,9.553937245797472,11.947365028955804,1.3972676418,0.10337743300608,29.29663757688,5651.730711027027
2001-05-31,2.091404444025475,11.386107247762578,0.22415538070199303,0.2934325486750469,1.5563266867124697,0.6212818511581898,0.43587895836148816,0.23012960251186668,6.292865178986617,31.482353226091437,42.29876820568653,9.51439987113569,8.151635075649457,0.7267300112267986,19.548004311509946,1.55042145252,0.17461180938240006,29.414795093040002,5650.261744780242
2001-06-30,0.15215779029634507,7.225921140935581,0.0007236141689667072,1.1839376899954064,1.2203858790546003,1.2958748615131175,1.1014411857862159,1.1055424554179774,3.0812278843709247,31.548709822290608,42.296725045948854,6.766732994416205,5.401944823385148,1.200409904087335,17.81906811408235,2.113783839,0.1357357879296,25.82021728056,5648.9975210019
2001-07-31,0.051379550348549026,5.376640252941655,0.0,0.8498973719664649,0.7185858866821215,0.8054861508384333,0.7325251741532702,0.7049266532192316,5.406767079398703,32.51783366126537,42.5033342298638,4.949150368686005,2.6328445576657824,0.7766236459100725,17.601985979375932,1.05705288864,0.15166296852480002,22.333133549639996,5647.184847577099
2001-08-31,0.0,4.359638087332241,0.0,0.03358959931054562,0.4961986801125894,0.11469795278682914,0.11498706622969365,0.04563823732269412,3.488622917367367,31.096407008477584,42.039654764727125,2.7454509915119605,1.0761772454128942,0.18986832460991446,16.089262585499387,0.8549188206,0.14941212272640006,19.98522040488,5645.004876148353
2001-09-30,0.10416633697380392,3.6908095736751685,0.0,1.53134534461345,2.2200273294273196,1.3202935540105403,1.4282780083555333,1.3896981562581296,3.475616481467534,23.126530145470237,32.05847519077759,1.8546826776809384,2.326682112305192,1.624986059101711,12.5683973215403,0.9757690236,0.15790172590079998,18.910111836,5642.899364745437
2001-10-31,0.1706745614014745,3.2472123205808696,0.003804186537144535,3.4968315186786336,4.410759185949223,3.023130243026578,3.1321707926467672,3.713344422887924,2.1855990365167943,16.570603426721444,24.342450895137357,1.2876951426132752,3.3812245619193986,3.5157229350753,9.553514612581655,1.19554308912,0.163797963264,17.81897912844,5642.57206014971
2001-11-30,1.7422576914472159,14.785506397771092,0.662654668912804,20.54855853042487,20.186289447601876,17.85398444268468,19.312131390791766,21.322554218905093,2.8336974931526275,6.584524052644789,9.432763934623193,3.019834559475289,7.328611492586517,19.475240952875797,5.839886306496483,1.0616525355600002,0.155785441536,18.5663039556,5643.072920010994
2001-12-31,11.54018985510149,22.617631463230847,6.05738638046355,29.397443619395855,25.399778271596414,25.510465939979312,26.927028703436157,29.57686247430697,1.962444973374846,4.359236420781062,6.3891402315977,2.7663959002171863,3.823185805484274,26.808679133601935,3.860080666291014,0.9554042688,0.11446774170624,21.80313679716,5644.229574138605
2002-01-31,3.826092398198463,23.000064639582373,7.044934706710013,11.370573631089014,11.48000650661329,10.36416682230308,10.890734130163315,11.704150233794707,2.6563899929053876,5.478514737562733,8.065472776055444,3.260427592018075,2.933922205386391,11.026370272542175,4.4789454607856065,0.66284871588,0.1213254816768,24.88487679744,5645.2604933660205
2002-02-28,2.002075715700455,22.422777033621184,6.407828482880021,6.913389532346678,7.120060873439486,6.398191223786239,7.1728921724472015,6.913901741555588,3.812493428232033,8.361618137069526,11.820069298090509,4.829685287332396,3.97149623023094,6.901133450504902,6.559072476191081,0.9316560783600001,0.1244326275072,26.44536221328,5645.8035911868565
2002-03-31,2.546692046458478,21.355001682104326,4.849224696981359,11.72931114359695,10.84209775060486,9.455972222029512,10.550653240250346,11.539101860469819,5.314145526098523,13.180896895312662,17.8220577423664,6.622363695739392,6.678784993534194,10.644508589120418,9.923649770610234,2.29869112536,0.15323611401216,28.27838503512,5646.23875505761
2002-04-30,3.917117275007498,17.559441258412075,1.6110003154999142,4.307978809681136,4.956262440614038,4.285615096017579,4.616911166447972,4.809010918011262,4.850311456197373,17.189197010966275,22.077829881824485,7.627097164938556,8.135777230491007,4.541691878190182,11.97604254888354,3.5159928016800004,0.17050156922879997,29.84021741112,5645.782901715408
2002-05-31,1.1026170868234038,12.913919328553968,0.4655458704990568,4.0778347257767855,3.224996564862847,3.262277238111325,3.809438404527245,3.7938797906350437,6.330368752287424,25.99372685474887,33.750922911540094,8.506309465382449,8.948972392577707,3.593636733319551,16.70606007530731,1.3035354966,0.2091084678144,29.862665513640003,5644.283097251442
2002-06-30,0.4759372171464786,8.04872105392891,0.03861004651886596,0.32621714638096155,0.8606523193477056,0.4702235258798619,0.4347683285130407,0.10775002093971764,6.197141261856127,31.73614962758463,41.85685801362489,8.43010620739537,5.695569622592251,0.5229653300303925,18.78316494661065,1.70688715704,0.19880840171520006,27.082368289679998,5642.972353611367
2002-07-31,0.013963926684611766,5.689988028521212,0.0,0.26131032713991365,0.4663006085310444,0.10829162755202391,0.14111383188556978,0.07610155901169216,4.371406529802644,34.31718562325328,45.1694036038827,6.125550025198254,2.5158649163282076,0.24425409877713794,18.499882139693018,1.1832058221600001,0.22380257636352,23.1387958134,5641.233073521444
2002-08-31,0.0,4.5276811962364,0.0,0.02502556103650936,0.4712391021589826,0.04164262540237846,0.05132364379864344,0.0002584038099176471,3.275613425642717,30.103011707260574,40.472600008399624,3.1525217176783342,1.2915696376285866,0.14730773309912848,15.659063299321966,1.1219290027200002,0.1996891674624,20.6770596012,5639.099846619753
2002-09-30,0.0023273211141019608,3.7930836197468367,0.00010688224112047593,0.16573633644085864,1.0569174879584766,0.06671695477335407,0.1301390702042595,0.1258257738068502,3.154088811301948,23.44396309946354,33.12981417468126,1.8202056151451214,1.02532873743099,0.3548774623442372,12.514680087604571,1.10296794816,0.1984903474176,19.36401274032,5636.8534808322975
2002-10-31,0.0,3.2763786638283805,0.006540108111407248,0.1165042875020592,1.3780331928033849,0.1828927108934733,0.2001402131214923,0.11429583761265341,2.1178347654690133,15.55829056186052,22.727892210969912,1.089551492933227,0.6850178789564738,0.4693926010801024,8.435717382037828,1.50247608492,0.1725566893056,18.16111440996,5636.413804361111
2002-11-30,0.8055804836723454,9.704939502960645,0.8725159302222703,16.77588170254138,14.23247415028481,13.514889284288067,15.026675676803087,16.35643807629919,2.4885532328321514,8.472858200354038,12.959920244611569,2.57280843273205,7.092278457723081,14.887480203479337,6.717283713650578,1.3508493224399998,0.16061742028800002,18.49473497904,5636.763795704212
2002-12-31,14.28371339566783,22.879666626422267,2.94490404786745,38.29521083336288,32.082396309437854,35.141984269245,35.34595938170959,39.438258561185464,2.28670715936768,4.301474406354402,6.30729136070908,2.504057462627943,4.488178286012938,35.21638769843884,3.977541735014409,1.04331068796,0.2045089133568,22.033909803839997,5638.09418288809
2003-01-31,5.434239021738668,22.91157007658968,4.51502359385841,9.531191630993243,8.399983172022381,8.57180556983177,9.25267405198373,10.120113615341447,3.0004542301007313,5.9445872059823195,8.578039813709312,3.33598235238313,3.8628051270419075,8.93891360620778,4.94437374584348,0.78311548284,0.0708649440768,24.9950166936,5639.075233448662
2003-02-28,1.843543036213208,23.20207752365558,3.0544311908902126,8.82655231119345,10.88122729019131,8.943012042518315,9.445073190242956,9.07278263201569,4.164772212472169,7.616712746471609,10.678511458476557,4.82199285133251,4.520651976131766,9.523966208536507,6.360528248976922,0.9203857716,0.06466043870207999,26.13776930568,5639.909945625365
2003-03-31,2.891636016280596,21.840336564837195,2.754901579030686,11.922905291900735,11.197772286898399,10.833278682943192,10.756084522163237,12.153548056650417,5.855880436184246,13.423718745599919,17.938574222803897,6.982988672222661,8.349466512672329,11.177510195976389,10.51012571789661,2.46515665224,0.21091648416768,28.76329562664,5640.222907174417
2003-04-30,7.146099146515075,21.715156424009294,2.431777803270652,20.506252731201624,14.9576397285521,19.234180128390296,19.601941483265062,19.659211974553475,4.909248038485132,13.322993131023486,16.904246019514623,6.9328724912680775,9.66435640867017,18.57500351785227,10.346743217792298,4.5594367054800005,0.209548850688,31.005255306359995,5640.521679595739
2003-05-31,3.2452410877711055,16.03605184779365,1.6386564254978262,6.334655125307123,4.781026293599522,5.331362083741198,5.975945393201986,6.642822833123771,7.4848494683678135,24.666514019188018,31.68050497039273,9.532190439538327,11.200104392629711,5.6057472239624575,16.91283265802332,2.6343999760799997,0.2241548826624,32.921239526040004,5639.5714232185255
2003-06-30,0.7998882786203609,9.594470161578668,0.1557606004249542,0.09030884422811611,0.7757490540437882,0.1791895142313558,0.20762850167481162,0.027780555999277798,6.6212248303905135,31.0790157867763,40.420112347254495,9.209531943133932,7.06244564399847,0.31321897854451797,18.87846611031074,1.8541486338,0.1930100272128,32.035841414640004,5638.449243477131
2003-07-31,0.0563133632793098,6.442044799598432,0.0050802812500968415,0.7289958539540649,0.7456912570699458,0.726058888482094,0.746786147503518,0.6792963335445645,3.9836032882820525,34.919737024228844,46.19048230067787,7.003841515439761,3.9471149427840513,0.7368830367524057,19.208955814282515,1.8356772708000002,0.21740234526720004,27.658967150040002,5637.021690700778
2003-08-31,0.20774238972586664,4.989467598838765,0.0,2.8173800783943235,1.327512837136358,2.388293343091373,2.4871465319692385,2.500550726491086,4.6096326053149115,28.472888604800946,37.66296570794205,4.298523642380609,4.91787165916903,2.2550831976478234,15.992376443921511,3.3745706192400005,0.2530733580288,24.75204086928,5635.235637656342
2003-09-30,0.01731513431541961,4.106379379613214,4.95974496758055e-06,0.5404841519167937,1.4022222559149289,0.5631528861915716,0.48226195758407714,0.5569229528591134,3.479601204007957,24.282434759699886,34.08964838335473,2.783287528837892,1.3519640431804743,0.7470303129018427,13.197387183816186,1.7708332272,0.20355475046399998,23.62099644936,5633.324798595732
2003-10-31,0.0004794112120470589,3.507339342948794,0.00031727274207700657,0.16303652044701983,1.492985968782712,0.3412773695377706,0.2564399428831238,0.30395059715926476,1.9930087481504626,17.823060540167383,26.473181868703268,1.2250542808403677,0.9396049434085899,0.5634349504126566,9.690782076254013,1.81517559972,0.0,22.51388030796,5633.089456531608
2003-11-30,0.5345434035902745,8.004655226679619,0.6716022246156818,10.205062251925238,10.866447817727664,9.395097558373717,9.591669857175951,10.68470903660195,2.6859973340637864,6.724483034160369,9.890766868266175,2.001087705814862,4.942705750606708,10.014569371300642,5.24900813858238,1.56977968764,0.0,22.39808613948,5633.309430055541
2003-12-31,8.639689061492454,20.80155339388647,2.2349998456398685,30.99691898999966,24.934816364884327,26.210304772065733,28.506768574422324,31.646965593239774,2.1553334877449037,4.653525687023806,6.914304176936699,2.848632628207837,4.134988720308305,27.662202175343012,4.141356940044311,1.17924018396,0.0,24.064760615039997,5634.479666853269
2004-01-31,3.7411872211024315,21.60667564179657,5.8380371381293665,11.375766094677783,10.583096925448784,10.328684218555374,10.73372733037126,11.845642187680411,2.910768588726112,5.164236241799804,7.440294978402631,2.936055174844564,3.07741261722604,10.7553186422633,4.305753520199831,0.8696737083600001,0.0,25.79749657896,5635.432828738519
2004-02-29,12.111860726201726,23.467870386163554,5.611713040555447,26.039377570007403,23.172523353638464,25.127455663576065,27.11439459476424,27.262807324905467,3.636248327677592,6.870635472946444,9.537723676426323,4.870162941027917,4.871981007172066,25.363437795496544,5.957350285050068,0.9423047112,0.0,28.221929889000002,5636.961465168711
2004-03-31,5.760137406953914,20.56120584751506,4.227173059345155,4.5957177169961385,5.526554346863767,4.096702009028602,4.122972486264469,4.900348535704782,6.100180488176742,16.099059616426857,21.686417208019144,8.147253196296166,8.718102804074416,4.585486639788245,12.150202662598664,2.2489670796,0.0,30.2100714552,5637.772663181146
2004-04-30,0.8153003663440314,15.402222697301735,1.0094659508139894,2.481003073909436,3.3300234182991297,2.9454884323453427,2.6843211790526573,2.6798042030210665,6.111197634683685,21.011289362701888,28.069215182102617,8.110295377802775,7.602235691899484,2.8602090259016415,14.180846649838088,3.1116555907200003,0.0,30.650515092720003,5637.652082639775
2004-05-31,0.8170958881129413,10.746912100795733,0.13758269707999443,2.1717707409292535,2.8380139811363785,2.38758535494515,2.5818512554578272,2.2769011676443203,4.744064276623763,26.839980254777895,35.02098890765866,7.4149235119011365,7.024657602468844,2.4948053331171525,16.208922910686063,5.21741194188,0.0,29.774265702479997,5636.004100807422
2004-06-30,0.3421091992435452,7.089158972770988,0.008158369263087202,0.3820033223181465,1.0887541292248768,0.5782272719119816,0.4966421736586729,0.2667278071174951,6.451388863057118,31.196399405177356,40.957199068819904,7.6962610680876615,4.317721113227747,0.6364067242784195,18.12379390367396,4.91411771208,0.0,26.46091022868,5634.750671911966
2004-07-31,0.01887311965967059,5.274147698396461,0.0,0.2778604351701666,0.495783166382473,0.2832418789020487,0.2152743104205677,0.03204211274149902,4.970139940427094,33.212684400156796,43.42610497334549,5.7819899242752895,2.0037569355117433,0.318039947718814,17.878935234743285,1.8792487183200002,0.0,22.55265968568,5632.887841315643
2004-08-31,0.02292491731024314,4.287094286827521,0.0,0.32535788732832877,0.7678584346626987,0.4320092004329525,0.34870753543144756,0.23586542060100296,3.7792197776175187,29.996319341543987,40.312764493231015,3.079945112132266,1.44637333203707,0.46848326446385685,15.722924411312372,1.091136408,0.0,20.08048823268,5630.5456318155075
2004-09-30,0.019285584566713726,3.63358985047542,0.0019121373084840779,0.6953857066124797,1.2996435037189997,0.638800442062858,0.4786122685080925,0.6281580213706469,3.3613644375895344,23.283445678335273,32.91160911603527,1.7971628550672374,1.3547221527539957,0.7781104802256076,12.541660847956262,1.1893349842799998,0.007462043136,19.08548925588,5628.188894161925
2004-10-31,0.9010492223367528,8.128278558677033,0.48254555138591015,17.021384016815468,13.767612052878484,16.691417224559178,16.31820515905627,17.27419969367115,3.7908582083624163,13.277744261550119,18.947770882667843,1.9707784260806798,10.955596882279005,15.949654613327349,9.788549732188011,1.61756593632,0.1900007442432,18.89115694884,5628.610987794591
2004-11-30,0.9370495198589491,11.257994372809588,1.409389370138227,7.270294506367516,8.137038108653512,6.610905615209948,7.420296602037645,7.666354867186096,2.362415754292204,6.60418891166274,9.64181998120646,3.1641052483209737,4.7481494699281095,7.359633708067155,5.304135873082098,1.4149458771599999,0.14659122576384,19.35322595772,5628.871845918391
2004-12-31,7.763727447823058,21.406613190312264,2.197315401363307,22.415888615778712,20.550808853012423,23.69766048744401,22.28962142342248,20.143891974259223,2.538240986736842,5.568122775980474,8.578012211577905,2.761282870803007,3.84724659403234,22.238494844914406,4.658581087826114,1.1146724398799999,0.21953086248960005,20.87530697376,5629.892626462391
2005-01-31,10.19512355605484,24.865359370584148,7.0669555964583655,25.127861298237757,20.592413585850448,21.893511609883728,23.52032656408288,24.740117520309635,2.9678317174378415,4.611191447280376,6.453620837803671,3.1216604686676637,2.8385369081868053,22.783528264513702,3.9985682758752716,0.9816650579999999,0.08173016819711999,24.795016545960003,5631.527187804742
2005-02-28,6.854360324489537,25.365638298175853,6.4528135742615085,13.264224272922068,14.654963981256541,14.038111485799757,14.584340415474172,14.556937107332892,4.612709402018837,6.921618725079198,9.28749125906923,5.042205158597596,4.866717315919713,14.135410038863135,6.146148372136915,0.9262139645999999,0.11515767487488,26.67902279664,5633.162218882979
2005-03-31,8.668223802950275,24.536225174641242,5.605025906897582,19.244988209226758,17.609259447220452,16.57164950165876,18.21684349678926,19.921424100869565,6.576184320066261,12.630912274971285,16.77520119890193,7.307752482236716,9.575385323690265,17.91068516372381,10.573087119973291,1.40755239804,0.10084033833983999,29.813554507440003,5635.044714943802
2005-04-30,3.15225568642309,21.340851204135753,4.815798797355904,8.16433463256718,7.803687220244634,8.126662646484618,8.366980956060582,8.555991337599176,5.56468652237041,16.531241030354618,21.283063702507572,9.416991904916546,10.277081968705858,8.115416363839254,12.614613025771002,2.93287746648,0.18162857650176004,31.297405044359998,5636.211214511866
2005-05-31,5.3726647858276415,17.45956596304113,2.8964008328124295,14.990191251998311,9.77029445996193,13.021029895142075,14.669727647671841,16.590497658508838,8.551865362249286,22.413775424767653,28.299974377869844,10.180360130114646,12.625696759085578,13.11281081369354,16.4143344108174,1.9116658062,0.14606031974400002,35.49338576652,5637.036551612264
2005-06-30,1.2357061432781806,11.719846937316893,0.7251475497388961,3.360726365023908,1.6092567705210545,3.553688639169566,3.5162676827012094,3.327895197126913,7.691441183254086,26.882458556953807,34.69266807965735,9.030503763099526,8.893210599466968,3.0099848643539344,17.43805643648635,2.95550689056,0.1726790178816,35.80567823292,5636.773976703776
2005-07-31,0.06439115181276864,7.301114086618454,0.05398260232786006,0.14033271201399028,0.36752648180385006,0.1779905214700609,0.12673277389984527,0.0046432871835686285,4.574629011219879,34.52783938038233,45.18542479452232,8.310431625641801,4.6622106949166175,0.2031456222969366,19.45210710133659,2.2300578312,0.23937255751680006,32.8553494914,5635.858063267422
2005-08-31,0.020467878285552948,5.469625331178719,0.0,0.33158461998316624,0.6100158700711104,0.3196071212811695,0.3263513390820284,0.21196618615267554,4.011012994172889,31.29401930504041,42.431750207312135,5.056327463849585,2.318321231504163,0.39688973760436863,17.022286240375834,3.9265738883999997,0.18894871848960004,29.4295869852,5634.711421349375
2005-09-30,0.05172855633317647,4.436929182957729,0.00014792617294328132,1.1726513367827942,1.6926464751213517,1.108099829018124,1.062099412688531,1.2000290902525625,4.11934671523318,21.63757940651487,29.96675763285368,2.645027860578113,2.166739122484806,1.2588742634027001,12.107090147532931,2.44041057648,0.17811040665600006,27.77967303588,5633.337415591075
2005-10-31,0.14649492824947447,3.788390045335392,0.00545626578047429,2.862740072328388,3.244537117621688,3.143159340781756,2.8468845715561226,3.117789513595383,2.7228134479317845,14.696421728914354,21.175601188955707,2.0185041674793367,3.3713849760169667,3.0243302755719887,8.79694510185963,1.63013139708,0.1946736958464,26.70891988488,5633.588927530644
2005-11-30,0.5545782065352783,7.1600962559377574,0.25853282550160595,9.689907231196019,9.666844150809917,10.415490319695918,9.869265725614767,11.505462348263165,2.6735696375695563,8.33169603675378,12.664792737655983,2.4253978505467453,4.523835353595183,9.910376856829155,6.123858323224249,1.4158820884799999,0.1702324463616,26.608277784720002,5633.856622915021
2005-12-31,13.909564441294812,21.681636669042852,2.11798420430616,40.02794908832528,37.85786143460034,37.59912125051521,39.97917588178359,42.95822887881091,1.968469606685114,5.1857890935006745,7.805373100578886,2.758623580049594,4.096104123877498,38.86602691380611,4.362871900938353,1.3977116946,0.15558726924288002,31.220173161119998,5635.297177118509
2006-01-31,10.415922434357208,23.89434941755674,5.968937319433792,24.608125640170943,19.9072417876854,21.935633489794597,22.410026413140404,23.318210929030624,2.649772566831988,5.47521814054819,7.987749765515957,3.515506622669137,4.442096449886569,22.215256832697836,4.814068709090368,1.10897992968,0.20277429414912002,30.572968672080002,5637.2180489476295
2006-02-28,3.771592033914479,23.48473468788696,5.199273944757352,12.241454101030024,10.738751438331297,11.805019651863683,13.584462402866958,13.625888087483544,3.6639479708872784,8.613239408068202,12.385715887159046,4.645797230838174,4.827865301701572,12.09242189852299,6.8273131597308545,1.04154187764,0.17926029527040002,31.66363142376,5638.4653744527095
2006-03-31,11.172781552230402,24.082350037446975,7.689344693244963,27.699961181809574,24.780934537391797,26.158464232645162,27.695429904471382,30.16498482998066,4.093922894127989,9.066376031079143,11.82371041620519,5.995184974695719,6.832028357505908,26.583697464079478,7.562244534722789,3.6550244998800006,0.1918601385984,32.57513860632,5640.324920212445
2006-04-30,18.297855675604836,24.0527848606973,8.039455565046424,26.10968208001877,19.255075266094767,22.454590306028354,24.92632330079458,25.20265401837661,5.755754051569143,14.623791046258539,18.34854298199836,8.807774262567449,12.166916529369251,23.186417738234116,11.940555774352548,11.003220102119998,0.14417645967360002,34.324575889440005,5642.363813945415
2006-05-31,3.960812885393568,16.328133570661603,2.4510514588251335,4.0079002197383105,3.5712117663560257,4.003195280900798,3.990284262123517,4.113196129655485,8.107511451866454,26.10981819483575,33.664368831646144,11.036061310485776,12.07339577359541,3.8931478822796626,18.198231112485907,3.78529232268,0.195481064448,36.75442664364,5642.722504867859
2006-06-30,0.6331418729973962,9.820160348146752,0.27652673091424357,0.5918342012131035,1.1609691169779206,0.8573471853713416,0.72052143601943,0.4501151375530687,6.720367940661409,30.962020943999473,40.55025345943967,10.495350695566916,7.48233194264536,0.8326679848954489,19.242064996462567,8.622091807919999,0.206245979136,36.42890017032,5642.214494365264
2006-07-31,0.016291247798713725,6.61103013532612,0.010573690574306576,0.4704349429614658,0.48846612790423594,0.32864082665192723,0.33074042616627514,0.2530999565352784,4.218976704200381,34.7779347349453,46.00977512776064,8.258391156650113,3.3613418932689827,0.40457058092097603,19.325283923365085,13.108745792519999,0.2492077750272,33.25751701104,5641.089985515105
2006-08-31,0.0,5.116814164897632,0.0,0.1140673391022042,0.5409387306433148,0.22955483746863842,0.14709281699934712,0.07676263636765672,4.367219282009148,29.65565708051088,39.75136967523064,4.670813735184382,1.5735564687785668,0.2579134310533761,16.003723248342723,6.24191576028,0.2245463341056,29.81460666588,5639.796112083363
2006-09-30,0.007758123911529412,4.211051918947591,0.00015698505728160923,0.06426622347639242,0.977054705079049,0.07076688011524276,0.035850840588708424,0.052792319020275494,3.7781460534276023,23.658120849300182,33.40571003728678,2.468747402342336,1.0728899180853209,0.28698466231484815,12.876722852088443,2.78226709152,0.19986042746879998,28.030498726919998,5638.296177314003
2006-10-31,0.06817251728363921,3.5958833686291074,0.0024545779486097054,1.564517166148798,2.366772083308758,1.7148070673779185,1.660711447010967,1.865715390707287,2.4568489159784406,14.401736016452036,20.90706918783367,2.0115850739812076,1.9776824811604328,1.8267019409616105,8.350984335081158,1.56415501884,0.1907347156992,27.08671013928,5637.830233117877
2006-11-30,0.44465181932523923,6.354096311521682,0.3066317663399564,8.847256723243603,10.358246042890121,9.343686140274519,8.826336661081093,9.793481251809592,2.3705142176322265,7.503569343451398,11.09895839291747,2.2849468443386654,4.482734860177168,9.343881391872335,5.5481447317033865,1.52593440756,0.13666793167872002,27.04457076204,5638.106740516101
2006-12-31,0.788799877505506,12.384785136633175,0.9441475589076823,15.549270683208805,14.982306779823636,14.581671257532744,15.3325846015373,16.596995454698835,2.0800840895235013,6.105827394745143,9.551481050540808,2.960354430648324,3.6214191070392725,15.11145833052562,4.86383321449941,1.39588367724,0.13649422510080006,28.035448682159995,5638.86952153029
2007-01-31,0.11666057747275295,12.018163027069292,1.3443555254786699,2.988688720029641,3.868403810416671,3.7504985281080585,3.6089667186264482,3.4219760364947938,2.254812542006212,7.297330549251772,11.333166802177377,2.965690951992323,1.9286210146119283,3.554139444295205,5.155924372007922,0.93163757616,0.1870648584192,27.91395706956,5639.592451160197
2007-02-28,3.489240287268141,16.91134037613106,1.5492809728803738,22.183003253816324,19.99220004999484,19.9663243350771,23.649900329517692,23.673829863504924,3.4770579132576627,6.997023227167158,9.812169534313954,3.787350407400329,4.522017476872634,21.44785699210149,5.7191237118023475,0.94189396236,0.1898294842368,29.439106983840002,5640.413577519959
2007-03-31,2.1451437677909335,14.95304056752851,1.7214703050911626,3.334350117826216,5.062228548169199,3.0303402481126396,3.138028896128305,3.8202190105263165,5.293869385089908,15.595897737699948,21.197023752769127,6.882078494504078,6.142304601581527,3.6412369525590895,11.022234794328918,1.33633002936,0.2768540332032,30.446989659240003,5640.381122231709
2007-04-30,1.0694786482657885,13.27721389286139,0.42953507788980094,6.21509834490565,7.077369047042074,6.484557145491364,6.828057875148136,6.934836883377809,4.630487902882636,18.92864070767502,25.141202767958806,7.269962961653197,7.9827311799416485,6.6512706031468065,12.790605104022262,1.09544988756,0.2735022302208,30.482056262159997,5639.936199550041
2007-05-31,0.3762659232185725,9.319982071895138,0.08003039185458383,1.8324667246827389,2.2312605052228536,1.9629039804264887,1.9358290310752737,1.9982100313731144,6.310197674246225,28.08269476789636,36.9537661573861,7.8102706456877895,6.219688654199868,1.9906150603518387,17.075323579883268,1.65599870616,0.24984388362240004,29.01278052492,5638.081124279302
2007-06-30,0.09848134433129412,6.246807822666894,0.000910255417753452,0.6987538884793323,1.1377747817596306,0.7643298658326119,0.7952043217156368,0.7637361714576864,5.708681410068883,31.61909637214371,42.10330457186596,6.623922796051199,3.8635847821882234,0.8490157144468029,17.983717986463596,1.47068560488,0.1866000098304,25.36802474604,5636.560125848902
2007-07-31,0.052439507823435295,4.715566674489424,0.0,0.8252666333714591,0.5698130450657061,0.6903603003024401,0.8051379391290768,0.8099447623973391,4.291179956898233,33.94085533766432,44.87906119712327,4.642067954997341,2.3073387801929286,0.7226444794671705,18.01210064537522,1.1089108548,0.27262146447360003,21.805613625,5634.519868356208
2007-08-31,0.03427074312633726,3.869875495629604,0.0,0.38641151048179584,0.5536402602575506,0.3756987128227548,0.30937994169257305,0.26054940187081577,3.9220980040503224,31.74847381896996,43.42601100928427,2.463807978197113,1.6503320988463188,0.40628260631366864,16.642144581869594,0.8335080747600001,0.2651594213376,19.41124268952,5632.106038143196
2007-09-30,0.10552958753530979,3.307624891646193,0.004089429625961416,1.7771912050088956,2.035208857058698,1.8070410512113362,1.8273531713657263,1.985828421156589,4.070816543535185,21.546481092682352,29.854317552120705,1.527699203051463,2.561613796287749,1.8616985711611642,11.91218563753549,0.97104972912,0.2204605596672,18.29119351032,5629.918288847201
2007-10-31,0.37885258618277645,3.424715444974131,0.011677165320029518,6.948439001109189,5.556073102379801,7.3144918339859455,6.475157199666554,6.924824599842477,2.536643434315294,13.3773941044763,19.161871261531257,1.904231934515034,6.102453348071705,6.5735402842853725,8.616518816581918,1.5143372286,0.0,17.873331191160002,5629.413988126959
2007-11-30,0.15592519411752156,3.286717337437366,0.05182285454164503,2.475309155141355,4.15371697257464,2.805622164381104,2.669507922629365,2.753743355139873,2.431202701023674,8.431682345526731,12.710067239021365,2.0552763950979647,2.508488187178366,3.0260390536816155,5.62734337356962,1.36015716252,0.0,17.7702097962,5629.31906279929
2007-12-31,0.5845902723312941,9.722762643455601,1.5199626117369938,14.674960285529794,12.842423806214653,14.61003531478589,14.961309908719043,15.321183200927297,1.7774360760504724,5.590628883514307,8.61722752681494,1.8216077023718342,3.2658443855446344,14.272182328812345,4.214548914859238,1.15869287412,0.0,18.29179421508,5629.761840052758
2008-01-31,5.825598300810542,20.0759118329599,6.108164710409277,30.872983496760238,27.082837355059873,28.070160837511967,27.39819271103333,32.57720518765249,2.3971915517879716,5.742040166087353,8.62703489065186,3.5441563571283985,3.6447909191772365,28.35604360009135,4.791042776966563,0.82976692992,0.0,20.40259056552,5630.986781791322
2008-02-29,3.651022594164455,21.27531080264805,8.55455954757728,16.489772071925625,11.8107243329402,9.693181832368477,11.313363363295112,16.700786352514083,3.7798788330813244,8.06829333093676,11.268388272885522,4.344231081146584,4.620672804426692,12.326760400132354,6.416292864495377,0.7558876453200001,0.0,22.6032002952,5631.980610376377
2008-03-31,1.9663780699477338,18.625320900435327,5.23650426988221,2.196735347345034,4.470763908671678,4.796429039367265,5.245977807155255,2.4018088515371,3.6577745944612143,14.128686039378772,19.20848921252917,6.497157602868059,5.51511688725203,4.177476525634808,9.801444867297848,0.94903457808,0.0,23.63084702064,5632.095469986239
2008-04-30,2.377878359658416,14.780415004594499,2.296054229426538,0.8892469829435262,2.40643132783965,2.867754588769299,3.5310788228894108,1.0012779153669367,5.552618955155978,19.711839590418485,26.448986909557867,6.9297041140564755,6.811156845597316,2.4236279306104715,13.090861282957224,1.9096132954799998,0.0,23.95061190888,5631.47039787316
2008-05-31,1.8850530236295528,10.867747003724903,0.6145702533312436,3.0370956038318986,3.0040231932172667,3.2989330409541187,2.9810577201139203,3.0578212282614206,4.510779734254934,27.015464390818774,35.66029878127059,6.777764307942306,7.149549667764505,3.080277389529301,16.222771376410222,2.0032874671200003,0.0,24.565366006079998,5629.806476950547
2008-06-30,0.543225768281349,7.1082495637138585,0.06490217816810372,0.054097890235673914,0.8274393577542605,0.6813881896980319,0.6744780891003442,0.07518675113873433,4.387255423524944,32.64354146331778,43.85982723846343,7.267136534711018,4.428761158960791,0.5593508816970776,18.517304363795592,1.13180794404,0.0,22.0832884752,5628.207691735334
2008-07-31,0.013963926684611766,5.263707884759643,0.0,0.2189316177180173,0.36498423521474194,0.6625972466423413,0.5734146207212422,0.17622750299372547,3.556375690180568,34.689654256088254,46.01681860904888,4.855536300566451,1.9153729177696384,0.4549819300740857,18.20675155473076,0.8530402305600001,0.0,18.7163197932,5625.973559638173
2008-08-31,0.0,4.288128519781597,0.0,0.13195598232569763,0.4885905696432812,0.6129849494866262,0.6359860270784761,0.04352076448661241,3.379376178775141,31.70478021244747,43.43304966176956,2.627735191697562,1.1011910218121541,0.46737938213352026,16.44922645330038,0.7896516933600001,0.0,16.21470270564,5623.344646080188
2008-09-30,0.0,3.6388510239137637,2.5888676185399154e-05,0.1448834549873918,0.9376377553553237,0.7647325878927258,0.6013488930163554,0.01905704003963994,2.469308190016853,24.391932350818152,34.60595496655062,1.3076705293919115,0.7011418222728535,0.6121506728129492,12.695201571810077,0.8992550257200002,0.0,14.90705972064,5620.9137443033
2008-10-31,0.16186800882547447,3.199900696202541,0.00015718853434583069,3.9091313183481398,4.71756483936544,3.96510536786169,4.456649788781219,4.386857706067745,2.9435340896400564,15.72434835728862,23.398993181145272,1.502411345353724,3.2089691735445594,4.262112828589123,9.355651229394445,1.01906910552,0.0,14.104531729560001,5620.351422838034
2008-11-30,0.5753226776977569,6.867990314940136,0.2717713983043327,11.032369184262855,11.289445819194482,10.968742137700348,11.75701272314598,11.420285608579528,2.129063082917246,7.620685978863171,11.328159444646188,2.825932814070881,6.342671844208642,11.261892466075917,6.049302632941226,0.88298419104,0.0,14.521646559839999,5620.445585784264
2008-12-31,0.44344962711792946,10.96697849958842,1.2616141401077037,12.798140401093935,9.153373913573375,9.713024657027779,10.535680205608536,14.146015076660495,2.3658512394083395,4.857048500581229,7.3786602123667535,1.6526552610092162,3.001256301296138,10.550054794325906,3.851094302932335,0.80315706588,0.0,14.630898350399999,5620.888942598116
2009-01-31,0.4431046745710432,12.322386259247185,2.604167838074442,8.362717602104876,6.238615150813667,8.396319210836834,9.784355058029151,8.230929099688948,3.1582594234918147,7.2105736614266664,11.05876142207378,3.176721933164498,3.2227239036165027,8.195501755446132,5.565408068754652,0.61453947168,0.0,15.806377653839998,5621.395110327298
2009-02-28,4.1757676579016785,18.910066528236726,3.425670050625549,23.39205893222399,21.866452403360213,18.229023673505186,19.69903389230615,24.366369132114542,3.9672960819493155,7.120892492548624,9.988089753674236,4.2316216386393375,5.129202739910778,20.796642225348883,6.087420541344458,0.7499533730399999,0.0,18.480775685879998,5622.314345137715
2009-03-31,2.8266307972798743,18.306817656111583,3.2523705047932294,12.749796976102678,11.365189698260172,10.525444624385505,11.150776534061697,12.214293623888702,5.4510816476172055,13.373229002187605,18.07121098535565,6.234524086157406,6.791793579987024,11.447801958202513,9.984367860260978,0.7006376091600001,0.0,22.84456889508,5622.373605041405
2009-04-30,2.2687780610288946,14.998432851419057,1.5351195381472222,3.7622454231694937,4.838918985288596,4.540367506953418,5.139268980001793,3.824878624330226,4.55930554109189,19.203400005447115,25.507931053976566,7.309800722260049,7.510722125640484,4.570200223853325,12.818231889683222,0.7289188386,0.0,24.28729027488,5621.683849986339
2009-05-31,1.7345380176875924,11.55584649572513,0.3411296648336965,7.900929028076379,6.476122018512729,5.8921855633323235,6.215212156409797,7.224551238884544,6.634165722167418,27.843391628671753,36.63199510765284,8.362458236629756,9.001982203514075,6.6211121915828075,17.694798579727166,1.53405563988,0.0,26.85164832264,5620.381687633297
2009-06-30,0.31328715132285495,7.965290114624253,0.015282166613176053,3.747156506762578,2.4927916425132475,3.7726244794220714,3.577291482837843,4.184595670295912,6.680147301079242,27.211418998531663,34.94559775366993,6.838763218699469,6.515363663267239,3.397466027883935,16.43825818704951,1.87780554672,0.0,24.67041903072,5618.725311784449
2009-07-31,0.011636605570509806,5.5124298075376945,0.0,0.16175625113581066,0.39356642285971594,0.330310661351159,0.3557747699495121,0.07462026853254118,4.112692952298115,34.74303364464304,46.109656502990745,5.963817634488908,2.5917374772416757,0.31035202632404946,18.704187642332496,1.08571773036,0.0,21.45173808084,5616.417558403147
2009-08-31,0.015166793398713727,4.363083626412876,0.0,0.510905589304509,0.7305255095455523,0.6565646166763603,0.5925813832076072,0.46321249983806967,3.5823736878963466,30.594244624972966,41.66354808846793,3.3639963171825222,1.5503076546672443,0.6226442746835072,16.1508940746374,1.37386605924,0.0,19.026774374400002,5613.816518182827
2009-09-30,0.0,3.6548162644702877,0.0,0.4164324066090274,1.0443834499146094,1.0690955534425666,1.1222157798993524,0.45703670502667787,3.0488642662239385,24.487036217901398,34.71537186259913,1.8920896916907153,1.1386735098807717,0.913031797466389,13.05640710965919,0.9534097316399999,0.005724977356800001,17.750112706560003,5611.502196181335
2009-10-31,0.5036548141096158,4.2560983649099295,0.05428275530154314,12.113216888763542,7.9405287568259935,9.600837911714036,9.382566205560376,12.059193219615324,2.9042144755752157,13.961224205939958,20.11363797529225,2.0473148929387643,7.952819076660606,9.759287440715987,9.395842125281359,1.48137987648,0.17952941813759998,17.3387939988,5611.510827122014
2009-11-30,0.2018305626071843,4.346941788859935,0.22262560692851288,3.980966359956842,5.199524791472261,5.598139711719082,6.18356102932071,4.507417590048726,2.679744642869208,8.291616685663287,12.523604062469484,2.1648198327464527,2.916977971801952,5.2405479731172235,5.715352639110077,1.20452035656,0.16213429463040002,16.85080340772,5611.503709588244
2009-12-31,0.6279238749525333,10.840370351901917,1.7701284164969386,16.165073524657874,14.029400000813233,12.69306431140599,13.320745211293087,16.277441565458385,2.175307663151988,4.729344983795711,7.105678684298063,2.0358531259853216,2.970511247453164,14.052070762042547,3.80333914093685,0.88497749472,0.09392632722432,17.53445723076,5612.065448057094
2010-01-31,7.396033914394104,21.225919291542183,4.098838143521498,27.672850937319478,24.259136001345354,20.79300326323898,21.61624107521909,27.940678176134842,2.5598819477889507,4.923011723673612,7.013473336963935,3.1738910067722657,4.292009488220562,23.585307819280725,4.392453500683865,0.8089346862000001,0.07129064752127999,20.51328799464,5613.6068085040715
2010-02-28,5.465908099630181,22.37685115820434,6.310714783429323,16.844789027727526,16.529856867260065,14.335960297172132,16.559548096685283,17.482082681405615,3.833423217221873,6.527897422746226,8.636393156000207,4.027962280506887,5.001254761310971,16.067538572211255,5.605386167557233,0.6933637776,0.054502273751040005,23.216468049,5615.103403600572
2010-03-31,2.474777172630588,20.858397192925665,6.062430593054991,9.90330525886026,10.632541222318189,9.168189526330192,9.207043344067223,10.875055961096285,5.351836274667519,12.734902376778686,16.984102978915722,6.9686475199936515,7.239659607121117,9.727769837893966,9.855829751495339,0.84293679588,0.057514003292160006,26.041375310640003,5615.903325746814
2010-04-30,6.560172357941209,20.631648511979122,4.472736121473142,18.003077118739313,15.328541647038456,13.909050177769146,13.938871200274136,18.486402223785692,5.060531645558464,14.80656151286371,18.86349361700288,8.171180335794709,10.561266624662995,15.294885035955263,11.492606747176552,2.27402029188,0.09718271391744,28.762035010079998,5616.687266788165
2010-05-31,2.7088710553318904,16.08680703771066,2.0183259980827177,6.48219874963503,4.422129525009027,4.865731776500845,4.601429685067527,6.235521129899342,6.991917604278917,21.481333097846463,27.56933255471516,8.341413135376692,9.535846476611267,5.092872434053107,14.783968573765701,2.2516930704,0.118536390144,30.043224783000003,5616.163581981505
2010-06-30,1.7958503484797497,10.310213055875916,0.45102523027288255,1.0061250957356977,1.174921993634973,1.3281159936875786,0.9100531852956114,1.0624348408239377,7.586354682748688,28.970369137257496,37.63295084908786,8.9281257428611,7.743520889125145,1.1048040670884651,18.17226426021606,1.6146536900400001,0.1609354745856,31.756297842240006,5615.226619746098
2010-07-31,0.0263766928243451,6.677566893929815,0.01747640845253884,0.16358643130460787,0.43229888570863595,1.0458810288717442,0.25462455006427187,0.07081081057824541,5.744007970579076,33.34777904862459,43.34857144834412,7.581964712658314,3.8207523002833823,0.474097723987315,18.768615096097896,1.7736702312,0.2133899679744,28.465438576679997,5613.80606170593
2010-08-31,0.007057533891764706,5.105576477713669,0.0,0.3041779646867191,0.6431054518466881,0.682545829060872,0.47243551591575944,0.32434854896989296,4.670875422855328,29.45014308235264,39.552213965488974,4.350958443441278,1.845428056491671,0.5255661903775096,15.973923794125977,1.6743775581600002,0.2365590002688,25.07745386244,5612.342266988366
2010-09-30,0.05086689488815686,4.187397275068537,0.00020669819293373196,0.6816231778104015,1.2263521723436357,1.0386275710417614,0.832419860194811,0.7833211899740993,4.00079063385068,22.637065907185246,31.522868421344903,2.6170358831500997,1.6920377095935,0.9447556953476524,12.493959711024885,1.6960855726800002,0.2263567970304,23.18603933088,5610.720157085117
2010-10-31,0.5817239165690979,5.354080548157642,0.047397655825942936,14.802315380049908,11.40561309715853,10.93435598707855,10.73454954224232,15.000706682445077,2.862624449562905,13.351245017411802,18.909256808323033,2.236601652054149,8.6025565855222,11.969208501632327,9.192456902574817,1.4419405869600002,0.19376846438400006,22.97555830368,5611.067418496196
2010-11-30,0.9865704287653648,10.202315399920138,1.4782536830668844,14.093754357697778,14.18291559783674,12.304080249316574,11.879980482548827,15.305015860580891,2.9532354610665914,7.357675861109296,10.882759955435537,2.8282921137506842,5.879751177563759,13.115182671849979,5.980342913785173,1.33482024984,0.18288122112,23.41970361468,5611.762300458064
2010-12-31,9.847598279684016,22.118488569221526,5.246050721159136,39.676803396667445,33.47816201887408,28.248166010961356,27.90538354024213,40.70814355495598,2.4094685138811487,4.787330333005966,7.042160093989009,2.6948950420233455,4.692489375150882,32.32712874168625,4.32526867161007,1.26857497296,0.14527497028607997,27.027854641079998,5614.494492949214
2011-01-31,1.9804054423311062,22.341428892408977,9.549300831165748,6.997797635027162,8.593415759089966,8.381833978563913,8.98417348208419,7.026798754148375,3.079648668247543,5.922492144687652,8.694190260432798,3.706422519171478,3.4218616190100586,8.239305213691308,4.964923042309906,1.01175210216,0.12956308798464,28.01656410336,5616.499620076719
2011-02-28,4.1577774158546825,23.130893530752505,8.538633611940034,17.12145280377446,13.7786639882787,13.321140629749268,13.997836116609871,16.906007936459112,3.905285569047291,7.447060815300719,10.612423936107442,4.580384940527039,5.001822232284864,14.554773384603074,6.309395498653471,1.02446558052,0.15790172590079998,29.29830647532,5618.248989948958
2011-03-31,14.372639616843294,24.36408033911547,11.328617072419819,34.57753955945401,29.864858061774544,23.92066108447272,23.372846807987123,33.505407795129,5.747646463274364,10.437601017529644,13.764793137953868,5.932932485270538,8.488865911584327,27.933976378422095,8.874367803122547,3.9110123047199994,0.14544867686399998,31.38363886464,5620.940823027172
2011-04-30,3.331450117079844,19.666649330790804,9.131399207361921,5.293257952405655,5.657109784203073,4.888811244692641,4.761809762519445,5.587786201624889,5.13109801240536,15.424180498701086,19.68053643207283,8.80764360377068,8.545193209056878,5.1502471859552035,11.517730351201367,3.1373292434400004,0.1530575142912,32.525846278559996,5622.222433052856
2011-05-31,2.7319946654619605,15.351061580983515,4.22791161917299,8.603587616107697,5.6668177202067325,5.6022364602238826,5.88934855232791,9.25772279977138,7.069730692411233,21.31477135655909,27.205324719765855,9.07149719301317,9.742491018806613,6.440497587216555,14.880762996111192,1.9747435064400003,0.16529037189120002,33.78286724436,5622.521576670638
2011-06-30,2.3200203007718905,10.858246225922812,1.718501295252326,7.2524025718077825,2.6595281376704367,4.763448519054943,5.289674778231569,7.131516397896086,7.698913674873273,25.21355765163939,31.619699522254624,9.584252379110973,8.34189238472664,4.991263501691183,16.491663122520983,7.867976673360001,0.18522992977920005,36.31849754292,5622.519780820922
2011-07-31,0.07154527055309803,6.959772151987904,0.18110890799140056,0.36450613081185984,0.40067087094415493,0.5771504890007595,0.4662392927030531,0.2181238188726214,6.923105327382287,30.437205534811575,38.34481707400405,8.337170706607006,4.286433035359172,0.4521416958649569,17.665746335632818,6.32055751116,0.2174757424128,35.03706847488,5621.440480720355
2011-08-31,0.0023273211141019608,5.269167189285548,0.026480601172356566,0.18027784901482866,0.4689072080407983,0.23265045192758102,0.24438458783437988,0.05737954171323903,4.904940991315727,29.022480985494344,38.15893593537904,5.481063142259531,1.720482466140963,0.28155502420439693,15.857580704117922,3.6417793916400005,0.21855223388160006,31.5913840332,5620.286581771727
2011-09-30,0.007758123911529412,4.301297458681976,0.0,0.699263653032707,1.6107795484109173,1.0325535079530885,0.7297905611566924,0.7151642528006358,3.9615042397051488,23.533411651122144,32.50189329054115,3.3692652671279153,1.3990594543885049,1.0180968176383514,12.953026780576971,3.3409743244800003,0.217622536704,29.259768859679998,5618.928979799736
2011-10-31,0.3737160087712627,4.057224141292726,0.05860806592733391,8.024550207069,5.890852895794448,6.076613892616785,6.325787742984035,7.6364658540500745,2.8875149148232278,12.920984820315876,17.896050982403246,3.0156430515104042,6.570044240986756,6.579451184616067,8.658047602007901,1.8934596413999998,0.16169391175679998,28.288891817759996,5619.244990024249
2011-11-30,0.4160414371599059,6.032659406219947,0.5326316649452346,6.174337574592337,8.493247344533396,8.271268988293668,8.598119348315592,7.112473849498134,2.8640912356002644,7.20817676232692,10.69869497146553,2.3741643823074225,4.979842529272772,7.884243313933748,5.624993976194582,1.43362323132,0.1676880119808,27.680877455279997,5619.6977164596165
2011-12-31,0.04858044860938039,5.794008985045033,0.5415984030608314,0.7052844413997325,2.343814730950179,3.251678998195336,4.184612517370068,0.7735522075028738,1.8735683498164706,6.640459628660167,10.531529445979736,1.9354921733634542,1.1257849508864004,2.621347671978829,4.421366909741246,1.62459430536,0.15635549270016,27.2937855282,5620.206731144458
2012-01-31,0.9463874458041726,12.128479540077027,1.169989547152674,15.381122910347203,14.115638780079134,12.925221810237185,15.133132716458272,15.626302519087618,2.266322285626629,7.011680712734598,10.769115483860354,2.569915156201947,3.995340510044963,14.388779054280448,5.322474829693698,1.4366193542399999,0.14701448263679998,27.423764716679997,5620.977089598879
2012-02-29,0.7706025197407373,12.716330869513037,1.8565783282204895,4.863861256102064,6.466814097042728,6.877790331285348,7.149709512592581,5.874549794696113,3.231828784894996,9.074897877615658,13.04935764327953,4.268117814128104,3.6978447139474575,6.339543799255679,6.664409366773148,0.99941236824,0.08004448041984001,26.920324788600002,5621.201400430184
2012-03-31,3.9743846915092087,16.062280823507226,1.9311170633388675,23.332883414638466,20.37990067895098,16.80260235394029,16.66064673057382,23.48988307084652,4.549026923295524,11.81026749750801,16.040818570387394,5.5426743587207845,7.973286869509623,19.294008294525888,9.183214843884267,1.13658151164,0.09749098192896001,29.83407221376,5621.760268976366
2012-04-30,4.135515806390713,15.921016207214231,1.6489630503199175,14.435748681611077,12.085610302208396,8.662362320274157,10.188862646666006,13.318886662873314,6.876296965134055,17.923536475253233,23.24077705631236,8.239835170140827,10.964501404278463,11.343145987689908,13.448989414223789,1.18339207764,0.15978558597120002,33.13346099352,5621.773204189731
2012-05-31,0.6870976933486432,10.78625157508156,0.20143431998903788,1.1105696166196755,1.8082894420662796,1.2545766487267807,1.389345446583501,1.1719674342042654,5.098604983777482,28.505777785255702,37.75991885573141,8.439303489982986,7.407755054741385,1.3906952884990593,17.442272033897794,0.9732514909200001,0.23425922304,32.67267973775999,5619.898173819718
2012-06-30,0.2825420303058823,7.053622338644328,0.014649793604257954,1.668128794577003,1.4688125028079777,1.320794475232241,1.1497250812462447,1.8054494830081347,6.29732911663345,31.527659456356375,42.41520383117072,7.283782915739308,5.041121815557221,1.4018652134658665,18.513019427091415,1.5967830318,0.172850277888,29.276863659,5618.1290350992185
2012-07-31,0.03344259333019608,5.102512720997999,0.0,0.17844457453105905,0.41074649170331445,0.32860932190518066,0.3290848146661227,0.1595862679759439,4.817280212971922,33.747148165981564,44.523308360739456,5.3773380170445355,2.5230498718463,0.31172130070141923,18.197624925716756,2.0596278996,0.172727949312,25.205802390360002,5616.003696213984
2012-08-31,0.016671293817474512,4.103181393746524,0.0,0.2980480467113782,0.5487114271769074,0.43888336423768104,0.37329209075289815,0.4014907567015001,3.1028185224159888,33.31729426593784,46.43331729295876,3.163577381410641,1.3511913594984406,0.4147337322197162,17.473639764444336,1.17389798208,0.17390230364160006,22.20429656364,5613.663192136172
2012-09-30,0.007758123911529412,3.4655614759791438,0.0,0.06174256842621694,1.0948350420860455,0.42763812245820987,0.4492994981458878,0.034565571969051516,3.161730205098868,24.849586485975497,35.54301809425398,1.842053635862379,0.9368934706240251,0.5083788077790901,13.26665637836295,1.06127632416,0.18806795274239999,20.74386117756,5611.307107345217
2012-10-31,0.21930670446230585,3.062701867573811,0.08865125661640583,4.30083653459581,4.007002916153238,3.6597102060559963,3.549372395599661,4.607752139673636,3.4993811215805737,15.468385476894,22.589595642263735,1.3103118686472957,4.225989517998282,3.879230513101176,9.418732725476776,1.60941880092,0.20255165614079998,19.72867136664,5611.056942114293
2012-11-30,1.0735941728336313,12.091712985029373,0.12575098332430387,18.402280890534648,17.2237145172198,15.140127234724737,15.963674428388423,19.18495223605574,2.1408062273877335,7.68031971420483,11.466288067499507,1.8801170621260286,6.21161831362279,16.6824492677169,5.875829876968178,1.41976385004,0.19364613580800005,20.38895814456,5611.469463250425
2012-12-31,9.668048137625602,21.79805764895443,3.0809707732115728,35.42112551881775,28.023746252737887,21.211394132074997,22.923833328367877,33.600525899827566,2.475349230293635,4.26776286470051,6.240511965066374,2.816526830965621,3.626100058035301,26.89502480799963,3.885250189812288,1.1716271454,0.11486408629247999,24.702094797119997,5612.7749689486645
2013-01-31,0.4941701798048628,21.389832106095238,5.823122745290697,4.108400231215014,6.269834543518575,5.904489201964951,6.453992825981932,4.646109575274231,2.399987484654733,5.871467722769958,8.814273047555321,3.4428718670083875,2.650317286065092,5.684179200670118,4.635783481610699,0.9057381966,0.10709132857344,25.52431652988,5613.460751875464
2013-02-28,0.6363390742407531,20.204044121186385,3.637087346060557,2.308624438203695,3.3452127885425855,3.7699680134156206,5.201229200838827,2.7431899001219717,3.6183679788060106,8.053901557038257,11.35643124819439,4.6021651746169,3.212809850453534,3.656258610250182,6.168735161821819,0.9022055098799999,0.11261324049408003,25.89353656524,5613.782916646829
2013-03-31,3.069393594412173,18.591639670421387,2.1193438182020343,6.506777071422732,8.196322096747748,7.445345633829863,8.868814951933091,6.5147975127292765,5.055068963456101,13.950918620257145,18.56905785332152,6.2886177831820955,7.151085759984742,7.754314938483358,10.20294979604032,3.91087292148,0.1145851771392,26.976013943639998,5613.786876632112
2013-04-30,1.235713022196957,14.60991798274008,0.8262549467389207,3.944041104228832,4.3813154763744695,3.736544831367005,4.777037703342194,3.9020890530886283,4.723892550700574,20.919128459880334,27.884074198681283,8.274152853729118,8.148378537361568,4.209734778828126,13.989925320070578,1.90380607164,0.135050747904,27.5387546562,5613.0347517309465
2013-05-31,0.5247048290304,10.266945106478985,0.08414789312929262,3.0782821314074322,3.274871808879501,2.4583120755586516,2.484853737297364,3.146586113033559,6.355787312910658,27.638529698473427,36.835906696680254,7.386934000658904,6.578594737719819,2.8240799382857373,16.959150489288614,1.12549375992,0.11293374136320003,26.20048066236,5611.184389281793
2013-06-30,0.2074411118832941,6.880818393704409,0.0008272151005188938,2.6170084589357248,1.9381013816782833,1.6539865364949087,1.668109720666876,2.3699234593737275,5.579450682241909,32.12849169798525,43.06815731249886,7.265736484918852,4.713571360768,1.9693015244439482,18.55108150768257,1.08894204708,0.11219487676416,23.491688274,5609.26407876148
2013-07-31,0.011435724559058823,5.110791828197296,0.0,0.4143642471576187,0.6509403714093103,0.448256158029665,0.35596918128642663,0.2963490346514109,4.551812952072433,35.00789124248796,46.61897552976838,5.440043403582594,2.0910548204913444,0.4673824894707552,18.74195558968054,1.01579668308,0.1803367867392,20.364743698679998,5606.800379268872
2013-08-31,0.06042109709452549,4.158690278122918,0.0,0.379469532616271,0.9100593723654694,0.7794979025467791,0.4863771412770241,0.45660856137198713,4.583555912206056,29.80962259114338,40.228523887982135,2.8040200205320027,2.0156296016875923,0.6388509872013859,15.888270402710237,0.9626731664399999,0.1259739675648,18.456598244400002,5604.1800745055425
2013-09-30,0.13632001929135687,3.538763055246959,0.004565937808715613,2.791712320341875,2.462133266094846,2.6198984216539425,2.120831628370859,3.0868041995346966,3.793166397325151,22.344943531809562,31.120088630903094,1.7068564323778261,2.957415235990388,2.4986439091153807,12.384494045681205,1.0370964157200002,0.1295948934144,17.27083048428,5601.786343059003
2013-10-31,0.04213590351711372,3.083447310646815,0.020956085229032178,1.6491398684959149,2.280377517026915,1.8848377362180386,1.9617587270053434,1.3740314383090517,2.221634280939119,15.070791403441,22.063648552307303,2.0147437574680236,1.3504210900076425,1.9440284621865531,8.544247816832618,1.3973404171200001,0.13246961495040002,16.11305038536,5600.562685159435
2013-11-30,0.33312782213521563,3.815901051452235,0.11925312202914128,3.918493570461144,5.450016074920638,5.187793462423138,6.083846639374279,4.201612986987646,2.4348098277002546,9.053049858917106,13.90344825838013,1.7564203655924195,4.942611052260493,5.160037436794799,6.418067872570082,1.38985936092,0.12690121817088,15.684335909160001,5600.502809900388
2013-12-31,0.1086083171789804,3.926084334579552,0.33711590209128905,2.046751478049812,2.5988159920205276,3.8085423184410105,4.817465259479648,2.3277611516335384,1.5523880700349744,6.485053865999031,10.337152934578818,1.6909721980614458,1.5081259561277243,3.317893761997749,4.314738604960398,1.02509465532,0.11068289556480003,15.459282549240001,5600.661307162006
2014-01-31,0.1393467331443451,4.263059778947916,0.18647856344033018,2.729635055565481,4.624597948402675,4.322831800544638,5.392407826500156,2.841995271735873,1.8092028609013966,8.856798154219907,14.03294524546443,1.839814278026895,2.038549165473632,4.267368157753237,5.715461940817253,0.6352668696,0.07495805822976,15.2088269022,5600.983829498422
2014-02-28,1.2870031055450357,12.643386047733362,0.9786420468318624,19.362668067988313,19.485752185807012,17.663542727149466,20.78291514184453,21.24660668823777,3.424921136507082,8.23702880143318,11.672299350182994,3.7395312475363753,6.112233386130572,19.32371953069733,6.637202784358041,0.6772039561200001,0.05474203776000001,16.353183038279997,5601.2777972473405
2014-03-31,1.7807377485623215,12.818364070526096,0.858528697038493,17.363541749855095,15.79852659488972,11.297132586036158,11.957642530399509,17.778463762228153,4.936759775103497,14.388506709248148,19.724546752079814,6.3233094503984,7.360678944107019,14.104210865295121,10.546760326187377,0.64677030408,0.049110030120960005,18.68122975416,5601.161605539505
2014-04-30,0.7623789859900234,10.92974208148982,0.5420708983321562,6.951168028969881,6.929447159210133,4.344702706391689,5.070583427427968,6.808465524555593,4.735649548206882,20.391415548610592,27.13983273976779,7.811560695555681,8.077456213053038,5.823975330499918,13.631182949038797,0.51265649064,0.0361236284928,20.34168995748,5599.926162777803
2014-05-31,0.24148027583949802,7.646837034317706,0.03392608362866401,1.6977409686961866,2.370202043677479,1.6059443234694706,1.7913142080324318,1.7258575652732455,6.094108017912572,28.884685256468643,38.81348010039285,7.427831333406426,4.837880276183243,1.866300385968892,17.21159699687275,0.81782684352,0.027834644183040002,20.03364806316,5597.034494327221
2014-06-30,0.08838833854745097,5.341682656144364,0.00011103436940500425,0.4092261189232134,0.9516587544927956,0.5662646212040144,0.46125448748586195,0.30357442637489024,5.062939856749427,33.514172298979965,45.34426064950489,6.287497787953125,2.794463018518488,0.5971009955264714,18.60066672234118,1.1861785089599999,0.03315838381056,17.96894932728,5594.261892494324
2014-07-31,0.006981963342305883,4.168727543076744,0.0,0.6734227261931951,0.5972391454953042,0.388924297060978,0.43252601056035,0.6447270936322494,3.536786898531188,33.90832103954147,45.48806813906838,4.080592080815331,1.3455948811243925,0.5230280448274568,17.671872607816155,0.7793373336,0.09027114937344,15.416084846160002,5590.910141186038
2014-08-31,0.08681433964624313,3.4857649618875737,0.0,1.0208980620839703,1.0473638287968192,1.0981004881990843,0.870597454651866,1.2125836717252139,4.31351433503724,29.529990249070913,39.68334941405811,2.4017143319803,2.095914725021817,1.0092399584329348,15.604896611033675,0.50661983952,0.05944190164992001,13.72288561668,5587.511549674081
2014-09-30,0.22974157959328625,3.023608271191342,3.133210720764999e-05,2.812254217305396,2.589673537659536,3.0751335463862706,3.095706249369965,3.0041133106929423,3.3822823490230722,23.3461366461119,32.61420985428612,1.6931711572654131,4.127995340810039,2.893191887680292,13.03275906949931,0.7268527596,0.036576244224,12.940850662319999,5584.602994794774
2014-10-31,0.28923508411130977,2.8085493432745663,0.0008716450485629196,4.0026211394975855,4.137294512815897,4.454178138669326,4.510320582476503,4.1148647812124075,2.188427879363364,16.626219572106375,24.473924716420704,1.534156067888166,4.997885608000252,4.276103593364828,9.964122768755773,0.76484517708,0.059189904783359996,12.091082854200002,5583.849052356746
2014-11-30,0.42299045991604706,4.662454943376564,0.3064990753216265,9.854248547886707,10.20025955385034,8.636290710976875,9.606231884994342,10.205919265247829,2.6061864850837595,7.8327565237335595,11.633330021288025,2.3204120082547215,5.211992053183349,9.574257674427066,5.920935418308682,0.70252976748,0.060836447416320015,12.047700129119999,5583.998296019391
2014-12-31,8.464456450224693,21.582376191176387,1.1769349697748739,31.304407602405863,28.067524502123923,23.30033318503306,24.30822571439672,31.98041865657555,2.5055669082296728,4.579771275904963,6.713870151795464,3.1058592155361833,5.3268250478073975,26.745122750989893,4.446378519854735,0.645788454,0.08578658377728,15.556760773199999,5585.313983749596
2015-01-31,0.25057697133025886,20.08786797004278,0.9451926079742313,0.9690180949431825,3.306922090624012,4.215255410155203,4.862024386308501,1.0703234743090517,3.186627586238745,6.543965951259153,9.712784944092194,3.0406743506333362,2.8094749095936007,3.338304995507725,5.058705548363406,0.6352668696,0.05071253446656001,16.60593789204,5585.826106591265
2015-02-28,2.8444403604218977,20.58735217052893,0.3953284068327273,13.374368556741349,10.365012568999818,10.223913066711463,13.020729739591664,14.067878866740363,4.550881998390213,9.069101601231003,12.80079554660326,5.217683164836051,6.2176869350998345,11.746005983011074,7.571229849232071,0.6772039561200001,0.04023876178944,19.355583138,5586.398890253781
2015-03-31,0.4798150902201726,16.376789193905097,0.14181667769253864,2.2916025079391673,5.10255509972329,4.7271999826435644,5.35484232779475,2.6311089083063237,5.446983734973139,15.870323910058291,21.508192557103392,6.248153601864765,6.583118411414991,4.369049979525193,11.131354443082916,0.64677030408,0.08217299764224001,19.87916209404,5585.864613673876
2015-04-30,0.7689746920146826,14.625434335664892,0.05850684833789436,5.80468921499513,6.5714813705444906,6.271780530680865,6.388593261923818,5.787667405122609,4.4690162629523575,20.298520721434848,26.905434698864006,7.060544516366348,9.737422616318597,6.2591360945360766,13.694187763187234,0.51265649064,0.09376240693248,19.7052562158,5584.872173828218
2015-05-31,0.4353697656912314,10.819883949737864,0.028533679546232614,3.9730531569269494,3.988460385446142,2.883576148788437,2.99701315021737,4.434926384905073,6.619314075806219,24.032344158573252,30.481653816246183,6.8724915563843725,6.341846498400378,3.4605257103447244,14.86953002108208,0.81782684352,0.0952083307008,18.73183820508,5582.187621277371
2015-06-30,0.5158978567509334,7.183181118565598,1.613285893420107e-05,1.0174193975571268,1.4926009464472414,1.3040463531781605,1.0959389140865032,0.9102593478597062,4.917339543854784,32.7400818347048,43.33405829820996,7.455033351705352,5.204656246325811,1.227501402817258,18.730233854960144,1.1861785089599999,0.0712074640896,16.955081806920003,5579.337680511881
2015-07-31,0.07733574350004704,5.258109972836193,0.0,2.6758962681168375,1.297826489147575,2.014694342853206,1.3711028580184519,2.141644427336121,5.230314117774157,31.77869385390585,41.35758453019073,4.8276494496725,3.179771418304352,1.8398799895340177,17.27480267396952,0.7793373336,0.08977938849792,14.552162855039999,5576.011357719532
2015-08-31,0.009605393311623531,4.24236766003923,0.0,0.240525039083938,0.7368000029982379,0.6049494559351986,0.39224798415008755,0.1865841578735113,3.8131577662853533,30.92955780364499,42.22317516497039,2.6399834507196758,1.4204703086286812,0.49363062054186546,16.20526889884982,0.50661983952,0.07867929351167999,12.955034448839998,5572.660959184351
2015-09-30,0.03529529337976471,3.5922637627235394,0.00015144644988739843,0.9488540488272681,1.555986093377767,1.041581516953786,1.0124356134947294,1.2369528529534264,3.04534624817152,23.203258452973827,32.77897827528261,1.5355206562087182,1.6659276291015783,1.1397143181633878,12.445806252347651,0.7268527596,0.06199856888832001,12.07558911192,5569.776506675409
2015-10-31,0.23667872515814903,3.2227206114906353,0.00195053137954373,3.6421104499178436,3.9561150411916763,3.1691098289459507,3.2551429672428718,3.9396351000445695,2.2700663647842383,15.809741087636239,22.77567229435382,1.8678463784328267,4.475510477180688,3.5056195718245857,9.439767320477563,0.76484517708,,11.24856174108,
2015-11-30,0.9991200567617258,10.028083958300911,0.618509220056653,10.301546835988745,9.551937773280153,8.582345688466283,9.5829743281216,11.248462259229225,2.5758324932077934,6.997038095712743,10.395322687285866,2.5755861750854705,5.4999955727436305,9.504701156464195,5.608755004807101,0.70252976748,,11.09105621292,
2015-12-31,3.36590463493622,17.874062638118552,2.3566393928638325,22.013168711692416,21.276090754227877,15.919937501433541,16.403882644613116,23.420874238758344,1.894478919586435,4.715564899328477,7.052253514753735,2.369814562835078,3.5881274296460544,18.903269902991738,3.924047865229956,0.645788454,,12.104984173800002,
2016-01-31,11.743297454963452,23.46527978582819,5.162609140589488,30.86710071188528,29.960864323067785,17.044405384157024,25.984035841205923,32.04162237870644,2.615810737690905,5.165624803702597,7.4479828788210485,3.1958200734120963,3.9012088904109685,25.964101565079005,4.465289476807523,0.5527001853600001,,16.3656831246,
2016-02-29,3.518892546240753,22.279048965446076,4.406321753448563,5.9524562854785765,5.600632891363148,16.70181032228742,6.561699712782214,5.926483421372737,3.788310348869473,9.531027287221614,13.529531476216437,5.605178523752328,5.120070526113834,8.70414980297784,7.514823632434738,0.47775394056000003,,18.789724188,
2016-03-31,11.934814977100299,23.39687678436131,2.8266379658554057,26.99699076719143,23.026562452010005,20.540427632828678,21.383625742062023,27.10946536865014,6.4826259808942694,12.309865156364976,16.19217283707591,7.187302106734873,9.65237119796646,22.986901648523034,10.364867455807298,0.84803230176,,24.98121035196,
2016-04-30,3.3210342057903692,19.714592224963564,0.9820294350278855,6.933423909380735,7.708926247321537,7.24447905974817,8.850999258054513,7.745509664541358,7.16389235332076,18.817629504010007,24.238227809399362,9.50278323986418,11.014882325241379,7.684457118626238,14.147483046367137,2.21186523468,,26.949288132479996,
2016-05-31,0.9346429361332707,14.562966710580405,0.2860836667379074,4.123528785857849,4.530824060907523,3.574920694897344,3.5597031729204143,4.568816936032113,5.6884494430657755,24.477064297700213,30.963069112339472,9.295534365158074,9.265653652528993,3.947244178645783,15.937954174158506,1.5800829460799999,,27.433918724039998,
2016-06-30,0.7173663509644551,8.982617422081407,0.020081663298666865,1.7387085962453068,1.5717658593062356,1.53883545954838,1.8325996466280763,1.640653591053797,5.624702467213754,31.18643161844544,40.95508126143961,9.561063834181974,6.9574861308707145,1.6704773904319998,18.8569530624303,5.03594976516,,25.82695208136,
2016-07-31,0.011636605570509806,6.187491471367229,0.0,0.05138751263203896,0.4105312159448925,0.3801309847443381,0.35358731085893536,0.04832938995430222,4.180729934058116,33.677058968407394,44.40598955887901,6.886122745797196,2.889573180537275,0.29890925604505125,18.407894877535796,1.58656611696,,22.149536219039998,
2016-08-31,0.0,4.847956549872138,0.0,0.09029585909913734,0.5822620893501664,0.3711191796891563,0.24364946988109182,0.019118942683556395,3.3382495862322203,30.54375088457531,41.223990714919886,3.996281269980913,1.5236693648624944,0.32183164950488796,16.125188364114166,1.09794891804,,19.71667577364,
2016-09-30,0.0,4.02515196901135,4.921684749565014e-05,0.07611969891075192,1.0469774543100137,0.527445642664146,0.530830961705564,0.09138512664941989,3.1972852458423717,23.072037309036947,32.481055313746495,2.057812889072738,1.1661482198943625,0.5453434393976189,12.394867795518582,1.0952821342799999,,18.49747453812,
2016-10-31,1.2802795506828548,10.43096147193816,0.006794849961210489,19.868483638622347,15.293360811305858,14.582504529015077,14.894025986017613,19.541766169120066,3.4577366752954735,12.581624082845963,17.935254033498833,1.9684872338959503,11.19261841396435,16.159593741240222,9.427144087900112,1.47877106628,,18.67044297156,
2016-11-30,1.5803922440553413,13.212614942593508,0.38675377235466113,11.183445314844175,9.86847926446282,9.427087804921964,10.50941794691017,11.805664094268854,2.2238886989735662,7.3138733843032595,10.637040159110576,3.0165234167643256,5.9320111780181355,10.247107582784782,5.824667367433973,1.4871093910799997,,19.748445284520002,
2016-12-31,5.137229196645397,19.724897111406232,1.9944249626850745,22.04051899346782,17.653051552898233,16.037321863279892,17.05315791670529,21.556407891958706,2.3368134860221743,5.165124931073887,7.880379462729028,2.4675104561878025,3.6511136714378543,18.19601258158781,4.300188401490149,1.2656244888,,23.176087614239997,
2017-01-31,27.331996807445087,26.112253325430068,9.073170191874578,53.54462837942701,42.90222511301555,33.330560321144404,34.40877016522061,53.179127181289054,2.640221642805409,5.260077150214329,7.71419932895525,3.307427547941061,3.816650652524624,41.046545994701894,4.547715264488135,0.5527001853600001,,28.7659439082,
2017-02-28,30.154109406838465,26.995770569843657,12.644523559017221,40.3820964400544,34.71222395079076,27.45629276072969,30.292248313617076,41.80629829812689,3.948103515664063,7.2183557308107416,10.260173299634326,5.170121038123872,5.437680091870469,33.21071536629798,6.406886735220695,0.47775394056000003,,32.3445099168,
2017-03-31,11.427989362178009,24.837240108662062,10.557624241281014,12.608139385128199,12.106638622223656,10.926109183630773,11.552692470028068,13.743975321232867,6.43256880658874,12.83868104009918,16.950159530971007,7.437385192022782,9.991849735560331,11.798394915252674,10.730128861048408,0.84803230176,,31.55896571184,
2017-04-30,7.150889392027609,22.729427395400485,7.372486327670079,15.266114879779975,14.43536383772303,11.376864173088936,12.729419999364415,16.261038936081693,5.438615059285736,16.458355242039406,21.39066820226622,10.043795837368718,11.480593009991278,13.45194072248909,12.962405470190271,2.21186523468,,32.39397369828,
2017-05-31,3.736514289587702,15.184536247397197,3.391610346586832,1.2545565219762334,2.5405957072420393,2.032480330396515,2.047187051835587,1.546399125930873,7.5853168137248135,25.404925947239732,32.04814090329123,11.17375027292048,10.073037919752434,1.9687049028625938,17.257034371385735,1.5800829460799999,,34.506051634440006,
2017-06-30,0.641127165799404,9.437038324829567,0.5530113574359127,1.7161074239382792,1.8154375832837741,24.06799305216579,1.0210884269087188,1.5534757729748974,6.0594217789921885,30.32236678222092,39.19629498331346,10.70867408628281,7.428772275884274,7.1551566215741405,18.743105981338733,5.03594976516,,35.0497905876,
2017-07-31,0.035365433279749024,6.476950788355012,0.009556353392047273,0.15243295223565737,0.4287569493933849,6.58977872970569,0.2664072085119367,0.1937256941842059,3.013987148731734,34.58045490806085,45.264566798511574,8.209543447583712,3.491395234887881,1.8593439599616672,18.91198950755515,1.58656611696,,33.07732408524,
2017-08-31,0.10696865814889413,5.057251586013465,0.0,0.5880561544848077,0.8997067448694793,0.6798301654128174,0.5355205981186654,0.5083180655701807,3.1988705122030936,30.073745525950788,39.93327493625056,4.593021081288881,3.690001105090761,0.6757784157214425,16.297782632156817,1.09794891804,,29.97645527712,
2017-09-30,0.1946813937342745,4.185087335533628,0.0009172870410150097,1.4306233265785278,1.8919742384634324,1.4420454781392154,1.2638611855886706,1.8270229105493536,4.016698496261824,21.987737453179598,30.39187690637249,2.5569512775180208,4.005439718793938,1.5071260571924614,12.591740770425176,1.0952821342799999,,27.495875190959996,
2017-10-31,0.08228976622330982,3.5845288540019458,0.00568865240683496,1.4298226551234536,2.1336371977668493,1.824609219054219,2.0669364558698695,1.3857490154609493,1.943946536237578,16.911837361498883,25.349853509086987,1.8027854063468416,1.944477089919699,1.8637513819535978,9.590579980618,1.47877106628,,25.133927510760003,
2017-11-30,1.291168662684612,12.714089153925922,0.5065769018930515,17.229294181988916,15.677941634756236,11.683189467285937,13.28522649555868,17.57108708678762,2.694189977261077,7.106984644095882,10.407398365310355,1.9669151805328726,5.35987518250446,14.468912944897442,5.507072669940929,1.4871093910799997,,25.56130366116,
2017-12-31,0.1145689158234353,11.833327756765867,0.8774357449781522,1.0170817513505548,2.4433076829371663,3.527108558317623,4.2623917901376736,1.0482460239923639,1.6279386721083233,7.430945360665082,12.000478431347021,2.4812450366366465,1.7954711560766243,2.8124724456857546,5.067215731366739,1.2656244888,,25.331632152119997,
2018-01-31,,,,,,,,,,,,,,,,1.0814831935200002,,26.377512178920004,
2018-02-28,,,,,,,,,,,,,,,,1.11999737304,,25.91586748716,
2018-03-31,,,,,,,,,,,,,,,,1.14802203864,,30.20721101508,
2018-04-30,,,,,,,,,,,,,,,,1.46997141996,,33.1681106802,
2018-05-31,,,,,,,,,,,,,,,,0.98655703968,,32.647340358120005,
2018-06-30,,,,,,,,,,,,,,,,2.2432313976,,30.14754512052,
2018-07-31,,,,,,,,,,,,,,,,3.09463356672,,26.23333316868,
2018-08-31,,,,,,,,,,,,,,,,1.08581270832,,23.64640613736,
2018-09-30,,,,,,,,,,,,,,,,0.97904144604,,22.2341677488,
2018-10-31,,,,,,,,,,,,,,,,1.23011753352,,21.2206727394,
2018-11-30,,,,,,,,,,,,,,,,1.46167626696,,20.70119757132,
2018-12-31,,,,,,,,,,,,,,,,1.3186739966399998,,21.57831903192,
