,prism,chirps,persiann,trmm,modis,gmet_eto,gmet_etr,fldas,terraclimate,p_mean,et_mean,qs,c2v_s,ds
2001-01-31,16.26397765943567,15.571544356542248,15.712058259563081,15.995809237014656,3.861672611777758,5.8243707786067125,8.75442289575607,3.293473913998671,3.9217798593054116,15.885847378138914,5.131144011888925,1.3037779630080002,5650.451345800189,9.450925403241987
2001-02-28,20.60909096537757,17.336625194449656,19.061531665018826,20.91328717188346,3.5308328438298107,6.914364854643813,9.71682238324266,4.376160746351882,4.722556202122542,19.48013374918238,5.852147406038142,1.4295317391360005,5651.421294929377,12.198454604008235
2001-03-31,9.63483593999743,11.852734546155677,9.737654910039444,9.11547457677471,6.104283436368515,13.939255117952792,18.352524471793142,7.446383201203976,8.768437821750412,10.085174993241814,10.922176809813767,1.8730951557120001,5651.9631164100165,-2.710096972283952
2001-04-30,10.528528428568467,8.903430507936243,9.03720132343304,10.08426214001063,5.00651596882161,16.56676062817135,21.383832876186677,7.937734704443895,9.386869180879811,9.638355599987095,12.056342671700671,0.9032252737536003,5651.730711027027,-3.321212345467176
2001-05-31,0.3057491318999784,1.5837885630741175,0.6314012975669395,0.4432798268625835,6.406551076176916,31.73529172922723,42.646385576890665,9.627090025864009,8.253239840791291,0.7410547048509046,19.733711649790024,0.6871440771071999,5650.261744780242,-19.67980102204632
2001-06-30,1.2181093850161495,1.2447082371662082,1.3225645379827273,1.1253707214459316,3.1427440853791118,31.78903552625418,42.62382118614692,6.8624032034809925,5.456529272649288,1.2276882204027542,17.9749066547821,0.9089013196800002,5648.9975210019,-17.656119754059347
2001-07-31,0.8579394574778098,0.7300648915637236,0.8184616509168351,0.7471155597045585,5.499496123818867,32.78267263538196,42.85054242441842,5.020574921872993,2.642804369357002,0.7883953899157317,17.75921809496985,1.13276261376,5647.184847577099,-18.10358531881412
2001-08-31,0.034260962274296564,0.5052937751597855,0.11715373371568634,0.11657306247359296,3.5563777428624572,31.366722283747066,42.41441788678093,2.780617855134699,1.0859695158324207,0.19332038340584035,16.240821056871514,1.0026050088960001,5645.004876148353,-17.050105682361675
2001-09-30,1.567999999546861,2.2596057525114954,1.3497059722360767,1.4589286856975097,3.543251553502068,23.31632480327401,32.32959954039377,1.87772072211556,2.3661894348334185,1.6590601024979856,12.686617210823766,0.9071887196160001,5642.899364745437,-11.93474582794178
2001-10-31,3.5542780785203103,4.465147177617276,3.071806627365189,3.175476245770201,2.2300417862832687,16.712928613207175,24.561931922533585,1.306306831856382,3.424412725363653,3.5666770323182444,9.647124375848813,0.6348363780095999,5642.57206014971,-6.715283721540168
2001-11-30,20.91682854962153,20.4859515237652,18.086670731560872,19.62309979939465,2.8797253549276864,6.642685060529063,9.52420043166364,3.048037510032554,7.4043307981149376,19.778137651085565,5.899795831053576,0.9030050823167999,5643.072920010994,12.975336737715189
2001-12-31,29.905104272653364,25.731362441317536,25.80207062710384,27.282715863080014,1.9840741628361784,4.397594177867397,6.449923790997263,2.7882448960089743,3.834875395917303,27.18031330103869,3.890942484725423,2.076405249024,5644.229574138605,21.21296556728927
2002-01-31,11.56077430697504,11.642139006431183,10.508019958958522,11.047805559685054,2.6857218517718846,5.530927525564319,8.148967677521448,3.290009099323118,2.9438815943511343,11.189684708012448,4.519901549706381,2.902612451328,5645.2604933660205,3.7671707069780678
2002-02-28,7.072912720552527,7.235941806029032,6.500648346168504,7.291755371275984,3.861486838442265,8.440371832525868,11.941150940079007,4.874179061682523,4.001610090263091,7.025314561006512,6.62375975259855,1.2450602465279998,5645.8035911868565,-0.843505438120038
2002-03-31,11.90719092133523,10.938085934412502,9.559091532755131,10.666721207242711,5.379098840526208,13.284416497510806,17.970191176748287,6.683171849369545,6.7374015567908145,10.767772398936394,10.010855984189131,1.6171837747200002,5646.23875505761,-0.8602673599727375
2002-04-30,4.40246844940748,5.036724806220829,4.362201553162824,4.697304602464561,4.919226246848753,17.31812450983208,22.247589487138463,7.699890323235472,8.260741876998225,4.624674852813923,12.089114488810598,1.0625460111360001,5645.782901715408,-8.526985647132674
2002-05-31,4.133913224008861,3.2650821162871293,3.301858003790301,3.8473728034912305,6.456945999866379,26.186337153550838,34.00437312284081,8.623147320216393,9.075922241587806,3.6370565368943804,16.869345167612444,0.9836196139008,5644.283097251442,-14.215908244618863
2002-06-30,0.331702478691251,0.8775349906675686,0.4827962843154358,0.4469428888182807,6.315123627038119,31.981573810219125,42.183530893713275,8.571846736400882,5.748056675726758,0.534744160623134,18.960026348619632,1.0197310095360002,5642.972353611367,-19.445013197532496
2002-07-31,0.26583824447276017,0.47691362766511497,0.11197146654933282,0.14682616271292978,4.451278247642857,34.6041365113306,45.54779014489712,6.236131528769088,2.5361732623167255,0.2503873753500344,18.67510193899128,1.4334462535680002,5641.233073521444,-19.858160817209246
2002-08-31,0.02693294488547989,0.4806647945403837,0.04225183771068347,0.05298982311387982,3.3400883790036833,30.362120519377267,40.82986313868471,3.2063661224345243,1.3078106815616504,0.1507098500626067,15.809249768212368,1.2905664768,5639.099846619753,-16.949106394949762
2002-09-30,0.17040334876512042,1.0733035637531685,0.0690285484273517,0.1339059594000728,3.2177008121490585,23.648713958635,33.42842618201135,1.8528472863736498,1.0385922089088504,0.36166035508642835,12.637256089615583,0.9955099514880001,5636.8534808322975,-13.271105686017155
2002-10-31,0.11860115431479042,1.3948967874669018,0.18819080826943888,0.2048435804584708,2.1641918196221996,15.705027902217786,22.955350928494127,1.1043242547389431,0.6957608856985602,0.47663308262740045,8.524931158154322,0.7501922251775998,5636.413804361111,-8.798490300704522
2002-11-30,16.992850450476713,14.37740014639336,13.627539338770134,15.220179924565757,2.534797123871524,8.564438023145042,13.109535699366436,2.6024652726420747,7.158967591838822,15.05449246505149,6.79404074217278,0.8621473379328002,5636.763795704212,7.398304384945909
2002-12-31,39.03113506155273,32.55462575539649,35.56960264700921,35.932471600454356,2.319967894103542,4.339670757084474,6.368219312860018,2.5234927868036765,4.509506753746423,35.771958766103204,4.012171500919626,2.2093274797055997,5638.09418288809,29.550459785477976
2003-01-31,9.769738544369508,8.553975644758324,8.724933643946981,9.427044857484198,3.040580940320929,6.015097563509722,8.691498211899399,3.3638181757568137,3.909234410215706,9.118923172639754,5.004045860340513,3.9389801471999992,5639.075233448662,0.17589716509924136
2003-02-28,8.918848097898149,10.962002070799093,9.007501648003293,9.510875677442488,4.218702140985827,7.683415181809645,10.779256674171902,4.869225045725762,4.5302999582499135,9.599806873535755,6.41617980018861,2.472015863808,5639.909945625365,0.7116112095391447
2003-03-31,12.131481925294448,11.327773083817682,10.982176872066987,10.914476860411016,5.9417105733872955,13.530236150632016,18.093004136843692,7.046641148531501,8.44758690860253,11.338977185397532,10.611835783599407,1.7385337221119999,5640.222907174417,-1.0113923203138748
2003-04-30,20.870871521558858,15.119117116054174,19.464623735269445,19.86194621488552,4.978247998286909,13.41019529888941,17.01925251401698,7.000623916870037,9.755851613551838,18.829139646942,10.432834268323035,1.5843997163520005,5640.521679595739,6.811905662266965
2003-05-31,6.417673969355633,4.8402124293792115,5.390943849289688,6.039726897527557,7.615498985581229,24.853954089809623,31.923547386042696,9.65601010904384,11.338936083245981,5.672139286388022,17.077589330744672,3.0746064291839996,5639.5714232185255,-14.48005647354065
2003-06-30,0.09546701851817709,0.7920342568423827,0.18372842406634698,0.21625625896733075,6.748330757212362,31.334782569499342,40.75764762755591,9.359310864129593,7.133702230705896,0.3218714895985594,19.06675480982062,1.6350437468160002,5638.449243477131,-20.379927067038057
2003-07-31,0.7369245682447298,0.7579463686305007,0.7391369323598339,0.7581620682244343,4.0647164064824235,35.21299454410315,46.57898909683254,7.125232799767169,3.96981099399409,0.7480424843648747,19.390348768235874,1.7011011778560003,5637.021690700778,-20.343407461727
2003-08-31,2.865766106133861,1.3602716292835477,2.4243532414809685,2.5331321402857156,4.69232147140046,28.70624555104798,37.979193384342715,4.369000165537061,4.976516642445353,2.295880779296023,16.14465544295471,1.485313569792,5635.235637656342,-15.334088233450688
2003-09-30,0.5494821451835205,1.4271079563638565,0.5780354363339956,0.4932787108715059,3.545440928227489,24.492651209258046,34.39862043998643,2.8286730243290155,1.3740526504233166,0.7619760621882196,13.327887650444861,1.1264015278080002,5633.324798595732,-13.692313116064641
2003-10-31,0.16717132000843693,1.5142029587359753,0.3474872314498027,0.2638512829815126,2.0338134483883676,17.992408480711838,26.73785922062673,1.2425262306282838,0.9508015420885835,0.5731781982939319,9.791481784488761,0.8346478740480001,5633.089456531608,-10.052951460242829
2003-11-30,10.404052827896088,11.018808830680515,9.533924412137818,9.733287866042,2.726957668984471,6.78178769692068,9.98053190166414,2.0266650866147025,4.986389424223171,10.172518484189105,5.300466355681434,0.9137944627200001,5633.309430055541,3.958257665787671
2003-12-31,31.572146838976277,25.281157956877827,26.546626157632733,28.93863228636154,2.1798477023332397,4.693208932951373,6.977400729801934,2.8768460977479617,4.153969554545644,28.084640809962092,4.17625460347603,2.1074767073280003,5634.479666853269,21.800909499158063
2004-01-31,11.56500049389325,10.708425152379538,10.475209028306047,10.886551223859298,2.9420531109044705,5.213540331202346,7.518055659854354,2.9624834813977783,3.087295561611144,10.908796474609534,4.344685628994019,2.788602218496,5635.432828738519,3.7755086271195157
2004-02-29,26.47728313396843,23.445632938531034,25.394959731884928,27.48564378213991,3.67340333683692,6.926786961845797,9.620601450142791,4.9190174350757205,4.879168549597668,25.700879896631072,6.003795546699779,3.1516734320640003,5636.961465168711,16.545410917867294
2004-03-31,4.659979208002714,5.585287426418262,4.155189831832439,4.175112540802562,6.181586093108204,16.23528574572042,21.88408681497932,8.21838893134076,8.838387552117057,4.643892251763994,12.271547027453153,3.5423909038079997,5637.772663181146,-11.170045679497159
2004-04-30,2.559856892671411,3.383000491126805,2.9954788131848815,2.738243316561115,6.218316724022413,21.166409277136257,28.27989365620622,8.20233423399358,7.708418668161707,2.919144878386053,14.315074511904035,1.7463627509760002,5637.652082639775,-13.142292384493983
2004-05-31,2.230365312609326,2.8994904585159045,2.4504152530639147,2.6473970646340996,4.84686885597907,27.01637512405541,35.246203593325966,7.534450859330439,7.126841130206069,2.556917022205811,16.354147912579393,0.9504930355200001,5636.004100807422,-14.747723925893581
2004-06-30,0.39639423823845005,1.1124883215934311,0.5972744194378545,0.5153082791214255,6.5746461685603395,31.42928379900961,41.25893318018424,7.835318685097532,4.354576473412066,0.6553663145977904,18.290551661252756,1.110498812928,5634.750671911966,-18.745684159582964
2004-07-31,0.2848261987397105,0.5047252326129699,0.28812294023935264,0.22018068061454174,5.063664573407875,33.484670078397535,43.78052769964511,5.889295151774456,2.020447894507922,0.32446376305164365,18.047721079546584,1.5503923722240003,5632.887841315643,-19.27364968871894
2004-08-31,0.33908584691890875,0.7861846777202971,0.4464301622563229,0.3609601203167838,3.8550045524373595,30.2480305904666,40.657817228227465,3.1352773640410287,1.468287826772129,0.48316520180307815,15.872883512388915,1.358825822208,5630.5456318155075,-16.748544132793835
2004-09-30,0.7017064574618076,1.3181550984035437,0.6518964710736551,0.48563866738029365,3.433478251499922,23.482080570301292,33.20177656168831,1.8251102514214088,1.3665673226119528,0.7893491735798249,12.661802591504577,1.072332297216,5628.188894161925,-12.944785715140751
2004-10-31,17.291842243433727,13.922062526174233,16.826541698963545,16.504888010270673,3.8507581361963172,13.39032729714511,19.11589536785709,1.996803693973887,11.082651594741561,16.136333619710545,9.887287217982793,0.9561201500160001,5628.610987794591,5.2929262517117515
2004-11-30,7.37098146368556,8.237347890287772,6.690128741742568,7.503721263659832,2.3978960122735438,6.670711199309213,9.747668055261514,3.2016929018040647,4.788996647705901,7.450544839843934,5.3613929632708475,0.8991150335999999,5628.871845918391,1.1900368429730865
2004-12-31,22.83268624930475,20.792099694226774,23.924192592260514,22.597524122791913,2.5686685282850137,5.633693537676139,8.686763336294183,2.7914788723540505,3.853642977361519,22.536625664645985,4.7068494503941825,1.345858993152,5629.892626462391,16.4839172210998
2005-01-31,25.366791492449682,20.683343366230634,22.03879545524796,23.702923794100375,3.0034487429613934,4.663261450187588,6.536185297726914,3.1446005218369457,2.8411108431827823,22.94796352700716,4.037721371179125,2.5544653240320003,5631.527187804742,16.355776831796035
2005-02-28,13.419830001168735,14.764482650567924,14.105024621445054,14.70533347903655,4.660471320337069,6.986257596611716,9.383007587356712,5.085461895405462,4.876600462365315,14.248667688054567,6.198359772415254,1.70403706368,5633.162218882979,6.3462708519593125
2005-03-31,19.549566457319866,17.75787713898928,16.726509958786846,18.43067732506532,6.655827362542533,12.743611432063258,16.939352687046583,7.372917410234995,9.663476854547074,18.116157720040327,10.67503714928689,2.3032024289279995,5635.044714943802,5.137918141825438
2005-04-30,8.326184997096705,7.905895555710783,8.249448550720373,8.485909045890667,5.6403792258558,16.647820065576585,21.43770191219502,9.502244617141809,10.387735164775407,8.241859537354632,12.723176197108923,1.6245234892800002,5636.211214511866,-6.105840149034292
2005-05-31,15.332446551117403,9.942832253865964,13.222334390199084,14.91314565801245,8.696825400782606,22.5576743289656,28.479577620776855,10.298659327176914,12.803555232258413,13.352689713298727,16.567258381992076,3.050385371136,5637.036551612264,-6.26495403982935
2005-06-30,3.4562155303931443,1.6471313671039607,3.6421726668542136,3.5847553519586945,7.833985156641332,27.077178744682776,34.94376520648997,9.155707044101064,9.017214035935472,3.0825687290775035,17.605570037570125,2.103072878592,5636.773976703776,-16.62607418708462
2005-07-31,0.14139938718658854,0.37449305492916013,0.18109413532477228,0.1299349761663691,4.679214198407329,34.803537057447755,45.54396127699886,8.444087330105484,4.6973934004472975,0.2067303884017225,19.633638652681345,1.4916746557440004,5635.858063267422,-20.91858292002362
2005-08-31,0.3320882311339103,0.618395665430866,0.3162889120215769,0.32638878930642523,4.08993073765878,31.55597743924286,42.79109763138581,5.133588856772966,2.3304755171657288,0.3982903994731946,17.18021403644523,1.3079371345920001,5634.711421349375,-18.089860771564034
2005-09-30,1.180565340212393,1.71569760708189,1.1199251021547953,1.0736732468277153,4.196747901258491,21.818868843687568,30.226019356273156,2.6799694932510802,2.1771269842329604,1.2724653240691983,12.21974651574065,1.3162554777599997,5633.337415591075,-12.263536669431453
2005-10-31,2.924132451057196,3.293962756753553,3.188739781246653,2.8964952153564782,2.773884577949415,14.817204577058584,21.35675764643098,2.04352612861515,3.405265500154379,3.0758325511034705,8.879327686041702,1.0674391541760002,5633.588927530644,-6.870934289114231
2005-11-30,9.915297868008823,9.83404535497601,10.590941964766351,10.087884267785382,2.723933196196443,8.391573138913357,12.759163689528844,2.4514480494524435,4.595068560785168,10.107042363884142,6.184237326975252,0.9825431224319998,5633.856622915021,2.9402619144768907
2005-12-31,40.894218733685136,38.4744585363665,38.06354677302262,40.633398713356364,1.994771856865481,5.235604582287921,7.88609256106095,2.784392544904545,4.112189408172074,39.51640568910766,4.402610190658194,2.6892714147840002,5635.297177118509,32.42452408366546
2006-01-31,25.03172326807321,20.138747216640088,22.189213069170446,22.683663330154587,2.681540906612455,5.5211924926589475,8.059706400501698,3.5437975407994857,4.451809996884733,22.510836721009582,4.851609467491463,5.017184216064,5637.2180489476295,12.642043037454119
2006-02-28,12.523112797291558,10.886597409176947,11.962988166824537,13.810234103343317,3.7262571178506043,8.691030155729264,12.50538407628333,4.692254942780299,4.850260027039824,12.29573311915909,6.893037263936664,3.351313668096,5638.4653744527095,2.0513821871264257
2006-03-31,28.11570874991867,25.013307075675964,26.40028199965247,27.9904689609016,4.150695263995383,9.13085125235024,11.913165607196376,6.052702227963081,6.859027581731136,26.87994169653718,7.621288386647242,5.112845162496002,5640.324920212445,14.145808147393936
2006-04-30,26.517780473066427,19.415053293214424,22.661543433516645,25.17346371173178,5.82665071675874,14.743317635329644,18.504737812347006,8.890497591202124,12.28034703750526,23.44196022788232,12.049110158628555,5.699043698687999,5642.363813945415,5.693806370565766
2006-05-31,4.06720338270598,3.6157795306250757,4.059434659528081,4.044376960744526,8.235389249878942,26.30570247655277,33.9191065998911,11.162864714999477,12.208470964652474,3.9466986334009153,18.366306801194956,3.954882862080001,5642.722504867859,-18.37449102987404
2006-06-30,0.6097117406356253,1.1894310477207868,0.8881769817860493,0.741799034185191,6.855647367966721,31.19232065748913,40.84799157606896,10.645562117536464,7.557469656447902,0.8572797010819131,19.419798275101837,1.9971363317759998,5642.214494365264,-20.559654905795924
2006-07-31,0.46895525950700645,0.4940586514936523,0.3285357773581413,0.332668770155641,4.3065910150533515,35.06713295422171,46.39146887248471,8.393986282469303,3.382022555086608,0.40605461462861026,19.508240335863135,1.409714509824,5641.089985515105,-20.511900231058526
2006-08-31,0.11717260666620692,0.5531942992410974,0.22853647973970656,0.1510848557326662,4.449023509628488,29.910472146577565,40.10102793431874,4.7441946104452,1.58704788927749,0.26249706034491926,16.158353218049495,1.4307550248960001,5639.796112083363,-17.326611182600576
2006-09-30,0.06767115495949702,0.9909505688605185,0.07324218954591219,0.036146241843751384,3.8486988222841476,23.85887137106207,33.69848672667342,2.506233270262769,1.0793952307774244,0.2920025388024198,12.998337084211965,1.321882592256,5638.296177314003,-14.028217137665544
2006-10-31,1.5787312989270208,2.3953353686831056,1.734897377439882,1.683025339460395,2.5041435246306896,14.533236592053095,21.107138036527996,2.0341111738507465,1.997557485144345,1.8479973461276007,8.435237362441374,0.8890106932224001,5637.830233117877,-7.476250709536173
2006-11-30,9.095689549954729,10.564143275036395,9.519642067946416,9.01932381502531,2.415051381523878,7.567514451599895,11.199156208818176,2.317507472506093,4.554135334246199,9.549699676990713,5.610672969738848,0.8915306618879999,5638.106740516101,3.0474960453638644
2006-12-31,15.820212937963186,15.195351149049216,14.778398227036968,15.549846786562561,2.1044228327681007,6.169123052080771,9.655447140860884,2.997451302270096,3.6343444003309937,15.335952275152982,4.912157745662169,1.2856733337600001,5638.86952153029,9.138121195730813
2007-01-31,3.0502008524304554,3.9079909695724386,3.7959170981888977,3.660467358839545,2.2864233456527563,7.369289534807139,11.450152496450945,3.0025437176886056,1.9376998452364549,3.6036440697578342,5.209221787967181,1.0483558963200001,5639.592451160197,-2.653933614529347
2007-02-28,22.61145965702397,20.225641769031082,20.187216361658383,23.974574703141528,3.519328713356148,7.054871953232468,9.898974733547591,3.8214534364739965,4.538145404227262,21.749723122713743,5.766554848167493,1.5550408581120003,5640.413577519959,14.428127416434249
2007-03-31,3.381111060120731,5.101661842372999,3.0727695646630666,3.17001456355112,5.377982590415813,15.723374698262129,21.380504152208232,6.945697829016492,6.2464761157788615,3.6813892576769796,11.134807077136307,1.3896526233600002,5640.381122231709,-8.843070442819327
2007-04-30,6.326653482668797,7.155344872189936,6.569089831877046,6.913732693485402,4.703619778007042,19.065838338498594,25.32553458506664,7.350114802648966,8.101439130270219,6.741205220055296,12.909309326898292,1.0004764916735998,5639.936199550041,-7.168580598516596
2007-05-31,1.8786532011074752,2.273278538930601,1.9937056878732742,1.970314854955972,6.428259823871802,28.29289220046496,37.22966062719764,7.9309995595234355,6.321421127334651,2.0289880707168306,17.240646667678494,0.7100929179648,5638.081124279302,-15.921751514926463
2007-06-30,0.7246218179340025,1.16453998693399,0.7904940000069433,0.8228731925066662,5.822199298829051,31.859082724365596,42.42306307213289,6.744660299180023,3.907785572359228,0.8756322493454005,18.151358193373362,0.9020753851392002,5636.560125848902,-18.17780132916716
2007-07-31,0.8427666467998609,0.5812065317985667,0.7091921569611939,0.8191637230952122,4.373788646524889,34.226101361304636,45.2550073976557,4.7261075991833374,2.3339135740454156,0.7380822646637085,18.182983715742793,1.4459237683200001,5634.519868356208,-18.890825219399083
2007-08-31,0.3897739632795488,0.5633280109539168,0.3808885894472542,0.3135013355633579,4.00247406826717,32.01521552543283,43.79822614244373,2.507437543332394,1.6541229453307984,0.4118729748110195,16.795495244961383,1.2986401628160003,5632.106038143196,-17.682262432966365
2007-09-30,1.8181030633851711,2.0706454414234448,1.8347235600598502,1.8573334062101237,4.144035102440508,21.732341089972703,30.122243692944885,1.5513182762035183,2.5904054901474893,1.8952013677696475,12.02806873034182,1.115391955968,5629.918288847201,-11.248259318540173
2007-10-31,7.134083440255963,5.677645016610634,7.452272694068698,6.620173210836278,2.5882446225769415,13.479600863910086,19.31335381148545,1.937430932982596,6.212862053612926,6.721043590442893,8.706298456913597,0.7995395727360002,5629.413988126959,-2.7847944392067046
2007-11-30,2.5236440985442323,4.219554947519065,2.865052047964887,2.7441416983775717,2.480251657990224,8.50597690555786,12.828911562385802,2.085032137402941,2.5498154929987265,3.088098198101439,5.68999755126711,0.734338441728,5629.31906279929,-3.3362377948936714
2007-12-31,14.90899298528289,13.003667110446331,14.768140974934228,15.095160521319427,1.8004545761320159,5.637345418887665,8.692586460084003,1.845114432370439,3.276023488858151,14.44399039799572,4.250304875266455,0.9193237143552001,5629.761840052758,9.274361808374065
2008-01-31,31.331873419998296,27.358174458143996,28.324884075173827,27.67540158750147,2.42399194793462,5.791310786975009,8.705620413807276,3.575394881267979,3.646904551391474,28.672583385204398,4.828644516275271,1.7050156922880002,5630.986781791322,22.138923176641125
2008-02-29,16.745331202762866,11.912588879823158,9.78474854456323,11.411817802947194,3.8314895067738357,8.137602943689146,11.372396129562548,4.383971436792708,4.633047690026768,12.46362160752411,6.471701541369001,1.8664894126080003,5631.980610376377,4.1254306535471095
2008-03-31,2.259046765815681,4.531643732096365,4.85541186674275,5.323586645445099,3.6981787784408846,14.225727479707448,19.347225891023314,6.557840166307282,5.57576083713004,4.242422252524973,9.880946630521795,1.0393035816960001,5632.095469986239,-6.677827959692822
2008-04-30,0.9227144387350574,2.442831615412779,2.900408804289193,3.569260249681806,5.640413824722824,19.848579425758302,26.63690518431337,6.996956871334756,6.917450804356919,2.458803777029709,13.208061222097234,0.7480881736703998,5631.47039787316,-11.497345618737924
2008-05-31,3.1119256543985956,3.064739880783485,3.3541399409247594,3.0394008236082617,4.597720670960139,27.201994992518884,35.901128675854075,6.873590999409733,7.272950998754487,3.1425515749287753,16.369477267499462,0.6665439449088001,5629.806476950547,-13.893469637479487
2008-06-30,0.05639145226692765,0.8432428383733924,0.6934290514185004,0.6924310020596149,4.484652444437083,32.89137651307648,44.19122408951397,7.395406908645407,4.473912932875244,0.5713735860296089,18.68731457770964,0.8301461824512001,5628.207691735334,-18.946087174131232
2008-07-31,0.2163744245364681,0.36967926083701586,0.6669100085374822,0.5841287889285416,3.6329612054054166,34.98095591724662,46.406108996400604,4.944104294336897,1.9288642814048385,0.4592731207098769,18.378598938958874,0.9495144069120003,5625.973559638173,-18.868840225160998
2008-08-31,0.13082038426136028,0.49859682317756465,0.6301671184593276,0.6565913793139748,3.4496800739295876,31.974863603285456,43.810350559918795,2.672874079169118,1.1136773286410042,0.47904392630305687,16.60428912898879,0.8203354306559999,5623.344646080188,-16.945580633341734
2008-09-30,0.142775842705413,0.9509527417779908,0.7704781359493185,0.61539950530498,2.52173342017536,24.610141969389264,34.92890364756867,1.330223499485131,0.7077310187375437,0.6199015564344256,12.819746711071193,0.7583882397696001,5620.9137443033,-12.958233394406367
2008-10-31,3.9866966673190234,4.78070237359237,4.023912669566842,4.52627122353705,3.000664496259714,15.862216158580594,23.61275424183771,1.5254863405523147,3.2541425083813644,4.329395733503821,9.451052749122338,0.5891099563008,5620.351422838034,-5.710766971919317
2008-11-30,11.232498276306515,11.416417632659602,11.09242333879513,11.914301263759532,2.1655137414356838,7.691927575137732,11.442652320726564,2.8540268108461158,6.405503591949653,11.413910127880195,6.1119248080191495,0.7148637324288,5620.445585784264,4.587121587432246
2008-12-31,13.012299075388626,9.284523378227082,9.818768630180436,10.644357541141769,2.400995732673155,4.908669691154747,7.464326684986059,1.6682929188737143,3.0085547900024476,10.68998715623448,3.890167963538025,0.6729784280064001,5620.888942598116,6.126840764690056
2009-01-31,8.458217371699304,6.28628110583104,8.475311778720359,9.89561286347965,3.1945551122066576,7.2897966762750785,11.18903943767901,3.214791502670257,3.2356509409874317,8.278855779932588,5.624766733963686,0.6934073001983999,5621.395110327298,1.9606817457705015
2009-02-28,23.791272972625464,22.08974075265055,18.431863637848785,19.908869881968272,4.013741291746083,7.185818629098978,10.086987187004441,4.273358780949977,5.146145596862544,21.055436811273267,6.141210297132405,1.4022280009728,5622.314345137715,13.511998513168063
2009-03-31,13.041916094957086,11.535418388919501,10.650733297135613,11.334244252550358,5.522735858983555,13.467416739881259,18.20437871273623,6.292132866967645,6.8686533945793755,11.640578008390639,10.071063514629612,1.7155359498240006,5622.373605041405,-0.146021456062974
2009-04-30,3.8202148723872447,4.896641837228805,4.59001259126155,5.195114784692757,4.629006526023479,19.350757097759,25.711006096365338,7.386473908285431,7.626571069966458,4.625496021392589,12.940762939679942,0.9984458373120001,5621.683849986339,-9.313712755599353
2009-05-31,8.08802897102578,6.602390288059564,6.001095375948492,6.3399652118537295,6.75410428407005,28.04208748045306,36.88998749651017,8.48071926592244,9.158300381126578,6.757869961721892,17.865039781616463,1.241879703552,5620.381687633297,-12.349049523446572
2009-06-30,3.8219046448287757,2.5489283672311416,3.8411685938887756,3.650495025695753,6.805843975386855,27.40700307784466,35.18705548504072,6.959897685076306,6.6074375045786615,3.4656241579111113,16.59344754558544,0.8773405470720002,5618.725311784449,-14.00516393474633
2009-07-31,0.1638009068033005,0.40055124859940355,0.3374164285342562,0.3646556552571076,4.194326480992778,35.02617658259607,46.48297792198773,6.069510339036342,2.613846864556675,0.31660605979851697,18.87736763783392,1.4124057384959996,5616.417558403147,-19.973167316531402
2009-08-31,0.5266352735306976,0.7474114356170876,0.6737879305318242,0.6114292995604074,3.6560563134451964,30.8535795922563,42.023047857229244,3.426017257025176,1.5710010657089253,0.6398159848100042,16.305940417132966,1.1447508142080003,5613.816518182827,-16.810875246530962
2009-09-30,0.41778800654317066,1.0592053701482034,1.0843252102971077,1.1360212140191774,3.109859692429955,24.704303429993,35.03736583175499,1.9219182106039128,1.1484838404943312,0.9243349502519148,13.184386201055238,0.8403973171199999,5611.502196181335,-13.100448567923323
2009-10-31,12.291411607917032,8.039633468817993,9.700910236252392,9.511569201732055,2.9590155840283106,14.078849652619507,20.29036986821962,2.0701587664262586,8.046247294945484,9.885881128679866,9.488928233247837,0.7418249505792001,5611.510827122014,-0.34487205514717045
2009-11-30,4.082148562350969,5.290701104634008,5.67634726875214,6.29381668646588,2.736445936111536,8.36575144150368,12.641982902442964,2.1986680502059146,2.9713852165256536,5.335753405550749,5.782846709357949,0.6611370218496,5611.503709588244,-1.1082303256568005
2009-12-31,16.36496276541307,14.141117275211347,12.810589268042337,13.444495595931624,2.2002145198425347,4.774422703163376,7.179393472733766,2.053975048861078,2.9741887495581616,14.190291226149593,3.8364388988317835,0.8048486329343998,5612.065448057094,9.54900369438341
2010-01-31,28.107687973834143,24.527459760088703,21.00971502657869,21.866084114159335,2.5907573393359806,4.977364956167154,7.0996222345567945,3.196548348215401,4.3089183537396964,23.87773671866522,4.434642246403005,2.0332721931264004,5613.6068085040715,17.409822279135813
2010-02-28,17.05540467145324,16.675506393838397,14.472828739500653,16.729768223921905,3.875574374285554,6.5911653613655785,8.729995606784572,4.061447930135275,5.020944708373084,16.23337700717855,5.655825596188811,1.9861267599359993,5615.103403600572,8.591424651053739
2010-03-31,10.110249762959334,10.763061008284621,9.273569518188584,9.327192155180736,5.414223213557562,12.842163915625383,17.140649379059926,7.032474530446971,7.317469476219081,9.86851811115332,9.949396102981783,1.4975464273920005,5615.903325746814,-1.5784244192204644
2010-04-30,18.29391422984385,15.491160176617834,14.063449265829922,14.106254875575619,5.126352442527424,14.922842394399812,19.02295280677173,8.252261923233975,10.663498304552158,15.488694636966805,11.59758157429702,1.3823129088,5616.687266788165,2.508800153869785
2010-05-31,6.628989514141662,4.51048347562879,4.947167591797275,4.6870695241446025,7.089716704697727,21.626658671769572,27.76040330990517,8.431740115324152,9.671592651166419,5.193427526428083,14.916022290572608,1.3106283632640001,5616.163581981505,-11.033223127408524
2010-06-30,1.0381131464356026,1.203023088618345,1.3534661791807194,0.9384190929223654,7.724690683097249,29.173337999977168,37.89778052914404,9.050625078945794,7.840528588390402,1.1332553767892581,18.337392575910933,1.536936228864,5615.226619746098,-18.741073427985675
2010-07-31,0.17007513354755396,0.43986467183106787,1.053222566652434,0.26038781879897976,5.851210078661774,33.62203469311994,43.70373269036835,7.704098953612271,3.8549421347490638,0.48088754770750886,18.94720371010228,1.320903963648,5613.80606170593,-19.78722012604277
2010-08-31,0.3163225931829702,0.6584762249721932,0.6992600109744317,0.48494305672218024,4.75580245908179,29.697672684552938,39.8897078481736,4.42166696807944,1.86899851835392,0.5397504714629439,16.12676969564834,1.2673240473600003,5612.342266988366,-16.854343271545396
2010-09-30,0.6961777525836055,1.2505176804597733,1.0548713529802016,0.8548794251031288,4.074741677213013,22.825488189723465,31.79287151920634,2.6644031318494292,1.7135688373517057,0.9641115527816773,12.61421467106879,1.2169246740480002,5610.720157085117,-12.867027792335113
2010-10-31,15.131476468921608,11.607432880842929,11.08954973699918,10.937884583233233,2.9101997653056246,13.466085547724889,19.082129130213833,2.2676849195482247,8.746340919604405,12.191585917499237,9.294488056479397,0.9105160568832001,5611.067418496196,1.9865818041366405
2010-11-30,14.34381039284824,14.32948420130669,12.449781544224143,12.072522912953538,3.011152691216063,7.423159871573382,10.98656401062762,2.863030999143151,5.935668297094326,13.298899762833154,6.043915173930908,0.9573434357760002,5611.762300458064,6.2976411531262455
2010-12-31,40.14177105360311,33.79798926129594,28.45722767527751,28.15731649193756,2.4344432320628457,4.837370620159943,7.123470627166339,2.716226867581153,4.71422723141351,32.638576120528526,4.365147715676757,3.466057872384001,5614.494492949214,24.80737053246777
2011-01-31,7.069917412356329,8.651284005126614,8.43877221434084,9.074161252034877,3.114407762825537,5.988000038569331,8.800501296739556,3.7351165162874356,3.430387953204606,8.308533720964665,5.013682713525292,2.6518388705280005,5616.499620076719,0.6430121369113717
2011-02-28,17.419638338310246,13.910083013095456,13.468305587244815,14.159934146189057,3.948628257250285,7.513598763364202,10.715310428271577,4.621119970564814,5.0060051538156936,14.739490271209894,6.360932514653314,1.6834858629120004,5618.248989948958,6.695071893644579
2011-03-31,35.18216556951744,30.19860508717423,24.16675197586555,23.685556581323908,5.817767222371187,10.504118776343562,13.858246833151275,5.987632026957335,8.5384193935613,28.30826980347028,8.941236850476932,4.3977123072,5620.940823027172,14.96932064579335
2011-04-30,5.454817269864402,5.753469895366151,4.9463181029985765,4.842261735742138,5.195440723329505,15.527665176088155,19.821834320673045,8.88879978512896,8.648473035883622,5.249216750992817,11.616442608220657,3.943873290240001,5622.222433052856,-10.311099147467841
2011-05-31,8.736964013820351,5.755500461938729,5.681961939925876,5.986355817738254,7.168574690728459,21.467265854948323,27.408682474187213,9.173805721360948,9.882083755257376,6.540195558355802,15.02008249929646,2.69856838656,5622.521576670638,-11.178455327500659
2011-06-30,7.392112517785611,2.7217292508189233,4.819042589780706,5.374580545327105,7.838646773195799,25.419101928983725,31.886433387203116,9.72220183180042,8.467443795948325,5.076866225928086,16.666765543426276,2.9730737111040004,5622.519780820922,-14.56297302860219
2011-07-31,0.368696457315028,0.40853351125798726,0.5875188575882309,0.4797180662160357,7.05383352824812,30.695694244242333,38.67932491515588,8.476926770516483,4.324533294885145,0.46111672309432045,17.84606255060959,1.6406708613120005,5621.440480720355,-19.02561668882727
2011-08-31,0.18321963281751252,0.47735262202831014,0.2384696065575718,0.25168606134076654,4.997650921380845,29.266512251299865,38.48500715277086,5.5724523776755115,1.733942068757685,0.28768198068604023,16.011112954376955,1.303777963008,5620.286581771727,-17.027208936698916
2011-09-30,0.715491573539161,1.6355794507128985,1.0450634772315708,0.7456615890351992,4.03375532926695,23.737858711440463,32.79514650065957,3.4232276853505694,1.4086745978257573,1.0354490226297075,13.079732564908662,1.5447652577280004,5618.928979799736,-13.589048800006955
2011-10-31,8.153426085501732,5.964205340322424,6.168964043675495,6.421939380871958,2.942862787800044,13.041681851449752,18.07887652331481,3.0490249320856586,6.651834750728633,6.6771337125929024,8.75285616907578,1.3390085928959998,5619.244990024249,-3.4147310493788776
2011-11-30,6.270529480833544,8.588989085778142,8.36974295486984,8.71944849191381,2.922669522348876,7.271534561850221,10.799788878932882,2.397857590259735,5.029372003459715,7.987177503348834,5.684244511370286,0.9328777205760002,5619.6977164596165,1.3700552714025473
2011-12-31,0.7239629275058805,2.383516569106871,3.283809149491627,4.225197044089197,1.908556170352841,6.710551361637274,10.648930744044014,1.96032347790597,1.1344012613844834,2.6541214225483936,4.472552603064916,1.0982659553280003,5620.206731144458,-2.9166971358445224
2012-01-31,15.642590529851473,14.289224857555045,13.074476571223187,15.327757423741865,2.3081286672343846,7.091760832626408,10.90137650923484,2.59908510889942,4.005308383659269,14.583512345592892,5.381131900330865,1.137900413952,5620.977089598879,8.064480031310026
2012-02-29,4.953546816938576,6.560666231621862,6.957710891479906,7.239272376745555,3.285282331356462,9.154227071671801,13.170983727435623,4.317303423657688,3.7237921554488222,6.427799079196475,6.73031774191408,0.9385048350719999,5621.201400430184,-1.2410234977896044
2012-03-31,23.829804440312074,20.652757945078804,16.984317444460952,16.878838019716458,4.620273517076882,11.893657695394108,16.162350990203645,5.600137542488509,8.037300277023524,19.586429462392072,9.262744004437334,1.4873442241536001,5621.760268976366,8.836341233801138
2012-04-30,14.638067909399567,12.182724755431723,8.740889244040352,10.273797109369925,6.978530369170974,18.06219839262798,23.430879566656937,8.32014335307908,11.090576907355558,11.458869754560391,13.576465717778106,1.8841047275520006,5621.773204189731,-4.001700690769716
2012-05-31,1.1389746752244705,1.8440581935440243,1.2772707162906425,1.4176680597545164,5.190368065468937,28.70802365847542,38.02763064748475,8.547749324911605,7.542631044326902,1.4194929112034136,17.60328054813352,1.0650170483711998,5619.898173819718,-17.248804685301305
2012-06-30,1.7204916515803912,1.5042646515486182,1.3486002250490434,1.1850526271407475,6.4175524103730215,31.745233163463407,42.70379834731726,7.404209857648352,5.108299647612487,1.4396022888297,18.675818685282906,0.9909103970304001,5618.1290350992185,-18.227126793483606
2012-07-31,0.18673410022934855,0.4189966732218299,0.33498035488368944,0.33837259219869836,4.91325743137009,34.02271261042543,44.88391221245796,5.47338542403119,2.5459047176726095,0.3197709301333916,18.36783447919146,1.5384041717760002,5616.003696213984,-19.58646772083407
2012-08-31,0.3063747532478105,0.5585174540376687,0.4417779483277284,0.3806034104270403,3.1707871238666043,33.608338767570004,46.84470754726918,3.21971179074629,1.3560455152828736,0.421818391510062,17.63991814894699,1.3558899363840005,5613.663192136172,-18.573989693820927
2012-09-30,0.06297466659899217,1.1088587326127815,0.43109317325257246,0.4578443438089136,3.224864092472823,25.072448447439516,35.872119399786165,1.8705848601783601,0.9414094679746763,0.5151927290683149,13.396285253570309,1.12664618496,5611.307107345217,-14.007738709461995
2012-10-31,4.393414232236799,4.07447010126825,3.721408346557517,3.6251751931769096,3.57010901146604,15.61358762323897,22.81393248672925,1.3268272914296835,4.285553668374288,3.9536169683098685,9.522002016247646,0.8685328896000001,5611.056942114293,-6.436917937537777
2012-11-30,18.821140232190583,17.495920202658958,15.332367466444733,16.252896983123943,2.1862714461641786,7.752708712793992,11.581312253147361,1.9063673059580242,6.27860884822257,16.975581221104555,5.941053713257226,0.8741844698111999,5611.469463250425,10.16034303803613
2012-12-31,36.05637956775758,28.414583536555064,21.475221522076396,23.214650076238975,2.502916852344471,4.30935217396859,6.307724122202549,2.845652376744023,3.63378292171274,27.290208675657006,3.9198856893944742,3.488566330368,5612.7749689486645,19.881756655894534
2013-01-31,4.155815373148084,6.3321666000153805,5.965041497243122,6.533636707394672,2.4279964812721704,5.932718297455402,8.913308005229768,3.479326033568378,2.6584475712957745,5.746665044450314,4.682359277764299,1.7989640386560004,5613.460751875464,-0.7346582719699852
2013-02-28,2.3411839093860123,3.375331144589628,3.8027416243539314,5.2507351838047125,3.6652513708441616,8.12070912399332,11.458095777253776,4.652964682540445,3.228026665888428,3.6924979655335712,6.225009524104026,1.0877456977919997,5613.782916646829,-3.6202572563624544
2013-03-31,6.611508144267471,8.289764609649191,7.5335172652316755,8.966285216165097,5.1189216497154,14.059489927493052,18.723338311511327,6.3428923673185365,7.2499126809045835,7.850268808828359,10.29891098738858,1.01899703808,5613.786876632112,-3.4676392166402206
2013-04-30,4.023882063780762,4.445379044205374,3.780881591648282,4.839075525871047,4.8034364503690545,21.064596614948236,28.0816300887511,8.363001983614803,8.271188201569984,4.272304556376366,14.116770667850636,0.9099533454335998,5613.0347517309465,-10.754419456907868
2013-05-31,3.146801182233852,3.3479677745728114,2.5035321472999463,2.5384713878708185,6.476154606104096,27.835912848815845,37.096378611611364,7.504457003976008,6.674485147728313,2.8841931229943567,17.117477643647128,0.8629302408192003,5611.184389281793,-15.09621476147197
2013-06-30,2.6890687530129513,1.977418055641217,1.6908845486140676,1.712403157016712,5.691701531909823,32.36347006213129,43.37979784322813,7.404843468122681,4.765510890865444,2.017443628571237,18.721064759251473,0.9690869790720003,5609.26407876148,-17.672708109752236
2013-07-31,0.42276020565749545,0.6639836820755386,0.4552263524846706,0.36195410542968437,4.641098331803007,35.298435662832595,47.001046992699145,5.550763528506711,2.1102579236137164,0.4759810864118472,18.920320487891036,1.326286420992,5606.800379268872,-19.77062582247119
2013-08-31,0.3909900130927033,0.9303774535796322,0.7914799301312406,0.5006706477536262,4.672073796719636,30.054171644480004,40.56258517265448,2.857752316988682,2.054540168618466,0.6533795111393006,16.04022461989225,1.335338735616,5604.1800745055425,-16.72218384436895
2013-09-30,2.871412408374932,2.514368153810709,2.6729885695167055,2.177266102733089,3.870168190740681,22.519841424522205,31.37024346518709,1.741105135056701,3.014983980301052,2.559008808608859,12.503268439161547,0.989393522688,5601.786343059003,-10.933653153240687
2013-10-31,1.6805543529363896,2.3128169204536566,1.9182087493059048,2.0002715315826354,2.2688569665821117,15.2026521866691,22.264728595867773,2.045434043634066,1.3765237778632788,1.9779628885696465,8.631639114123265,0.6048414111743999,5600.562685159435,-7.258517636728019
2013-11-30,3.961844860271948,5.508989212210909,5.246612147601508,6.175848034849493,2.4687219359458887,9.135073356562874,14.034868224413485,1.7820032516361626,5.003933026655774,5.223323563733465,6.484919959042837,0.64467159552,5600.502809900388,-1.9062679908293718
2013-12-31,2.0873191222862584,2.628282893243857,3.851108612192369,4.8622344332520555,1.5739679361365333,6.551701076913953,10.448983427317755,1.709546442361528,1.514021369540769,3.357236265243635,4.359644050454107,0.622285466112,5600.661307162006,-1.6246932513224719
2014-01-31,2.784834549627392,4.681833013078306,4.36649591840658,5.475254587584056,1.8400645549068047,8.950591349084618,14.189102376482982,1.861018905742071,2.0604323080802387,4.327104517174083,5.780241898859343,0.4800173322240001,5600.983829498422,-1.9331547139092593
2014-02-28,19.763224855364623,19.81339292894187,17.85767093762868,21.10323657901478,3.4844628443714263,8.301070017694663,11.768399486176316,3.774182500438208,6.153345352700387,19.634381325237488,6.6962920402762,0.7355127960576001,5601.2777972473405,12.202576488903688
2014-03-31,17.662645765562836,16.001179566301722,11.438685599611613,12.134746156474586,5.026902545706768,14.491495615340167,19.87082088142992,6.3828785787902325,7.466347694035829,14.30931427198769,10.647689063060582,1.1205786875904005,5601.161605539505,2.541046521336707
2014-04-30,7.056335765301283,6.980387788479948,4.377981910570637,5.115834830583602,4.822239630146458,20.5445751095631,27.345737035338054,7.900767600320903,8.191589854416014,5.8826350737338675,13.760981845956906,0.7073038264320002,5599.926162777803,-8.585650598655038
2014-05-31,1.7347182872749143,2.418053031016605,1.6339229210370183,1.815450246449492,6.221620103883998,29.09718890899056,39.09547140910152,7.549487304058936,4.919536709107552,1.9005361214445073,17.376660887028514,0.43607690772479996,5597.034494327221,-15.912201673308807
2014-06-30,0.4180686274134626,0.9702871724699712,0.5792382021487311,0.47074114595888,5.171404004968409,33.76056160105876,45.668973267053914,6.410665824186,2.823178055037892,0.6095837869977613,18.766956550460993,0.6532345958400001,5594.261892494324,-18.810607359303233
2014-07-31,0.7000277805302478,0.6110710777867298,0.3990270394325784,0.44382302311595545,3.6085302297451416,34.18624886331486,45.85427348241935,4.169358714432975,1.3597435193841947,0.5384872302163779,17.8356309618593,0.6935296287744002,5590.910141186038,-17.990673360417322
2014-08-31,1.0587710825574708,1.0715724408966136,1.1169200051379242,0.8918869212393823,4.399862161454984,29.764490223813052,39.99833733164405,2.453774401577243,2.1425330788504597,1.0347876124578477,15.751799439467963,0.647974467072,5587.511549674081,-15.364986294082115
2014-09-30,2.8761476646892974,2.6381355894329444,3.1469740969231266,3.1578173522941464,3.4548064718225575,23.540095054354328,32.89500651852589,1.7199501952804563,4.197400696697476,2.9547686758348783,13.161451787336143,0.6058445054976002,5584.602994794774,-10.812527616998864
2014-10-31,4.111432387102189,4.234904770460807,4.540310177037819,4.606810416721891,2.237524154597296,16.76197401283043,24.679545909439003,1.5622397003539719,5.075811472823316,4.373364437830676,10.063419050008804,0.4796748122112001,5583.849052356746,-6.1697294243893275
2014-11-30,10.035434147656023,10.343202132008827,8.760186807192817,9.772024782504317,2.653510628958369,7.905159925994723,11.748158849219733,2.3517186255471754,5.290514343319995,9.727711967340497,5.989812474607999,0.5575736494080001,5583.998296019391,3.180325843324498
2014-12-31,31.811915396359222,28.45092529041055,23.571089225742234,24.61990952562783,2.532264017283112,4.621287557898833,6.780018908098447,3.1302962324551267,5.36683051845873,27.11345985953496,4.48613944683885,2.5078581365760004,5585.313983749596,20.119462276120107
2015-01-31,0.986279655505098,3.3498014609534934,4.253305446061567,4.9338096213217275,3.231410840225431,6.62584712660691,9.846619486478632,3.074830132392286,2.8337733713486304,3.3807990459604715,5.122496191410378,0.8140477418496002,5585.826106591265,-2.5557448872995066
2015-02-28,13.6522864533913,10.529756517585938,10.35773202542086,13.187922008034,4.6365684037290675,9.160396198602045,12.942232698548304,5.271412876559997,6.283688184950062,11.931924251108024,7.658859672477897,1.2241175943168001,5586.398890253781,3.048946984313327
2015-03-31,2.344245237409155,5.168198006976433,4.796347392129138,5.417292238641613,5.543894487839122,16.00620493987359,21.705891733210304,6.308150491736015,6.667927278753833,4.431520718789084,11.246413786282574,0.6046946168831999,5585.864613673876,-7.4195876843766895
2015-04-30,5.895052108942299,6.6405535466554895,6.3230125773352315,6.465095692245328,4.548017124987283,20.454298232036116,27.117796681762854,7.143267324689859,9.847483108562825,6.3309284812945865,13.822172494407786,0.4654357659648001,5584.872173828218,-7.956679779078
2015-05-31,4.0751532394710726,4.070637567699303,2.9311354008483583,3.0393742425029404,6.740566797327259,24.208361233192477,30.699643901923203,6.987631257361107,6.431135812397578,3.5290751126304185,15.01346780044032,0.5552004750336001,5582.187621277371,-12.039593162843502
2015-06-30,1.0418786579755548,1.5251920168462307,1.3248707458722184,1.1234250382022115,5.027816048452067,32.99995846638566,43.67190380165248,7.610966370052277,5.256804479789176,1.2538416147240539,18.913489833266333,0.5054127446016,5579.337680511881,-18.16506096314388
2015-07-31,2.7320575324026555,1.3293548063287828,2.0486815659853543,1.4040681421162717,5.330697534540701,32.03215198491001,41.68304542798125,4.932330958285887,3.201532561988669,1.878540511708266,17.435951693541305,0.5981133394944,5576.011357719532,-16.15552452132744
2015-08-31,0.24786677750533312,0.7531195649429286,0.6181681463439697,0.4024689231340281,3.898531255418881,31.189331695353903,42.582534988018956,2.6969762902870102,1.4324911568574747,0.5054058529815648,16.35997307718725,0.5900396534783999,5572.660959184351,-16.444606877684084
2015-09-30,0.9689171774219503,1.5791091971501272,1.0540190825923577,1.0308285007879274,3.1099629641551325,23.39765937124321,33.06146410430377,1.5643862436935214,1.6788885053958023,1.1582184894880907,12.562472237758287,0.5799108473856001,5569.776506675409,-11.984164595655797
