,runoff,soil_moisture,prism,chirps,persiann,trmm,modis,gmet_eto,gmet_etr,fldas,terraclimate,p_mean,et_mean,qs,c2v_s,ds
2001-01-31,0.3387077864468079,3.7752803032035898,4.648649562244331,5.138611468440665,5.878214189163155,5.232827579057373,1.5375055603214056,1.8310872357326164,2.661275192981825,1.0731369640806734,1.7817194044604738,5.241855358361453,1.7769448715153993,1.3037779630080002,5650.451345800189,5.936412827041643
2001-02-28,0.8422790985366589,5.617042084396976,5.235038146769199,5.226746449665729,6.747654099698244,6.335717767033925,1.4781570260012171,2.5066574493083977,3.500802272102937,1.4528288287570423,2.231485224854789,5.913414213396308,2.2339861602048763,1.4295317391360005,5651.421294929377,7.866938398452407
2001-03-31,0.2417015795712,4.870328855938309,2.4914634081208327,3.67222931924989,3.5136282447791523,2.6544423766018057,2.5679669896914827,5.077706962200187,6.664522159793764,2.65395276529338,2.8331320976524554,3.0368845977119854,3.959456194926254,1.8730951557120001,5651.9631164100165,2.0746621030120407
2001-04-30,0.19230148746139608,4.025034337156718,1.8785398324258038,2.1058207323426887,2.8056181260232225,2.4632598018477583,1.9414023544386263,6.17701836433963,8.027977843447696,2.557924325317042,3.0430039769140205,2.282363874851118,4.3494653728914034,0.9032252737536003,5651.730711027027,1.0547075653628326
2001-05-31,0.015433545173835295,2.663451478546473,0.011473368149719918,0.33141704858943916,0.13869985597939155,0.04740647805837661,2.227202611099207,11.745110075386664,16.009651827013855,2.6392329126307406,1.4253359339636456,0.10839834046772841,6.809306672018822,0.6871440771071999,5650.261744780242,-4.724600930111821
2001-06-30,0.010777923387231374,1.913040841946052,0.17927969206613692,0.23647995075689718,0.3388277262937319,0.21594675558266424,1.0287901139831468,11.815112241360888,16.120874509131507,1.5912227876751888,0.9442030049870307,0.2400946508916643,6.300040531427553,0.9089013196800002,5648.9975210019,-5.0558063582698365
2001-07-31,0.0011013227459764708,1.5012270373703278,0.032283854298356306,0.06465619025295427,0.09683366176833647,0.044152933120081284,1.9851336444040533,11.84280230036627,15.726562630033982,1.038857305431626,0.44011309504431695,0.05543104417143789,6.20669379505605,1.13276261376,5647.184847577099,-5.782798327274284
2001-08-31,0.0,1.2542477430615342,2.254596539551679e-06,0.08446638746139008,0.022726823094301702,0.005688082535024079,1.2785817956396175,11.151523011524015,15.218112057762616,0.5588668897505685,0.2524398119092706,0.02271225566393108,5.691904713317217,1.0026050088960001,5645.004876148353,-5.417549723487752
2001-09-30,0.014451208995137257,1.0822917777492331,0.24081896810922085,0.472557861071088,0.27660549264560896,0.2410774001258873,1.1897391633733274,8.38545683562485,11.670030956838929,0.3603064055703903,0.48163175900782434,0.29947110935480037,4.417433024083064,0.9071887196160001,5642.899364745437,-3.942858856595031
2001-10-31,0.04100544265436863,0.9621876192239938,0.6170529737740573,1.2202964624930157,0.9081241999609859,0.7639821275989529,0.7488589207716644,5.904667934248246,8.627705560504378,0.2916367911418481,0.8535986523633946,0.8675141067071259,3.285293571805906,0.6348363780095999,5642.57206014971,-2.0904282238843868
2001-11-30,0.35971012393562357,3.512867310554654,4.363547010849984,5.339245125003562,5.905816734417243,5.077498949503109,1.0999457118392721,2.3161035452845486,3.255702604330936,0.9585910021830697,2.385357288774476,5.202213099014173,2.0031400304824603,0.9030050823167999,5643.072920010994,5.808935296769567
2001-12-31,2.6578759165791372,6.491724283692374,6.545311381039224,7.3110234251008155,8.670162558741561,7.7018252746539195,0.9578190504903781,1.4992024965537176,2.1494432244401525,0.9449236830684788,1.6352280001752852,7.611918477781472,1.4373232909456024,2.076405249024,5644.229574138605,10.589914221504245
2002-01-31,1.0489745436471218,6.63129075224054,2.56647615652532,3.3213936381428333,3.2321421191662316,2.9521013459779,1.1141781023141648,1.7095364480263924,2.4162709398181867,1.0650974607761206,1.2623880156465195,3.028454374593585,1.5134941933162767,2.902612451328,5645.2604933660205,5.243638482189849
2002-02-28,0.14753632290936472,6.256499840372255,1.3323048045474588,1.8655351685141472,1.959200978897731,1.5600200781705749,1.5920357645227672,2.7937491517560082,3.8442062186494828,1.5369557257761806,1.4761701575322606,1.6457077051772184,2.2486234036473403,1.2450602465279998,5645.8035911868565,4.408523895374134
2002-03-31,0.2724727845586824,5.730816267427439,2.271818024912792,3.060439591167911,3.0772452646866935,2.6109586078437417,2.1316233372941054,4.789007186637566,6.426269829241601,2.2272554826502216,2.4830186094937354,2.726199171700891,3.611434889063446,1.6171837747200002,5646.23875505761,3.2283967753448843
2002-04-30,0.07196775488652549,4.234703470905625,0.5636293970332584,0.9952921303791474,1.0503501967970326,0.8287499663388095,1.9003385257767156,6.419399378289761,8.34144009193355,2.412883721486426,2.127558687405478,0.8183290764348724,4.240324080978387,1.0625460111360001,5645.782901715408,-0.24983754477388942
2002-05-31,0.046325394512313725,3.05093894541794,0.8527306337083995,0.7689779392992573,1.0512724818273607,1.0409697013189072,2.2656735195328754,9.809249611077075,12.961876158627673,2.144809104359899,2.076745968992979,0.9376467530181744,5.851670872518101,0.9836196139008,5644.283097251442,-2.8467047879827874
2002-06-30,0.0012315131904,2.056577152597133,0.0734609959965727,0.14608245034851117,0.08213354045762655,0.0559666561847956,2.1152132527634073,11.820723271113142,15.8931715524607,1.781781952501478,1.0245137649840692,0.07766827320499592,6.527080758764559,1.0197310095360002,5642.972353611367,-5.4125663424984305
2002-07-31,0.0,1.5522259119967374,0.0029057639264202717,0.05962876642273206,0.01108688883011286,0.0034976219050588354,1.594878992627351,12.348201256830057,16.50313126002326,1.1783022159558922,0.512912967697669,0.015665415048467746,6.4274853386268465,1.4334462535680002,5641.233073521444,-6.293040265149641
2002-08-31,0.0,1.2713757441228803,0.0,0.08433455231798079,0.00855927754968748,0.0027517694074892553,1.153687457236229,10.831039508951786,14.686603265912424,0.5957990771710012,0.2912109775739483,0.019129119855031504,5.511668057369077,1.2905664768,5639.099846619753,-5.511729670191165
2002-09-30,0.0,1.0859573264966276,0.0032510778542406446,0.22831961896852498,0.005037562984088427,0.0021638273681557933,1.0382512236046053,8.529469378267647,12.123455855625174,0.3134911570152747,0.22160514255129105,0.048486234088065405,4.445254551412798,0.9955099514880001,5636.8534808322975,-4.3063209423161055
2002-10-31,0.0,0.9513809079625289,0.00067824444942049,0.3765106669026536,0.029912693098188947,0.010669122926918372,0.7375657002947764,5.5326145438163925,8.029733357520271,0.22743905125587607,0.146679540311542,0.08384966896977063,2.9348064386397716,0.7501922251775998,5636.413804361111,-2.649768086885072
2002-11-30,0.20918912843695686,2.161368944960452,3.0675657508576784,3.453462084805208,4.836742839717896,3.6487828584285396,0.8945776163719532,2.7295025490131337,4.071674144295658,0.732042709160937,2.3601057807143158,3.7414169142821523,2.1575805599111995,0.8621473379328002,5636.763795704212,2.8830579613986047
2002-12-31,3.1561037176390276,6.593979531423825,8.616042281167637,9.448618120220504,11.962594156722586,9.879303662484292,0.9395224274546448,1.4616013214269248,2.0910757186762443,0.8840899252126744,1.7843415781456315,10.129082030613159,1.432126194183224,2.2093274797055997,5638.09418288809,13.08160788814816
2003-01-31,0.881293056602353,6.536584096312621,2.1283719437525077,2.4615414325266847,2.520885826185844,2.3763650793056583,1.2531814282488973,1.7269545436608105,2.332948075647723,1.0635391602552235,1.1885648170437775,2.4056959148539416,1.5130376049712866,3.9389801471999992,5639.075233448662,3.490262258995277
2003-02-28,0.3647817346027922,6.512048056307151,2.1936115377064844,3.250519500433993,3.171415361524032,2.6800091242776087,1.6913321716824348,2.707520874444933,3.749301554695128,1.6129378242286148,1.974967320436656,2.7486108554630233,2.347211949097553,2.472015863808,5639.909945625365,4.441431098864621
2003-03-31,0.2774631738026667,5.867433263901917,2.293988920904238,3.0443187931264823,3.3887238245584648,2.55106058812676,2.4272228738650354,4.950764056760715,6.571041595286997,2.3341462600523997,2.7104403169545037,2.7972884253755397,3.7987230205839304,1.7385337221119999,5640.222907174417,3.1274649465815267
2003-04-30,1.0226725981404863,5.7625803762639825,3.796120669052768,3.811490640098329,6.061368246808602,4.953494657543807,1.9761177158800565,5.121707948045228,6.54520079665422,2.1997129408607248,3.394044099301697,4.616043847084486,3.847356700148386,1.5843997163520005,5640.521679595739,4.946867806848082
2003-05-31,0.08684016939971766,3.922289917031605,1.277745067081296,1.1230353147080097,1.7092163117673618,1.5033581221403505,2.7395087846343786,9.21532755875688,12.034490512407434,2.576230055929819,2.929133935397146,1.4163015904936203,5.898938169425131,3.0746064291839996,5639.5714232185255,-3.6349530910839056
2003-06-30,0.0010775740416,2.5119359607470684,2.7885798523243623e-05,0.12632909114222046,0.02891941019567643,0.011676115598640457,2.2725075261183,11.35417577251822,15.036840664923423,2.032658752324859,1.4263884740925241,0.03339050054701212,6.424514237995465,1.6350437468160002,5638.449243477131,-5.514231523517385
2003-07-31,0.0011013227459764708,1.7857112814523735,0.029349841854315606,0.07005339659603846,0.11746662283686427,0.05959299423083438,1.3777720418874226,12.800631003188832,17.27037092389015,1.4435286450847,0.7770142962555484,0.06139818700639861,6.733863382061331,1.7011011778560003,5637.021690700778,-6.587855091458559
2003-08-31,0.03132702833643922,1.4186560285394823,0.49004300220353914,0.19035631167624695,0.6594944543787897,0.5162838231740385,1.669593138378391,10.392221278523996,13.907808128236116,0.8068576154231373,0.8983461972176818,0.4631194770321062,5.534965271555864,1.485313569792,5635.235637656342,-5.138503335776275
2003-09-30,0.0,1.1879389808150087,0.02396742344913749,0.2637156466418208,0.07233559323711208,0.02281174628042064,1.1780836233171827,8.731305587782972,12.25386887654049,0.48494135260929533,0.2629870047950808,0.08596712481107285,4.582237289009004,1.1264015278080002,5633.324798595732,-4.434732711190923
2003-10-31,0.0,1.027085049907401,0.03201743271402455,0.416308127752445,0.10469372797220067,0.04830369967704163,0.637870775065098,6.314775153330462,9.340310907352428,0.2250883306874481,0.24514896609962672,0.13299487326605886,3.3526388265070124,0.8346478740480001,5633.089456531608,-3.027206777381552
2003-11-30,0.1385700463154196,1.8773531968969788,2.2142501300484305,2.7849190911890465,2.8769062857820207,2.4929879029480504,1.0190106311756297,2.3852605408602194,3.468271457548302,0.5323077240915585,1.6606542560673632,2.6177942720107765,1.8131009219486145,0.9137944627200001,5633.309430055541,1.7682520842391407
2003-12-31,1.7139442556928002,5.783176819287142,6.582865929643221,6.932581985137931,8.786305971745051,7.648995766487331,0.9326563817411766,1.5743857603392428,2.285518531844914,0.8979841099541238,1.6619362523537573,7.58710110346909,1.470496207246643,2.1074767073280003,5634.479666853269,9.79230500818159
2004-01-31,0.9292841652143687,6.144476684325749,2.530105232772767,3.2006639283675096,3.3861214398991515,2.924144709225919,1.2339667085733648,1.6609350439632777,2.3050172969843636,0.9533688064477494,1.3091579026411924,3.0156057714303413,1.4924891517219898,2.788602218496,5635.432828738519,4.8789910855381
2004-02-29,3.2072818348915457,6.909706560162235,6.129950948824898,6.748837057808443,8.557680566715979,7.5113485680002965,1.6281823464427927,2.470785499510068,3.3939791451740318,1.6241393221116798,2.2273576287300267,7.26165005828012,2.2688887883937197,3.1516734320640003,5636.961465168711,8.750794397984635
2004-03-31,0.12232986531237647,5.457945884480452,0.999157925111333,1.5807709571980735,1.2351723460296526,1.0622944496934947,2.6165826963279315,5.763496777383466,7.691953721882562,2.7652708346230206,2.493873926591348,1.249311507693212,4.266235591361665,3.5423909038079997,5637.772663181146,-1.101369102996001
2004-04-30,0.021047178725898043,3.885020589849098,0.29439242987751635,0.7733551901358927,0.7657029673620142,0.46537994364050483,2.278382667050767,7.883221458569307,10.628303346803094,2.455835143150715,1.9292846157747705,0.5416702618933449,5.0350054462697305,1.7463627509760002,5637.652082639775,-2.3546773455032874
2004-05-31,0.011522525216125491,2.707700616782306,0.1436802568850417,0.4352729612314863,0.42902380638816634,0.3016982923966249,1.637500063258504,10.224507674429152,13.585829737220061,1.7479442205594886,1.3877440297413774,0.2977732427009935,5.716705145041717,0.9504930355200001,5636.004100807422,-3.6617243210784167
2004-06-30,0.0004618174464,1.9046671121022496,0.021400522916430378,0.1714789275058436,0.06480736934122698,0.0426367443217887,2.245797603223191,11.66611682075461,15.667422482695233,1.529035212050446,0.819912722103517,0.061336240214422244,6.385656968165399,1.110498812928,5634.750671911966,-5.530152428776727
2004-07-31,0.0,1.4844444860833632,0.00126025906508047,0.059635360100791346,0.025556677506337746,0.0031856619102580974,1.7752703849227043,12.009936320134107,15.934475019699558,1.0496368275107253,0.4295299045701272,0.017929861717613533,6.239769691367444,1.5503923722240003,5632.887841315643,-6.2877877157904685
2004-08-31,0.0,1.2317641740721696,0.0027214605294888106,0.1041348455603744,0.03269724115511676,0.005315639683423936,1.3147962813158902,10.843992457994222,14.7169677718824,0.539490357328715,0.264150072474604,0.029073040944560785,5.535879388199167,1.358825822208,5630.5456318155075,-5.633867995390435
2004-09-30,0.0004556658326588235,1.0599266750275267,0.13620492009026894,0.3093219696237791,0.14911055727484876,0.0856660845079034,1.0621008357669148,8.508721366589235,12.091224573583691,0.34823501948195074,0.3202874136367184,0.1600298307703598,4.466113841811703,1.072332297216,5628.188894161925,-4.318489633229817
2004-10-31,0.21758299474923923,1.6402541380009663,3.682979016870296,3.7776878468551596,5.809612565292469,4.478005558824292,1.2707524423358747,4.860322405173212,6.938501354550489,0.5542086044979576,3.3482324907329257,4.396931701095759,3.394403459458092,0.9561201500160001,5628.610987794591,1.6866622296226328
2004-11-30,0.13571935251676862,2.212277294944578,1.8788198806911196,1.8598229668203667,1.9969061879001357,2.03923152680756,0.9061961216509994,2.2280396387049217,3.1830365207657074,0.8731134496998274,1.6057764728285868,1.9752977317882334,1.7592324407300086,0.8991150335999999,5628.871845918391,1.5292275524028027
2004-12-31,1.4847519297776943,5.896452595180725,5.787543402736102,6.218835753830335,8.434000643812496,6.6773627077326365,0.9646586205224159,1.6461489850389701,2.4322001234737347,0.8118904743994491,1.6620578003482103,6.59341302984834,1.5033912007565562,1.345858993152,5629.892626462391,9.640615431120509
2005-01-31,2.6639359542211767,7.7511919733097425,5.529803390361416,5.839661752076131,7.65471980477972,6.485885958476696,1.3623065485910337,1.4594914969693378,1.9428608822753641,1.1030547052230848,1.2726354165784093,6.384607462745149,1.428069809927446,2.5544653240320003,5631.527187804742,10.153264302095446
2005-02-28,1.3197171370064313,7.912306664439166,3.5621012204297315,4.621981716724538,5.435240892584496,4.538207668130769,2.055359057016471,2.430518837558873,3.2074502486727434,1.7369725847323774,2.116396252235094,4.5450636089927166,2.3093393960431117,1.70403706368,5633.162218882979,8.44399381370877
2005-03-31,0.8441195096104157,7.3493120679719155,3.8990579298731767,4.930188531330414,5.68924718909285,4.894316204291446,2.8484564381583564,4.485495745481901,5.845893851752685,2.5700646503480002,3.59341389915638,4.8554487767236525,3.8686649169794642,2.3032024289279995,5635.044714943802,6.032893498788104
2005-04-30,0.165485865305349,5.8586664833517945,1.6229093389495377,2.036410276955211,2.4460478302354156,2.0567072556561183,2.3114055008725836,6.191520428355346,8.032472148666786,3.2538374910654273,3.3479421042013375,2.0109683544764714,4.627435534632296,1.6245234892800002,5636.211214511866,1.6176758139159695
2005-05-31,0.13300403654977258,4.340460402472759,2.4842885764519362,2.1052474248560262,3.5956973955044873,3.388000204984064,3.14440793114865,8.620653986659304,11.113103407296542,3.02471583446351,3.264493315493246,3.016182448093024,5.833474895012251,3.050385371136,5637.036551612264,-1.5272174155824674
2005-06-30,0.03452705102105098,2.989947908136559,0.6005387353316984,0.2523252214858789,0.8712349511587587,0.7704355409845115,2.6416475263104506,10.018014068082055,13.136789837248063,2.239869310184565,1.8410218909944978,0.6533946489530911,5.975468526563927,2.103072878592,5636.773976703776,-4.4351988480662765
2005-07-31,0.0,2.050291577907401,0.001143329142277117,0.0533807117535465,0.02731095119660017,0.004893187716132448,1.4708638195651766,12.68655321399899,16.966548058690254,1.7687215921336255,0.9459260211300393,0.017353573449071246,6.767722541103618,1.4916746557440004,5635.858063267422,-6.191752045491146
2005-08-31,0.0001539391488,1.5914228850033445,0.015712326881259217,0.09658760034563653,0.07762115214218736,0.029790400441659495,1.3728485130320316,11.534497230118875,15.939998615755464,1.0411909001562871,0.5126938191161224,0.04606268410707949,6.080245815635756,1.3079371345920001,5634.711421349375,-5.750697381117332
2005-09-30,0.0015569885786352942,1.3184127770350935,0.11390841243737496,0.3342128150377618,0.29572793545372617,0.14161440381314513,1.4151843964317619,7.8416105079141065,10.894170634340904,0.5326089365613331,0.41909860753729256,0.20565043499279873,4.22053461655708,1.3162554777599997,5633.337415591075,-4.012726882289187
2005-10-31,0.030130899963984315,1.1404480041289289,0.4828427228758705,0.806871127105212,0.8690131613668282,0.5920862347898681,0.9278166739309428,5.36173995230131,7.731899459978039,0.4420871830513036,0.7904464579945413,0.6809184486165998,3.0507979454512273,1.0674391541760002,5633.588927530644,-2.296870646881699
2005-11-30,0.10095382789421178,1.5980402717487188,1.5700737297669431,2.210659094577339,2.9404526715157004,2.0363544664724222,0.9330414718140738,2.958571342756931,4.453991683976564,0.6321800379926351,1.288468143682259,2.2441865524554343,2.0532505360444926,0.9825431224319998,5633.856622915021,0.8064331657276607
2005-12-31,2.8635475206264474,6.263264354790701,7.94116468253084,10.074099014534172,12.466221989863811,10.401641202329298,0.8135719586241758,1.676950982948236,2.4525960290288498,0.866752065082228,1.6297422893497726,10.300605307686855,1.4879226650066524,2.6892714147840002,5635.297177118509,12.386675582686903
2006-01-31,2.247541697463718,7.182147443143782,5.052363676208785,5.4916831921153815,7.063338140306603,5.9619579418486905,1.1667445675530042,1.8312627196408042,2.6002874424793827,1.1816442227286943,1.8685873155308927,5.8391204050463115,1.7297052535865558,5.017184216064,5637.2180489476295,6.274378378539537
2006-02-28,0.6716754430674824,6.932298496326476,2.2084745461614643,2.693144855703595,3.6582202318489307,3.0534094195633976,1.474284514785481,3.0026165383005345,4.24888795997959,1.4561816120371132,1.9670742370392345,2.9213761721692895,2.4298089724283907,3.351313668096,5638.4653744527095,4.0725520279713745
2006-03-31,3.005341962488973,7.228183177082277,6.205830383710481,7.418578590597291,9.077563324869772,7.887347259808691,2.004854103029961,3.4332635602928865,4.475287532387184,2.0615413665582247,3.0822361475096094,7.70741129361303,3.0114365419555726,5.112845162496002,5640.324920212445,6.811312766243733
2006-04-30,1.9929795405542903,7.0721735727794695,5.591150408862221,5.277709940090296,7.632089605781374,6.741104404180064,2.5395796829175974,5.312935633937164,6.687346938865945,3.003196992618473,4.352527928178649,6.26211856070598,4.379117435303566,5.699043698687999,5642.363813945415,3.2561309994938856
2006-05-31,0.06327113766550588,4.366351916942758,0.9565096330021938,0.8727020083053751,1.254756507388148,1.1398099691397328,3.1581502728252238,9.789563700580526,12.853253649012103,3.3357664234139794,3.398196969925773,1.0822556848266882,6.506986203151522,3.954882862080001,5642.722504867859,-5.013261463462078
2006-06-30,0.0035254980728470597,2.7606338694003454,0.06596623755611447,0.18357515859576756,0.11363453456130193,0.09575896225791145,2.311673807303379,11.565545557772454,15.483410566620453,2.629084175621223,1.6544188258440538,0.10463823641875028,6.728826586632313,1.9971363317759998,5642.214494365264,-5.860690812589217
2006-07-31,0.0,1.9388727571769224,0.020567505909078486,0.05970835182226231,0.06685445840716607,0.021705071946809873,1.4138911739289604,12.781408040118784,17.287439105941885,1.7395341622822986,0.8342222530953538,0.035112706043141,6.811298947073456,1.409714509824,5641.089985515105,-6.247027993677394
2006-08-31,0.0,1.527603451848584,0.0015876390334423878,0.08902404620409984,0.10059272841255022,0.005594609961089092,1.5474928218055786,10.538337015090107,14.198217008092657,0.9117222605712841,0.41894378398539295,0.04031259189696631,5.522942577909005,1.4307550248960001,5639.796112083363,-5.385781559059454
2006-09-30,0.0,1.272554508148254,0.0005467606852611652,0.23462662480631435,0.006618793351239067,0.0006206392703921481,1.294016259804461,8.480093009362319,11.986296353843837,0.46068140307761307,0.26238977133788866,0.048764571053216646,4.496695359485225,1.321882592256,5638.296177314003,-4.497258872539755
2006-10-31,0.002474328899262745,1.0956324624159124,0.3209058071174512,0.6215346647252264,0.4909570164404812,0.37254585319281863,0.8561458948019705,5.031500572761649,7.254418546455429,0.5086889999279653,0.5325440099492644,0.44285267656801225,2.836659604779256,0.8890106932224001,5637.830233117877,-2.187185159017732
2006-11-30,0.09913723358669804,1.5265910027830212,1.5341199002335573,2.5453447490016936,2.7001951591034756,1.9823249962767804,0.920389955170786,2.5755824519445056,3.745931253379347,0.5608268898693198,1.317110689804449,2.171618455650835,1.8239682480336818,0.8915306618879999,5638.106740516101,0.9827105485121743
2006-12-31,0.22454866238443924,3.1185794706279406,3.268397965262706,4.255355070016445,4.807498285925053,4.159348975794805,0.8019604431578856,1.9544737362618865,3.0012875420889165,0.8344901242058121,1.5207424741147109,4.110701499954827,1.6225908639658424,1.2856733337600001,5638.86952153029,4.321016772856924
2007-01-31,0.03622127883043138,2.9184774191429272,0.5351896947412315,1.0518806831483456,1.194925855062511,0.8188645625204496,0.8440938132608504,2.3673093646172974,3.6130945057247685,0.7852971721454416,0.811504522699796,0.8557875898960706,1.6842598756896308,1.0483558963200001,5639.592451160197,1.0416492370293668
2007-02-28,0.6009508231208158,4.371385110680597,4.314648532955237,5.540222637926253,6.7806990427278855,6.118137921782175,1.3714925519000596,2.4643144146838654,3.4014786056943063,1.236756432478464,1.9085866023177038,5.668107320017908,2.0765257214148796,1.5550408581120003,5640.413577519959,6.407925851171625
2007-03-31,0.035964751197364704,3.3590762936235676,0.537818921949008,1.3080247709678086,0.812219084084191,0.636568444782748,2.133857606630701,5.675301865556664,7.688858003970373,2.185418064167235,1.5827604994208626,0.8056778172356462,3.853239207949167,1.3896526233600002,5640.381122231709,-1.0781377204499534
2007-04-30,0.09817771454142746,2.797778720403376,1.313015263915719,1.914512756248862,2.0220459586159816,1.7489761177567527,1.7445573106089665,7.161659338852217,9.65171894030868,2.1746509750044174,2.062579618358212,1.7243718977888611,4.559033236626499,1.0004764916735998,5639.936199550041,-1.0373591101078619
2007-05-31,0.014135877130039217,2.024143434854802,0.2918560986725755,0.45441077617951103,0.5556700557058691,0.3880390783938617,2.2340837552429176,10.461136800783686,13.999534966108094,1.884516829370117,1.0703403211808127,0.4129137844403939,5.929922534537125,0.7100929179648,5638.081124279302,-4.202958233206729
2007-06-30,0.0001539391488,1.5057415270339767,0.029385944780351322,0.173838633842665,0.12382853219949681,0.08807910296972435,1.9426137669748456,11.79459965168946,16.023450017399323,1.3804877747864954,0.569250878917371,0.09522086685238358,6.342080417953499,0.9020753851392002,5636.560125848902,-5.643193409206338
2007-07-31,0.0067710108852705895,1.211514595973321,0.1362496380737111,0.07684499905859943,0.11417057156086,0.14135222600455927,1.5790099476259138,12.295116025886573,16.567849916952994,0.9242785902853954,0.43432804331520003,0.1276108633108587,6.360116504813216,1.4459237683200001,5634.519868356208,-6.466914813849036
2007-08-31,0.0012592200121725491,1.0292613916206184,0.029220327285053777,0.08791505385533943,0.08670099337272073,0.031453303402788936,1.3686716999667956,11.531349650224843,15.96567552376442,0.4860206717123521,0.30961891142394987,0.04948846634643448,5.932267291418473,1.2986401628160003,5632.106038143196,-6.15215759626742
2007-09-30,0.012334911965866668,0.9012435276992755,0.3214057556428216,0.37650292468006574,0.4667772305420481,0.3709841473352079,1.4007961535961855,7.824155108613897,10.888357699096389,0.2978858584643648,0.5160329559963608,0.38977978978114575,4.18544555515344,1.115391955968,5629.918288847201,-4.009814193641019
2007-10-31,0.09627667205421177,0.8405552652002887,1.304153148618464,1.4609569544166767,2.063422776977354,1.5770762318368463,0.8733362782742087,4.821872234186459,6.886928534404575,0.4579315826097393,1.5342276039495282,1.5813384813068452,2.9148592466849017,0.7995395727360002,5629.413988126959,-1.2925050729137681
2007-11-30,0.03378110398142745,0.7826637743140141,0.5483845028276806,0.9825149233262711,0.7627884146564724,0.42810204645396044,0.8492488851660802,2.8895197041374296,4.289268262147129,0.5140696524119938,0.6288801404397931,0.6656112465133421,1.8341973288604851,0.734338441728,5629.31906279929,-1.1202607497611288
2007-12-31,0.18796048557477646,2.61616884698614,3.2047240641550254,3.5365107361578065,4.786340076640612,4.263256658035479,0.763685757752019,1.9422138721663438,2.9608131275164413,0.5053979945640645,1.413970613471674,3.951363779136714,1.5172162730941086,0.9193237143552001,5629.761840052758,4.130992638673545
2008-01-31,1.8744993712569726,6.408380496729752,7.626383329698096,8.346590891357918,10.292346422248093,8.36917388532861,1.1016157113657226,1.9218089970949201,2.827559437557441,1.1837227809145134,1.6361225939060455,8.760234310876381,1.7341659041677282,1.7050156922880002,5630.986781791322,11.729433211150404
2008-02-29,0.6981619619398275,6.486355134854325,3.3319138179340175,3.1329268498543534,3.2397901559407285,3.0995944238266198,1.702424232813829,2.8293025981694737,3.8941998104153353,1.4582760600046132,2.021665504636286,3.365617783984822,2.381173641207907,1.8664894126080003,5631.980610376377,5.6043098650232395
2008-03-31,0.04701452470713727,5.0080680872172945,0.17483441685990825,1.1247092402624608,1.5600170368377677,1.0378938047435207,1.583520648958193,5.2795120974402705,7.168594231853841,2.1681492989712408,1.8119097042132837,0.8183118398850698,3.6023371962873663,1.0393035816960001,5632.095469986239,1.184739149118998
2008-04-30,0.02755085741276863,3.5446260804869025,0.13233613255796456,0.5741364690916362,0.9316895352624479,0.5899788689380331,2.175933346491533,7.397751661821706,9.990348612264762,2.1860247308774903,1.6609405883697195,0.4762808665743917,4.682199787965042,0.7480881736703998,5631.47039787316,-1.4093810145741479
2008-05-31,0.01659015537844706,2.511434100095097,0.3234853919900688,0.47679993598806686,0.7106010302184788,0.3761491060499163,1.53867338212854,10.232095262762487,13.749781452580981,1.705589246689216,1.2308590250156677,0.44563480528143307,5.691399673835378,0.6665439449088001,5629.806476950547,-3.4008747133676485
2008-06-30,0.0009236348928,1.82536714753526,0.0028354729024399426,0.1522972044998751,0.15089386527304527,0.05492123615949343,1.3520726049370353,12.129336289110556,16.592642696654064,1.4758356096897924,0.6959742134167594,0.07231746460075075,6.449172282761642,0.8301461824512001,5628.207691735334,-5.381633853076831
2008-07-31,0.0,1.4529136641887375,0.003781046580075312,0.05239279574057976,0.14912123508665528,0.05166579087930892,1.160805486343429,12.593573584254443,16.998446875548012,0.9345530643574382,0.3749718041804801,0.05221920729093325,6.412470162936761,0.9495144069120003,5625.973559638173,-5.85685169836909
2008-08-31,0.0,1.2225916660342464,0.0018482185596957362,0.08526140690717496,0.09040770434725268,0.050292203751306344,1.1528106382074983,11.443950823765086,15.845084133525798,0.4887516870860085,0.24530709462959688,0.04556489858869771,5.835180875442797,0.8203354306559999,5623.344646080188,-5.387359741475853
2008-09-30,0.0,1.0586424884460928,0.0027739205119732277,0.21429570124375474,0.21289963919984675,0.05287560565912136,0.7787557256087592,8.669505805542931,12.281160710772522,0.23765467931850992,0.17147458420615533,0.09668629998297043,4.427710301089776,0.7583882397696001,5620.9137443033,-4.030769752430313
2008-10-31,0.03684063288621177,0.9416597667362133,0.6092439058084167,1.354287910450664,1.1646983048040327,1.0356016231361638,0.9565998948420267,5.655305307829225,8.39400355853363,0.31179339825037766,0.7542025159085679,1.0166603270381447,3.2143809350727657,0.5891099563008,5620.351422838034,-1.845170797599208
2008-11-30,0.1325923096294902,1.496236186342099,2.235908976729411,2.8784767995443596,3.655713795866549,3.087662939114689,0.7980008792140298,2.5861151558105413,3.7594401998805913,0.7949277994129008,1.923111536326375,2.9001967854007504,1.9723191141288876,0.7148637324288,5620.445585784264,1.7092501251851617
2008-12-31,0.14811164757534118,2.5645577323174655,2.4033096047947438,2.1914236425086657,3.019063933294615,2.9061218742588517,0.923420480336113,1.5103772272239082,2.2026330792681095,0.49520100818570545,1.3193108009819359,2.718406761371513,1.2901885191991542,0.6729784280064001,5620.888942598116,3.319797546483424
2009-01-31,0.1064594300646902,2.646458161333509,1.7120873371492593,1.678485425924546,2.6520544818543557,2.652506620839498,1.2559955805834542,2.200632669955273,3.2644253147997886,0.8226219497632915,1.2543399947886433,2.1157744323115493,1.7596031019780902,0.6934073001983999,5621.395110327298,2.309222191468568
2009-02-28,0.8475186806261962,4.943588689312026,5.638537117166129,6.55013693883486,6.220626094974238,5.9827271915442015,1.648231527171815,2.5024982593174894,3.449205946438173,1.4121627447678404,2.1934118748987235,6.269139281134596,2.2411020705188083,1.4022280009728,5622.314345137715,7.569397898955014
2009-03-31,0.2519776909352157,4.477391363207731,2.105793097771067,2.8117056461283827,3.348928627502026,2.5668239170350753,2.21504662044672,5.064606861057719,6.858690464053932,2.083102596207693,2.276124461816571,2.653391358724263,3.699514200716527,1.7155359498240006,5622.373605041405,1.7157325713914666
2009-04-30,0.0585694588928,3.288765769985406,0.7201325546260953,1.0407647269946965,1.370037190244995,1.143688708975255,1.7463817184256,7.220657256084693,9.659213804644072,2.2257777590154024,1.916457338784427,1.002070360671932,4.553697575390838,0.9984458373120001,5621.683849986339,-1.2613072820455002
2009-05-31,0.05247315197791373,2.4369528462854024,1.3472261014908058,1.5293610495279362,1.4085352438680732,1.2769003815633928,2.3405705069945477,10.457426981096319,14.015681362814494,2.1150952963453684,1.7361357428354514,1.4018717640047271,6.132981978017236,1.241879703552,5620.381687633297,-3.5360370712791065
2009-06-30,0.02105585631071373,1.8047674484723957,0.4865277573271205,0.3678866485130292,0.767110502645453,0.6417425327595381,2.198607923471862,10.286539163508476,13.562145506801436,1.4236856874040105,1.0423910007599186,0.5919595418683401,5.70267385638914,0.8773405470720002,5618.725311784449,-4.183287413120405
2009-07-31,0.0,1.3826239278172363,0.00022200129124601409,0.05632679568973052,0.05443748802175529,0.026066488732186113,1.4228593925111972,12.702374441822817,17.180952619165982,1.1781293510387996,0.4295461326992565,0.027569944038564765,6.58277238744761,1.4124057384959996,5616.417558403147,-6.58498425408781
2009-08-31,0.0,1.1457622752794103,0.008704777877891416,0.10229381546421369,0.10481975583665816,0.05431519694023548,1.1912843394810981,11.123805864197667,15.323493124772453,0.6047843031296957,0.26306679815067613,0.05692415077109465,5.701286885946318,1.1447508142080003,5613.816518182827,-5.643351274103813
2009-09-30,0.0,0.9872223915546103,0.1486215147372913,0.26609159032084256,0.3474561732665137,0.29616626306189364,1.0103560087363266,8.879174922578411,12.63831083509179,0.34507918546678895,0.3015664715482855,0.24608112206116112,4.634897484684321,0.8403973171199999,5611.502196181335,-4.241991288188549
2009-10-31,0.14908380976790592,1.0400470491083798,2.764052607471972,2.262931432636609,3.3040897787634056,2.826320783817513,1.0181008057231562,5.102157249462754,7.355055854687231,0.5837745138720696,2.456732806532719,2.880212734397692,3.303164246055586,0.7418249505792001,5611.510827122014,-0.124729413128714
2009-11-30,0.04455902736865883,0.9961223765554196,0.6655486711243966,1.2086144372484533,1.8079804457319055,1.4375421690832662,0.9220745741581052,2.825490812755503,4.201236313332119,0.49656868467857096,0.6762496146476175,1.1858110282655123,1.8243239999143832,0.6611370218496,5611.503709588244,-0.3035276169430513
2009-12-31,0.225475322125051,3.02003938778092,3.4981845924175334,3.8807000730278047,4.2580461982201125,3.858192771008189,0.8805751995167124,1.535189163489621,2.230400348058253,0.6255163468316488,1.368092761995545,3.875121067737669,1.327954763978356,0.8048486329343998,5612.065448057094,4.762357058605833
2010-01-31,1.545761043700957,6.17925788996307,7.017955349594494,7.657255263417054,7.225489931891902,6.731031916351928,1.1970172745844458,1.522868703922131,2.058444009725322,1.116523834718321,1.7375624362369508,7.348759431662749,1.5264832518374343,2.0332721931264004,5613.6068085040715,9.968261876661984
2010-02-28,1.1116428123115922,6.546736762300537,4.078010616900556,5.102623863223652,4.961920617057402,4.93192832628024,1.7224867595047155,2.2301953986302383,2.85597600476675,1.413507988747175,2.1162204214613336,4.773021922686586,2.067677314622043,1.9861267599359993,5615.103403600572,7.26595461042908
2010-03-31,0.19626216485747452,5.776716579364544,1.7779324992186987,2.8005485355795563,2.9405707109915493,2.3554157783737524,2.2827164825479533,4.53158344468915,5.912240048749288,2.380791952216931,2.4882974637256794,2.4429760133038334,3.5191258783858004,1.4975464273920005,5615.903325746814,3.2030202868905766
2010-04-30,0.8205733871455374,5.504077082936422,4.034144170847628,4.267635904925514,4.636875104755268,4.134514366428496,2.165827101714874,5.442703544316554,6.889058092003008,2.726294734652137,3.7064846511108014,4.33970394478842,4.186073624759475,1.3823129088,5616.687266788165,4.275394494165367
2010-05-31,0.06560204603231372,3.909315599732255,0.9635153123027521,0.95407390758165,1.3192864206705195,0.9298499890685668,2.7008828435391754,8.168218598179225,10.570552261868407,2.5419942930813773,2.4313785446528504,1.0768037434434574,5.282605308264207,1.3106283632640001,5616.163581981505,-1.6071143283524942
2010-06-30,0.007826290133835295,2.574688802950526,0.038755983216511074,0.17646141946257507,0.2938218237868743,0.08405591227953446,2.6259741435257475,10.920840051127017,14.432277250543438,2.231661513861015,1.385107440473349,0.1323358764804729,6.319172079906113,1.536936228864,5615.226619746098,-5.149083629339115
2010-07-31,0.0,1.831083396783887,0.0005925268289393693,0.05399653751352561,0.32108911325442097,0.019544595589306994,2.017325521529274,12.042793114300979,15.924460806254855,1.6431139444492222,0.7539186692979453,0.07925526860684332,6.476322411166454,1.320903963648,5613.80606170593,-5.886887709423724
2010-08-31,0.0,1.445714733748706,0.009833178234732374,0.09388185725275729,0.1137277192013575,0.04298529027367726,1.6496503054307894,10.546430379509857,14.293212148503912,0.8968666566307729,0.40790130692457416,0.05499173193994202,5.558812159399982,1.2673240473600003,5612.342266988366,-5.325429741071335
2010-09-30,0.010777923387231374,1.2088161768580519,0.09599668541688093,0.2511973040779303,0.2868244736917008,0.10112208980542867,1.3518360221073573,8.205268732888893,11.484038176810104,0.4741761884338808,0.3914545553399969,0.17567516860290097,4.381354735116046,1.2169246740480002,5610.720157085117,-4.213788063703094
2010-10-31,0.12794405479604706,1.2115472837945225,2.5682839306763396,2.9114217629058565,3.2206492685034203,2.512214634073515,0.9864407894429615,4.8047583618677665,6.771764248575342,0.5341062573552605,2.177373306507344,2.81799769379979,3.0548885927497347,0.9105160568832001,5611.067418496196,0.0641403279613777
2010-11-30,0.16600658417945097,2.0883642113622343,2.8609614754984576,3.5165538345668144,3.9457853472623214,3.1377106585116428,1.0548861236521163,2.5158946671815654,3.639022666729777,0.8015956855887534,1.987998310631304,3.4085733510183305,1.9998794907567032,0.9573434357760002,5611.762300458064,2.5397146358478615
2010-12-31,1.441560430579953,6.267387053604142,8.545313262217972,9.030320926499368,9.636766617589446,8.175369445601012,1.0399318553820862,1.4853425024669231,2.080780092504855,0.9423028682609006,1.7900740249359064,9.06611786756529,1.4676862687101342,3.466057872384001,5614.494492949214,10.399760780075297
2011-01-31,0.3561383898774589,6.324375361563307,1.9498127141080288,2.641591833646342,3.183946229070173,2.6414701365443354,1.3033829547425633,1.7437907316006456,2.4127497234496467,1.2491230846137757,1.470042746147539,2.542332510906367,1.6358178481108339,2.6518388705280005,5616.499620076719,4.579051153830839
2011-02-28,1.0112521576648785,6.695230606148469,3.785606553679822,3.6262212443239323,4.430166535297862,4.121228785586508,1.621440595334325,2.5899752810900005,3.6090832834513966,1.5581126703419201,2.3378222815340433,4.0719717671566915,2.343286822350337,1.6834858629120004,5618.248989948958,6.7404296880428225
2011-03-31,2.6581416344355144,7.214359998117849,7.452172284821589,8.263840856859522,7.868585988654495,6.936694096989298,2.5185970500583914,3.865112759222824,5.029060412450447,2.0759341691770947,3.4908124203670585,7.789668184327906,3.395903362255163,4.3977123072,5620.940823027172,7.210412512990592
2011-04-30,0.06675899654224314,5.29133644772332,0.5087059834841328,1.1717141483495135,1.5102557346745067,0.7984587708738456,2.1591973635557897,5.762274429886309,7.3216583180117505,3.018344175994194,2.6009361920397556,0.9303846509874261,4.17248209589756,3.943873290240001,5622.222433052856,-1.8946342874268147
2011-05-31,0.0660319220876549,3.8349514759549495,1.5717967383393496,1.1542659775448842,1.5653944957755486,1.3195963107679047,2.6957208412437086,8.016022507212751,10.263912949528422,2.703124393761146,2.427877162385167,1.4941538692001366,5.22133157082624,2.69856838656,5622.521576670638,-2.5907946122311536
2011-06-30,0.02947695345744314,2.6956981838261713,1.8588543204666106,0.5017204683339488,1.5377646428608114,1.4150943670157714,2.7077826558598534,9.07987661690044,11.453944381813749,2.380650288698935,1.559031496929682,1.4924199779654934,5.436257088040532,2.9730737111040004,5622.519780820922,-4.221212637352868
2011-07-31,0.0,1.922722279860907,0.020159631624668363,0.05707890178161552,0.08446268253783246,0.04380866311863456,2.4025698139633946,10.915799638228178,13.88846883499957,1.7703332296474197,0.786884158115037,0.043648453407664274,5.95281113499072,1.6406708613120005,5621.440480720355,-5.627111263034148
2011-08-31,0.0,1.5144074265519687,0.008611325932856875,0.08461497765265799,0.06286999016322353,0.027414399995581686,1.7320026949507519,10.511436630450541,14.01304121620409,1.0691199440697665,0.41303704406698677,0.037204049536092756,5.547727505948427,1.303777963008,5620.286581771727,-5.299893992868366
2011-09-30,0.0,1.2635491464870652,0.024771867326422156,0.2919140611978638,0.23301713483759906,0.0818337777620708,1.3325401965282886,8.618893235006876,12.005909199555916,0.6184905451817202,0.3227218909364706,0.13602651238651103,4.579711013441854,1.5447652577280004,5618.928979799736,-4.7249006122962784
2011-10-31,0.09628473124743529,1.150657646082811,1.6940136171685352,1.694971175074985,1.889901037035774,1.562263457084894,0.9941530698157679,4.440587265209436,6.002726051590008,0.7845946399908399,1.740141946283671,1.7554753624743953,2.7924405945779442,1.3390085928959998,5619.244990024249,-1.2253161789167377
2011-11-30,0.11570653671102747,1.4594875902221052,1.6014489882311684,2.4082799947630757,2.896545675426508,2.3217681725364314,1.0308396870776473,2.471271473580223,3.591852697370997,0.6839463937026988,1.6236927633584692,2.2549199342071633,1.880320603018007,0.9328777205760002,5619.6977164596165,0.9012092008352612
2011-12-31,0.012484750038839218,1.3556679393175595,0.13409899040091205,0.5977919301214648,1.0506463331092417,0.8263757966416316,0.695654430729236,2.110669241213534,3.278072587088577,0.4650804553571358,0.3900435527900863,0.5520421437900599,1.3879040534357139,1.0982659553280003,5620.206731144458,-0.5784599256560947
2012-01-31,0.21856042091620395,3.006266964802059,3.0638977191371217,3.907136930380495,4.254792886213149,3.955969991355411,0.8234006429073569,2.2044595811338685,3.2911008234706007,0.7557639501971819,1.6487603736053964,3.8003262825593978,1.7446970742628811,1.137900413952,5620.977089598879,3.9239957591465755
2012-02-29,0.1098836078632157,2.9301029953893396,1.0687321333187618,1.808087077655914,2.313374518589306,1.7159567948240992,1.2395698725080848,3.2958705997450592,4.706478633376397,1.2954801898132748,1.3458766063387106,1.6751675382922553,2.376655180356306,0.9385048350719999,5621.201400430184,1.290110518253289
2012-03-31,0.6373068442322825,3.699058833507589,4.928241631621288,5.932036745869018,5.610710957612009,4.788611194205811,1.795228775096722,4.324097758460983,5.799483717564585,1.7295618096381355,3.033141997490096,5.441986504527,3.3363028116501043,1.4873442241536001,5621.760268976366,4.317398302230885
2012-04-30,0.2995837119186824,3.398348406010178,3.2705294808245307,3.3873171599334335,2.994061712723848,3.145449504014926,2.6902969601024003,6.618394855747689,8.574876421136544,2.621480566600273,3.3952729558377417,3.251356211457322,4.7800643518849295,1.8841047275520006,5621.773204189731,-0.01446446196943052
2012-05-31,0.011054556155984316,2.330104320083125,0.056022269176056,0.3250907439315276,0.2544533897449536,0.1704089678982837,1.8438645837462593,10.805265524567297,14.54122690664004,2.2614137299935324,1.2332215922149898,0.17959954931220498,6.136998467432424,1.0650170483711998,5619.898173819718,-4.692311646408293
2012-06-30,0.0033715589240470595,1.6743457733330827,0.1283715345512086,0.21284318597814167,0.3019107510834781,0.1540195752225368,2.167552382843081,11.910397923243579,16.34750960930317,1.6042420050726114,0.7743513925712315,0.20228695795252216,6.560810662606736,0.9909103970304001,5618.1290350992185,-5.675088328351531
2012-07-31,0.0009473835971764707,1.2941351121217257,0.005319296504818464,0.06045537537705229,0.06486178318980201,0.03280667325890782,1.6946820637700015,12.20585204455233,16.35166493789562,1.1345911252963032,0.4340396920197522,0.03475235439507379,6.364165972706802,1.5384041717760002,5616.003696213984,-6.573682677966003
2012-08-31,0.0009473835971764707,1.0766690446231593,0.0009878237719619552,0.08735833797354971,0.10771779927598157,0.03856272456267239,1.0952770819533804,12.167420719438512,17.252420857675396,0.6555232304126103,0.2474182136077051,0.049342530992959086,6.283612020617521,1.3558899363840005,5613.663192136172,-6.513490381385402
2012-09-30,0.0,0.9321891253135561,0.002595627095357835,0.24964592074774625,0.12470214353697225,0.042236916576925986,1.076917974184659,8.939343890250361,12.855449662054696,0.3606765847779286,0.17654625561579923,0.0845477440206785,4.681786873376689,1.12664618496,5611.307107345217,-4.7916961890024545
2012-10-31,0.045630306838086276,0.8347046901711812,0.7324009591919619,1.060200174567294,1.0223200792510747,0.7248116006179544,1.1980774903121318,5.437147496972885,7.883794518919387,0.29241173304533724,0.9882459034455343,0.8803879756884146,3.1599354285390553,0.8685328896000001,5611.056942114293,-2.3133756522794595
2012-11-30,0.25459118916065887,2.8838145383853684,3.766049380354159,4.59503268373317,4.976302702392589,4.246408653640438,0.7997226842951279,2.6014366012593007,3.8092715389753597,0.5244372527365608,1.9575944813692487,4.477012670544598,1.93849251172712,0.8741844698111999,5611.469463250425,4.5481502273916465
2012-12-31,2.1625622546512315,6.282615661198959,7.62053217936188,7.616525388182882,6.777281298674572,6.617177969910857,1.0278204716971673,1.2912414707250297,1.7864323394863184,0.9522474449641614,1.5371197515418604,7.45358816174875,1.3189722956829075,3.488566330368,5612.7749689486645,8.928665196896802
2013-01-31,0.10717156474880002,6.051631719127643,1.0089790986466474,1.9213225504452007,1.9933828556101552,1.6291706954228407,1.0818532914332617,1.817195725114567,2.632133718289318,1.0485741538216853,1.1002338213663123,1.5453935971725816,1.5359981420050288,1.7989640386560004,5613.460751875464,4.262063135639195
2013-02-28,0.05945018986415687,5.463052509869077,0.5382909305761558,0.9696685706869447,1.2214906908439949,1.2481908072844168,1.511182692412637,2.863416550402645,3.9684009422701014,1.4523759261463032,1.31988623673344,0.9482584475935845,2.2230524695930254,1.0877456977919997,5613.782916646829,3.1005127900776364
2013-03-31,0.10045700152621177,4.584479282229008,1.4801802764918994,2.5236616980629605,2.4232128390671694,2.257506098028023,2.090400333045358,5.023435099938089,6.610847935777221,2.1131434538208564,2.046354136477616,2.058560321440617,3.5768361918118288,1.01899703808,5613.786876632112,2.0472063737777964
2013-04-30,0.0458791236186353,3.3882949896946957,0.7177891293142924,1.048352859295292,1.120451424158301,1.0284673173935257,1.810744507191216,7.979911634852644,10.748786220626405,2.5407373088671683,1.930724847986648,0.9499142170678245,5.002180903904817,0.9099533454335998,5613.0347517309465,-1.5739250425758962
2013-05-31,0.01399834228454902,2.4219708336830745,0.3019284404093,0.5629023883318948,0.49898644588792335,0.2979932980698052,2.1771762272151594,10.582528653321797,14.403128876381642,1.7757459019515465,1.2394254447126087,0.40464447414458726,6.03560102071655,0.8629302408192003,5611.184389281793,-4.071915953708089
2013-06-30,0.007224532277207844,1.7664562013870684,0.3688653257882095,0.32670308077171417,0.35603358993542916,0.2812167408992829,1.8633132057234576,12.151424777830128,16.66959279915382,1.4483361901680516,0.8123315248730354,0.35787957429525663,6.588999699549698,0.9690869790720003,5609.26407876148,-5.433750902939374
2013-07-31,0.0,1.3856872818021397,0.007034921182319784,0.080672146492874,0.07877662473198,0.02384523947563718,1.6139126156452641,12.820222831193693,17.40213948997203,1.0198974172516277,0.397556481980135,0.04027204300503209,6.65074576720855,1.326286420992,5606.800379268872,-6.551072863393378
2013-08-31,0.0004556658326588235,1.1597413829852863,0.008286555702581414,0.11972059509363803,0.14375142483117961,0.0358040261520141,1.5834458740948836,10.923583540443277,14.941876729741267,0.48680894636901206,0.31244454037463854,0.06396585044433525,5.6496319262046155,1.335338735616,5604.1800745055425,-5.761263428390994
2013-09-30,0.018274332676015685,1.0055243749890008,0.43078447456460234,0.5243846971830837,0.6102106223153195,0.3944687034821052,1.2360617534873604,8.321064044313813,11.677026264443493,0.28903853401606994,0.576713724201964,0.5286504460363675,4.4199808640925395,0.989393522688,5601.786343059003,-3.875199565755171
2013-10-31,0.0004556658326588235,0.8877626845693993,0.07433524837799407,0.5605493824387848,0.48526642902485273,0.26619249687565083,0.7252402373290667,5.483399183946885,8.039027905265353,0.49017897708515545,0.2611672539537569,0.29762854562881175,2.9998027115160433,0.6048414111743999,5600.562685159435,-2.419252892492232
2013-11-30,0.07384616499802353,0.9223497274938228,0.9974643279329414,1.4966663935499331,1.6987109949631893,1.4767797134315537,0.8154470070954669,3.1838718320344115,4.864922361524196,0.4388926113108264,1.2558322417081726,1.3806743383972524,2.111793210734615,0.64467159552,5600.502809900388,-0.4534407403635399
2013-12-31,0.03472433585694118,0.9042161456324771,0.34855375769794256,0.6520940198284453,1.190543577261357,1.0021924989071058,0.5718549815685522,2.105163513299792,3.2996065054520978,0.4443855763459115,0.541809507556091,0.7242223176420267,1.392564016844489,0.622285466112,5600.661307162006,-0.3864110196819852
2014-01-31,0.019207284571356866,0.8519463032960503,0.3603518823516112,1.2047461647808735,1.4538852821328627,1.008646274520158,0.6619821795781774,2.938467631248106,4.596038693304486,0.5154412569195094,0.5220223019321224,0.8932169111067501,1.84679041259648,0.4800173322240001,5600.983829498422,-0.5816445304176799
2014-02-28,0.25537039980825105,2.8447602044526437,4.301664715764474,5.543827849990661,5.826233221766011,5.4569764139760775,1.3320354494343534,3.029175490229507,4.280923200127317,1.1904023229466245,2.3581843587702465,5.3134881296995315,2.43814416430161,0.7355127960576001,5601.2777972473405,4.984591373792965
2014-03-31,0.15488572815560786,2.717563719562341,3.4888760417085782,4.481700575521728,3.676220472806857,2.947694329845474,1.8720609852580645,5.389937125788425,7.411817468117663,2.1174010029378776,2.138298666930096,3.7022970961954655,3.785903049806426,1.1205786875904005,5601.161605539505,1.5133790783609802
2014-04-30,0.10150138863134119,2.2111032669922888,1.4480572143423285,1.9072919185153443,1.438155783127113,1.2592993151055145,1.8565320373211862,7.674450252601946,10.354666229479413,2.3333151453186782,2.050402536689343,1.5603919479361206,4.853873240282113,0.7073038264320002,5599.926162777803,-1.7896818517857036
2014-05-31,0.0038333763704470596,1.6439161911508833,0.10174979342794009,0.41107454019533907,0.3592762450390878,0.22856713144188834,2.1120049987515737,10.98370012337066,15.034222103727974,1.7939025598275062,0.6998045711050793,0.2478610087829364,6.124726871356558,0.43607690772479996,5597.034494327221,-4.6690265791475385
2014-06-30,0.0,1.2728539588306826,0.0007118371456670157,0.16953955258792178,0.12334135196340212,0.04323261726841526,1.672492010781917,12.604241747448595,17.448892664836833,1.317979713880288,0.3971386993664001,0.06760416078449652,6.688148967262808,0.6532345958400001,5594.261892494324,-6.0009254434876285
2014-07-31,0.0,1.0515946723219578,0.013588464175215908,0.06790563475038303,0.060559062133299674,0.03880558434477783,1.2303110768635985,12.400472357171424,16.9427591680488,0.7917722839291277,0.23185005748585416,0.039771179739656624,6.31943298869976,0.6935296287744002,5590.910141186038,-5.921596765412546
2014-08-31,0.004466730056282354,0.9072690934402512,0.04779380432565717,0.13425422876776658,0.23274747657464645,0.08042741836803677,1.445984124831222,10.840987648781018,14.767525875763504,0.41393766561288436,0.25342608337257416,0.11786463412348065,5.54437227967224,0.647974467072,5587.511549674081,-5.167213019180508
2014-09-30,0.04455902736865883,0.8055125199293742,0.47827725300015445,0.5480723322753112,0.6395338002087115,0.5949599344258854,1.065462656175887,8.526092998234233,11.966153341469973,0.33247326931470395,0.8118833198585979,0.5883519022946601,4.5404131170106785,0.6058445054976002,5584.602994794774,-3.752393200284244
2014-10-31,0.06659471862763923,0.7374776980259138,0.39257203505565014,1.0950092423924471,1.2878357054891385,0.98621303490687,0.7056646743549992,6.094922971554998,9.001967752758219,0.34772696402568837,1.206329584640803,0.8905651515810897,3.471322389466941,0.4796748122112001,5583.849052356746,-2.322954352071138
2014-11-30,0.10253001165000786,1.024482720831448,2.161767570668467,2.807093708920094,2.7437519289323484,2.4348068260617755,0.9673718739341554,2.61461500449699,3.790572784011907,0.6024990400689852,1.4491770965847344,2.558452277779341,1.8848471598193544,0.5575736494080001,5583.998296019391,1.1405141893834343
2014-12-31,1.7435769942538042,6.1308234377842465,8.326290804866561,8.660242125925917,8.091424084994117,7.533068753192407,1.0583411147591282,1.5233738826926648,2.1625202343878955,1.071266588236089,1.9559855173262561,8.490067384909963,1.5542974674804069,2.5078581365760004,5585.313983749596,10.558735218637803
2015-01-31,0.00679122088257255,5.504059163169331,0.18216698510733415,0.9459708890034819,1.4037296479653611,0.9098121066179355,1.237076990695705,1.9004359684135865,2.6718586970317304,0.8864530032919649,0.9281945921487813,0.7359081979893609,1.5248038503163535,0.8140477418496002,5585.826106591265,3.9011157689927387
2015-02-28,0.29354278301214115,5.47715925140219,2.7888956121661894,2.943464044336639,3.139701131059158,3.212692933857069,1.9018040487678998,2.99887382875594,4.09375256015679,1.660776391892145,2.0690603384976565,3.088908666474212,2.5448534336140867,1.2241175943168001,5586.398890253781,4.797096889945515
2015-03-31,0.019697778318556868,4.1124061837026895,0.35663711974717505,1.410700930029818,1.4184156858054107,0.9742655640095046,2.1519241033430845,5.746801834330185,7.742199360129322,2.1176753413684835,1.813968951014902,0.9263725184276339,3.9145139180371955,0.6046946168831999,5585.864613673876,0.519570167209928
2015-04-30,0.11503499315400785,3.3945401822774217,1.32189805086394,1.771128682099882,2.0025578640919526,1.5850654895783465,1.6671052803730575,7.636640304931609,10.229596952714095,2.19754400595615,2.789282894321945,1.6397092592040665,4.904033887659372,0.4654357659648001,5584.872173828218,-0.3352202121426835
2015-05-31,0.016591739161098042,2.5136686221617195,0.4053462124204519,0.6198814716462292,0.6227476647647894,0.47246670591179013,2.2441576660453904,9.046343047119338,11.713314258561367,1.6734305923084456,1.2906806768270558,0.5166969518543887,5.193585248172319,0.5552004750336001,5582.187621277371,-2.718420149189811
2015-06-30,0.0012253615766588235,1.8071879738813743,0.12329688350519867,0.25156416837767837,0.2947745553466734,0.12742832550335184,1.6195151375721413,12.060042620063209,16.308756725128955,1.4902892562975434,0.8709507033903185,0.1738221082344904,6.469910888490434,0.5054127446016,5579.337680511881,-4.994313550976169
2015-07-31,0.00220660360934902,1.4163077024707764,0.26053112192110484,0.12675391032801314,0.47064330843100555,0.23034388351726517,1.8376389174019014,11.636419733137128,15.421110587858898,0.9036857763607578,0.47892464953986513,0.25282085756084066,6.0555559328597095,0.5981133394944,5576.011357719532,-4.9845407123224925
2015-08-31,0.0,1.1829379662265729,0.007798816286513815,0.11360345195296687,0.14331244027182483,0.03775576373679508,1.2892052736293147,11.146089955679557,15.364996630712833,0.4734229197050137,0.2820229331425883,0.06198463299534771,5.711147542573861,0.5900396534783999,5572.660959184351,-5.05626459683034
2015-09-30,0.0011013227459764708,1.024430584739639,0.12748117439961107,0.37185412319841216,0.3126909221393789,0.18582305012298597,0.94242371535611,8.504103598822907,12.104183386157947,0.30069007561076727,0.3855144571899985,0.24964488316717914,4.447383046627546,0.5799108473856001,5569.776506675409,-3.753218426106327
