,fldas_aet,gldas_aet,modis_aet,tc_aet,nldas_etr,gldas_etr,gmet_eto,gmet_etr,modis_pet,tc_pet
2001-01-31,0.2679160963314637,0.17563802857382807,0.3531089403389992,0.3486743979273036,2.13597223949735,1.5840833351991037,1.12254657940711,1.630910107153118,3.3867973821215123,1.0813349876378604
2001-02-28,0.36495350077755473,0.27337120148128163,0.3137020439760816,0.442246529933553,2.449493741281508,1.837653331669859,1.5357477461084186,2.144755760995885,2.2664193723685147,1.36703518203904
2001-03-31,0.6632785448310694,0.6526053137102498,0.5169421625291797,0.5659186521850981,4.6212877430515915,4.28160066526349,3.0934391412367375,4.065100644951909,4.484457792017669,2.848867888590607
2001-04-30,0.6318654019506204,0.7801954044220284,0.38895658962743224,0.6094806909241224,5.787035117849635,5.966640897462042,3.7696523568299476,4.914010749920473,4.000417273506636,3.6580390574059924
2001-05-31,0.6301007004331013,0.8920985327123856,0.44391126370183537,0.2495544857885114,10.350040902498852,11.607761901861357,7.1741648754433065,9.804902512742949,8.136875317963193,6.330578141023775
2001-06-30,0.36702577491215405,0.5120130013731593,0.2051824876993757,0.16749359999016158,11.463402365913405,12.344859829590842,7.237653958165583,9.897279906759252,5.726445287874561,6.965039288956085
2001-07-31,0.235452152894605,0.2920091583676704,0.398934487445986,0.07832553158174119,11.828095797977305,11.508301629608752,7.189234164261578,9.557429351126611,8.278463869395829,6.77513668017654
2001-08-31,0.1268739025030951,0.1432983444508868,0.2558216431736471,0.04671088501017098,11.161444519538794,11.449734662389783,6.774395146657869,9.252956266986775,7.951647989876055,6.410481427890499
2001-09-30,0.084588665960448,0.09308271646667672,0.2358817312864377,0.09004799590841726,8.497722299364078,8.969540570219703,5.116410263914367,7.124332356144792,6.459827853961336,4.748183689230056
2001-10-31,0.0698818155641487,0.08644780542651756,0.14809331757778826,0.1623859217677051,6.232643703118772,6.957678173247676,3.609398858951639,5.272885175863958,3.7051394313958905,3.072767187338743
2001-11-30,0.23795517336813418,0.14338850937061684,0.22473938557168943,0.4716011539174903,2.7546451894971664,2.3905907684277956,1.4442974908029178,2.0368827126014715,2.853744010032791,1.593221728497343
2001-12-31,0.24008524974536172,0.1256568676549413,0.21027355870428868,0.3208582691627169,1.624134382216966,1.0939722753670975,0.9391338078893805,1.3521600759885875,1.5376141851756426,1.011058373999034
2002-01-31,0.2678928815947258,0.19532381118060874,0.23199140410267613,0.2539791066674197,1.8722075990871452,1.6702459696432093,1.0614551793690499,1.5047519605171034,2.1114398228275206,0.9906307230374654
2002-02-28,0.3853313681942175,0.3373646100130321,0.32597872627109653,0.30216258721671535,2.5488996779143362,2.7333360782756477,1.7132432281070715,2.355743737675792,3.5159216109547926,1.6260254365916866
2002-03-31,0.5592798539895898,0.6358159081116472,0.4341825032971044,0.511129797368571,4.314410554267724,4.711477454124776,2.916813117178731,3.916760712288334,4.262130293376101,2.7324470519836113
2002-04-30,0.6004286461568178,0.7379320136553617,0.38785912693940716,0.43070190086666044,5.954942930861388,6.7497014765895464,3.90943694385197,5.096088899108907,4.194074533083659,3.8117656253211116
2002-05-31,0.5169951776514301,0.7264769790852955,0.4566590490648095,0.40097769704789343,8.87415821009131,9.766871477753078,6.006010489880987,7.963334775179372,7.226983233291846,5.537617762999519
2002-06-30,0.41104070735790166,0.5450071244272389,0.426188221966055,0.1826141315152314,11.2129106155422,12.535779320934875,7.218188026544204,9.730783872843109,8.626347094785809,6.786749671748067
2002-07-31,0.2660334960163663,0.2852722720823475,0.3249420742680095,0.09289777383303531,12.114534786472545,12.95094537411135,7.475338735456487,9.991552706146384,8.547119617108333,7.073989125095505
2002-08-31,0.13557890272296766,0.13248939488391942,0.2315359698397867,0.0542583989492957,11.095301416311358,11.651748196556676,6.593014950692163,8.951076705398476,7.927126798341222,6.310419369026259
2002-09-30,0.07133818684308975,0.06194772556606046,0.2051894404164267,0.041251339749496484,8.68347898570238,9.585580064112895,5.1948844066357465,7.392652803447144,6.617104918981372,4.7949257871291735
2002-10-31,0.05367011297080903,0.030049343092087295,0.14481995907473572,0.02814034212181334,5.91541212505908,6.662648435591114,3.371702066200559,4.890470102333443,3.4546425414555606,2.928032258401782
2002-11-30,0.18002821584433107,0.18700820214199976,0.1922400339221083,0.4686221194356456,3.029603879964393,3.3944552404205255,1.6946923390677877,2.530474083780213,3.327944026518388,1.671370178345161
2002-12-31,0.22350202551243445,0.1919792351171735,0.2066549813352408,0.35071282507133494,1.7350360984450315,1.5735871605199288,0.9174767045396303,1.3172948614000881,1.6036447011908268,1.0741995661958526
2003-01-31,0.2653351283154938,0.24473151605430965,0.275258868908273,0.2409249293042949,1.9846888702929726,2.1429970638088895,1.0780850498971035,1.4648121821426785,2.4274997370008604,1.1393761446695154
2003-02-28,0.3981242212711433,0.3720241416675397,0.34041570946670435,0.3925058228657695,2.7347014572356865,2.9220684977067384,1.6573644408607886,2.2963279606922136,2.894744815260612,1.4277143863906385
2003-03-31,0.5817804974992956,0.7256126174717066,0.4910588587859326,0.5537376586081381,4.445395177028725,5.150800439142566,3.049722098461205,4.064743102025195,4.235611621102934,2.9731447039345444
2003-04-30,0.545828193437723,0.7258633419667133,0.4014777935972393,0.6905343360819202,5.040350941565893,5.1622317159716715,3.146033892828901,4.031149042153275,3.576260114230413,3.194625846127034
2003-05-31,0.6240941298479614,0.971967187185508,0.5538054910622621,0.5876242463491014,8.063737429785343,9.359056690875809,5.61668330897732,7.367356957026213,6.921589492257733,5.328448966137175
2003-06-30,0.47220867547061024,0.7251399052631273,0.45280236721292555,0.2571735661319028,10.760105500018119,11.942260809996537,6.933660815357513,9.218673041277926,8.417158466502578,6.635349827851044
2003-07-31,0.3296333107856143,0.430787149193445,0.2748871048802385,0.14320107532247844,12.512619277840392,13.211966581800697,7.816015559578249,10.579043703164947,8.394140449607681,7.162923632612694
2003-08-31,0.18443967981387094,0.27652687755018934,0.3355256165837805,0.17018564377499612,10.786951862107973,11.434288338995367,6.3474569745731815,8.51573737389258,7.86395577589479,6.159363158624377
2003-09-30,0.1120157533300628,0.12308994810129686,0.23355856314849888,0.04963288024646275,9.019441981424377,9.768949776975314,5.335929850288081,7.497007281576091,6.551623669627483,4.777016949692938
2003-10-31,0.05241964627621686,0.05493877069808189,0.12521203345126902,0.04664623304944942,6.633246222953715,7.526991676520521,3.8800167837041384,5.747592593000668,4.2293487663501566,3.3812041550350056
2003-11-30,0.12841581749599226,0.09072732402115388,0.21268699286146509,0.33710150165845343,2.863770752212899,2.751136637117307,1.5015443644556203,2.1933647599140698,2.6702085104579765,1.4270066758158055
2003-12-31,0.22853180512892463,0.14958915216102792,0.2023097722024659,0.32605397045248,1.7671574523784779,1.3618366012880774,0.995260521188828,1.4528213911759151,1.791833527958187,1.0273597968259516
2004-01-31,0.2373392082291958,0.19840471393588943,0.2584634480262526,0.26088534238509176,2.0428512474424294,1.6292378942988244,1.0495387118937145,1.4680268632825795,2.209320410907106,0.9777029097496095
2004-02-29,0.40894932976746534,0.2917968654096172,0.33511304172162515,0.43953734586568793,2.3787828312940995,2.062750880778923,1.5248400641019382,2.0994340756497,2.4563039921959153,1.3587098667851296
2004-03-31,0.6941650401226376,0.8173342733784787,0.5296378852175311,0.5121831403652519,5.012920405351948,5.672776318301129,3.5345871580991033,4.733107072133039,5.276955197267728,3.2443782686346543
2004-04-30,0.6067571094753698,0.8554002139975958,0.46026242974619613,0.3898463925019107,7.3191739541659055,8.34446674245675,4.86164803103251,6.596213486593785,6.5804664715264005,4.225665983720107
2004-05-31,0.4136425023761693,0.6319142322508566,0.32545372745085493,0.2578139002257569,9.77105410384025,10.5200954207828,6.281965070804315,8.393763043986741,5.359819074336328,5.807177682942796
2004-06-30,0.34886963642840946,0.4095443883121421,0.450172567027953,0.14738082313396705,11.613314653483467,12.169474860472944,7.153001760118028,9.652811815854584,8.328631524425488,6.624275226768566
2004-07-31,0.2355079652781553,0.23036073398834064,0.3604496660512126,0.07913949094811609,12.10396776824675,12.261590541790191,7.314321560974358,9.728932285152885,8.527899679084223,6.985752874726099
2004-08-31,0.12205982119515951,0.11989970655003956,0.26370786504663846,0.04938539448761726,11.035913326615205,11.07814955555268,6.582584912524931,8.938957863110904,7.853427739433966,6.256149634993695
2004-09-30,0.08174315729919093,0.06761965008427752,0.20868396405940712,0.06320051871864471,8.871232593808854,9.426098831855882,5.195189968210329,7.395730362529747,6.507049629037829,4.839442805153231
2004-10-31,0.1361401906954468,0.13787311638079516,0.25188076129300085,0.6684833264318746,5.191736112869918,5.0015248889882775,2.96934919596287,4.240535834273215,3.8512555870380676,2.848131079314573
2004-11-30,0.21596188503028207,0.2163395226270864,0.18451315065354046,0.32682973195765963,2.5147207325367793,2.607189498120941,1.3636208534083762,1.9475116495416713,1.9062067946198842,1.37631124942085
2004-12-31,0.20274837321620476,0.17685114119901468,0.21265691429626984,0.3242460088685428,1.8929671057059827,1.806084009228785,1.007673489597206,1.4872256088851892,2.021285174611326,1.0163007502946384
2005-01-31,0.2750978927374122,0.21839068679440682,0.27745627779473575,0.24533393779611604,1.70317571517946,1.3091931578797056,0.9051237798315069,1.2096021811788193,1.965589819228562,0.7906751698092674
2005-02-28,0.43351147846853594,0.35005103846120555,0.4279011421200063,0.4159491884040032,2.3888431677585604,2.158104657216059,1.4905440754671917,1.9694648854243932,2.4743184823038993,1.3041074003124706
2005-03-31,0.6414220184863632,0.7079737323395567,0.5711000667401037,0.7183750491561663,3.934966864911102,4.186900904167945,2.7153343155014174,3.533866378978482,4.246706416853234,2.630107849310369
2005-04-30,0.8148953633490839,0.9669403280476123,0.4678209010463122,0.6780726355706981,5.375849141171714,6.485836501303787,3.7819391316464306,4.924632277368052,4.007366482068982,3.7586923684964395
2005-05-31,0.7382017909615272,1.0286411830964899,0.6327013448242197,0.6421283950865067,7.3449804628501605,8.303329938068476,5.308812109792889,6.874421385696573,6.619890675728867,5.329855673560447
2005-06-30,0.5322476056766889,0.8698075491880238,0.5282671443875641,0.34521791976628713,9.182032230653702,10.22905172485505,6.137762798761023,8.073612576773442,7.9810301872537615,6.25573017351148
2005-07-31,0.4088653029179623,0.6349969037675259,0.2948415540701867,0.16803149421989652,12.085010021330024,12.611021568302151,7.744190389625072,10.394975332341383,8.843680761033589,7.238347771104076
2005-08-31,0.23846548445492982,0.28919886447242604,0.276099250041073,0.09423420627225101,11.348143135435192,11.50990891486248,7.059067221780822,9.790748740209139,7.9232285833987035,6.326493236682592
2005-09-30,0.12428014821181381,0.14096403879940325,0.2805379844907169,0.07932659544064002,7.990460874142298,8.544641761634526,4.792872552242973,6.673694280325979,6.235764735124982,4.518655042783274
2005-10-31,0.1036019178385895,0.14107888530661097,0.18296491578468396,0.1455009975693553,5.713772300119581,6.26095217989371,3.2951914439915084,4.760279994271047,3.3889372573884735,3.0721580415409697
2005-11-30,0.15343074737790952,0.1731672982411701,0.19648428203068238,0.259903853313004,3.3471242861622135,3.520281069083904,1.8388919045567091,2.773011911308284,3.3484160424791347,1.6656973638129948
2005-12-31,0.21971016564610626,0.17511820003471568,0.20102597508638118,0.3192653757528346,1.9278501104449248,1.7760369887495335,1.0454874679373916,1.5314420849295642,1.7767351536627956,1.006960690049506
2006-01-31,0.2980178437069354,0.25053720643188443,0.25620373369273725,0.36443272712232166,1.9666695810238684,1.8629679528187804,1.1408770163915105,1.6248713787648765,1.9535994446410296,1.1397253973369474
2006-02-28,0.36795417842212186,0.3755504207976174,0.2999839519932737,0.4001320137009193,2.789118909870163,3.0918782110053926,1.849029300937825,2.6196872416880974,3.231407121499959,1.6683071558692146
2006-03-31,0.519555767283002,0.5475227799319421,0.45578343613419936,0.6179732791014904,3.1565141464317374,3.1568084901061373,2.1077385797082098,2.7516413334883647,2.973651352359956,2.1073833625178358
2006-04-30,0.7460092969242808,0.722632223727463,0.5115619558219295,0.8735868717228675,4.469122897416845,4.088264970218387,3.2326002324542396,4.074814318651284,3.7252131831157462,3.276783949207593
2006-05-31,0.81954632414973,1.0428479499357906,0.6382647074105225,0.6966723373228675,8.157248014738386,8.836110758474558,5.994123732776639,7.903848847272125,7.052290011717071,5.597928248041714
2006-06-30,0.6295695379519904,0.8661723721798188,0.4626913506922416,0.31331144234405656,10.284200499390478,11.147250406824686,7.09424508043572,9.535524428498766,8.298817587337338,6.704538015486998
2006-07-31,0.4062443200693677,0.579917765039659,0.28421431140352005,0.15818724457813335,12.118550422927537,13.244044377343892,7.795547618259194,10.586148346820062,8.682833895472992,7.24119367337703
2006-08-31,0.21371263657652587,0.24341070725947658,0.3142717799424001,0.08052445547178667,10.587121658701067,11.48181667306219,6.380017793011018,8.593849864538706,7.978184807774572,6.219696970061705
2006-09-30,0.10903320472420253,0.10004853386440658,0.25745315143920944,0.0509507753433851,8.912136863777272,9.5933379815983,5.152809858349444,7.283354605540592,6.129143468738762,4.677988163482002
2006-10-31,0.1238432300254107,0.0988667727146186,0.16795051109476394,0.10194350595975532,5.71145767350391,6.021054670276026,3.0518528430552108,4.393160064764846,3.693760559376666,2.944397275076568
2006-11-30,0.13956888062612674,0.15025446886034716,0.1937519055321851,0.27312262546291455,3.049224597838656,3.098061622721191,1.6196103921720761,2.365428584175487,3.0303927558425103,1.5238299544937413
2006-12-31,0.20857082886201594,0.17341790278538968,0.17615981070938358,0.3025481298429993,1.9692219508351287,2.1207404158366514,1.2091299912707167,1.8572028627332091,2.2843698098135845,1.1030879109517555
2007-01-31,0.1950299678875723,0.22777962977475177,0.19118533865712944,0.15818484628861493,2.1480450797365163,2.7593876880859938,1.4292100258112017,2.176183264186823,2.6014507853277875,1.078971947834027
2007-02-28,0.30907467724131144,0.27945755241216574,0.2986971362882259,0.3833963989771044,2.47043496688615,2.272847406670317,1.5094650293107392,2.0832942903501834,2.915053504483489,1.425138694249211
2007-03-31,0.5454539865765601,0.6394864502173947,0.4364817800344596,0.3189576322007844,5.025371522194755,5.36989993698985,3.481565120676247,4.73370006338792,5.138666101832284,3.0981674313555323
2007-04-30,0.5339934397513206,0.7295670746165636,0.3542257253833789,0.40753688710244396,6.629500591275342,7.2430599432633995,4.389125211467061,5.9417357310601675,4.3353544929308105,4.000414880927825
2007-05-31,0.4459124198710167,0.6419251441624172,0.44915723003904007,0.18323733932232786,9.873101683730992,11.423310454859038,6.374405643469228,8.555070260558093,7.657402074778203,5.857498567023437
2007-06-30,0.31167150847586994,0.37458146612135057,0.38941469148943064,0.09131172609405491,11.416487832860039,12.92632438176784,7.215691242055243,9.831226305520394,8.681432458742767,6.739591644444311
2007-07-31,0.20595021611007786,0.22027142486211537,0.31963803792725337,0.0774384515393255,12.037954133236921,13.133228991946885,7.476914820717296,10.101153262780864,8.601380220615983,7.118518536136985
2007-08-31,0.10856294372854056,0.1153087605702596,0.2750392641905443,0.05428495663304785,11.29057878932847,11.910993540040476,7.02076347263183,9.73451362513323,8.056235237293679,6.382347221171903
2007-09-30,0.06907037245602397,0.08629854636537185,0.2786078487768847,0.09466926422377413,8.097014901993937,8.817385603752049,4.777721246916024,6.657270309112482,5.889251708829616,4.577956456493377
2007-10-31,0.1123657201518961,0.1867413048639836,0.1748605284456408,0.2927182801871812,5.2818498975877555,5.780674444309329,2.9644547762101574,4.240994841306337,3.457101980903304,2.9900556995764704
2007-11-30,0.12411599268376274,0.1344060966383066,0.17649873857596238,0.12544837295244549,3.2375275029172528,3.9749998187641453,1.7954369749607701,2.6694504623717408,3.607829765834391,1.57842050474747
2007-12-31,0.12480287168195846,0.14391098447989237,0.18610637831388865,0.2798052653802918,1.889635434937921,1.9751902727984065,1.1969593762312445,1.8243557381399411,1.7367225765498482,0.9680036587664567
2008-01-31,0.2956205361154653,0.22455434299476684,0.2609272237497726,0.31861146566053655,1.6367936642568945,1.7553479532590763,1.1999977014484522,1.770947262436759,2.0282927852499832,1.0037543991520879
2008-02-29,0.3649635443190121,0.36232563760177106,0.34509951073581185,0.40510075267794826,2.2924474994747754,2.593607410185751,1.7416959543847672,2.402386515074515,3.0806985023106517,1.4741891741567499
2008-03-31,0.5440900777197017,0.7141582860947188,0.31788894690966585,0.37280775545273737,4.544926377251729,5.530622907550588,3.2485609224704035,4.429493474859046,3.3203357026336127,2.879943252304916
2008-04-30,0.5406916209933407,0.805750085979483,0.43665275420270444,0.3330502117363953,6.6292428686943525,8.230451479585957,4.53368677756798,6.147648745696711,6.285603811401086,4.1389993992469085
2008-05-31,0.40460842685096177,0.6405730827756861,0.30723163363689415,0.22009077882799688,9.29056937354755,10.85038809732165,6.234485245789886,8.402793841865895,5.353793981374945,5.510082687269548
2008-06-30,0.33751170812078846,0.4095619225761252,0.2664339192996644,0.12091452078320943,11.600251255303418,13.273317282875844,7.414666590750512,10.17324415764188,6.556392163479393,6.869675958933787
2008-07-31,0.2098215701614442,0.22399502206897717,0.23177256142928315,0.06781415099251452,12.409762179971292,13.68021382579435,7.6649737719464826,10.376522704888439,6.280459985485906,7.0388943388423035
2008-08-31,0.1101509311959493,0.11681610659442918,0.23188781693209098,0.045380180164768635,11.384114810786274,12.434985649536465,6.952698494621988,9.628696026003874,8.108922481661992,6.453843742256188
2008-09-30,0.054017649519007935,0.05804778496728681,0.15317189116426042,0.03248267035507452,8.781810245166874,9.493993483211478,5.269859704820935,7.463577947362625,5.16829034515436,4.7972238225307615
2008-10-31,0.07562893542846705,0.09473358196471623,0.18972239635676866,0.14266128745331452,6.117167758555154,6.496548785583221,3.4904005551070725,5.189982531633372,4.950689348476687,3.3235769563003483
2008-11-30,0.1984050469274948,0.16532143470385086,0.16112855597056,0.38573313715942914,2.8783922774189357,2.865564274732568,1.620851681941175,2.366351016549044,2.403145085042849,1.6283778128325777
2008-12-31,0.12096110381646755,0.13170911321433718,0.1980120404751059,0.26041427029614433,1.841514044917261,1.7036969477968147,0.9372132011102863,1.3671759636270542,2.025879080088195,0.8861270268867766
2009-01-31,0.20472784265326355,0.22153023198016836,0.26137306755794826,0.25326935080478125,2.0385464119384222,2.3077551910705103,1.348691096634793,2.0011177536935763,3.864869679767793,1.1891440570275642
2009-02-28,0.3537401477820687,0.27510344772840256,0.33290124423127854,0.4367123399567562,2.3477219461032166,2.291339377330473,1.5549837912506583,2.150638840920666,2.5829156125467114,1.456732893661867
2009-03-31,0.5209388611353951,0.6454761294118643,0.45126160054352327,0.4672694679266887,4.569575254957098,5.077159031446965,3.1036829832852066,4.213821404598509,4.711102142982024,2.8255915329423567
2009-04-30,0.5536737781786366,0.7812499765531095,0.35553953867494903,0.38661508232453023,6.680490056100889,7.602169064382332,4.419928504825026,5.943265352643809,4.3919945913733525,4.092422531969104
2009-05-31,0.5068481721270477,0.7465163339386741,0.47292694608514513,0.31985242008435455,9.294947198654512,10.253558272660605,6.3898229166517835,8.586843935702912,7.403200859745982,5.702278334423844
2009-06-30,0.32535982490938664,0.525339856833612,0.4416019616314228,0.18425071451477337,9.936975965935487,10.608078499737559,6.2533312892138255,8.24990301490627,7.656899626931703,6.119840419366552
2009-07-31,0.26250065953587465,0.3004348752947231,0.29220673009423065,0.07273773175185569,12.442769628665527,14.026778512346958,7.738085733600885,10.496674030919953,8.870471834939233,7.068701472795309
2009-08-31,0.1329850578705336,0.14371470945676562,0.24064648788771142,0.046414676873537265,10.970572183461591,11.856231377710468,6.764760285735531,9.32788007370339,7.958585290860826,6.34219415921885
2009-09-30,0.07820792513264536,0.09632949415004295,0.20217641511474196,0.05690110570014118,8.955630067696893,9.55121756768489,5.434585716534297,7.748965286793816,6.6854216411738365,4.92560767456999
2009-10-31,0.1413400556804139,0.20692434184018307,0.20439156036467457,0.49313167128616164,5.302356410173801,5.913366718909775,3.133061060473788,4.52126244173029,3.1813757572236554,3.044740875104979
2009-11-30,0.12058083028945227,0.17662736568198079,0.1851660451687404,0.12679911318989806,3.0707111680907975,3.266324531509866,1.7546837454150213,2.613887049847513,3.36134371785467,1.7052895799553003
2009-12-31,0.15584052385086372,0.13680697116878876,0.19239081122876237,0.26591323336543377,1.5685129210444213,1.6630835284149548,0.9554725766395,1.3905982103743433,1.8201457480920848,0.8479066898753256
2010-01-31,0.2793646537620043,0.1985769200758901,0.25232685620404705,0.33891476971118434,1.6052169441344262,1.493362108406398,0.9577274292751191,1.3035547242043588,2.1360968760548893,1.0588893400216597
2010-02-28,0.3509941514845329,0.2973371935270477,0.3594767809050103,0.42015823291773496,2.0784443698210984,2.0227524878648384,1.3659412163301659,1.749085637661936,2.4384905456856854,1.3822463422110625
2010-03-31,0.5946951163655958,0.6732678135945399,0.45649838122726905,0.5095082545790495,4.180526639328248,4.42734936583775,2.7579560442874604,3.599078863589113,4.084856877882027,2.736929939753964
2010-04-30,0.6772217400036404,0.7644446846515238,0.4377223327643608,0.7505559447475704,5.054569634368842,5.3781015836412305,3.2998080742587335,4.175700494073471,3.8590237379664316,3.4845102533362953
2010-05-31,0.6238356561361176,0.8823090622349883,0.5452248109806934,0.4861743752641758,7.512636725026466,8.55833942372692,4.990915785819666,6.469993762225259,6.359203282201903,5.089742510887555
2010-06-30,0.5335727462653865,0.8191620728699072,0.5257003871191844,0.2443185568864377,10.096367337484125,11.63374805034504,6.697859631370946,8.880720386829413,8.076915899783529,6.625647878274109
2010-07-31,0.37898750042103047,0.4977050230121048,0.41002409347513724,0.13171240618144628,11.7102711334247,13.347907942337104,7.325835484810706,9.708305983813181,8.66457233346801,6.970364427830614
2010-08-31,0.2047096896059769,0.21107695491702896,0.3345306226057537,0.07375345432254744,10.525920342647028,11.639330532945639,6.425650597719146,8.722916141343473,7.906349010540022,6.204785189010975
2010-09-30,0.10866649362867983,0.12579992136021304,0.26862592148941805,0.07302050840535844,8.247391750757721,8.75656895458918,5.044206527490201,7.082841197270849,6.216570410680723,4.841915920536194
2010-10-31,0.13058943530139727,0.15629587386320729,0.19611749959439062,0.42559705738059295,5.264272046533936,5.050889224627584,2.9299889292410546,4.1264980387308485,3.1944789102286806,2.991619040015461
2010-11-30,0.19922761317019771,0.18040062813203295,0.21379033765968317,0.4023840253193036,2.674682790455676,2.5326212726118142,1.5435807066562321,2.2333239438260124,2.929915483881713,1.6233623678421838
2010-12-31,0.23799215647809827,0.1303305610987878,0.22164556279567063,0.35227886509196554,1.4560477994993188,1.131253322634263,0.9237523449036976,1.2973517445494938,1.5583323616898512,1.0739108085185758
2011-01-31,0.3106323859883174,0.2165814028527229,0.2719328688678149,0.29081848546123296,1.5792982063331054,1.5329603592527372,1.0665239752154743,1.473829554901136,2.4538436378780615,1.0217255710627642
2011-02-28,0.39045330244361853,0.36655522470533675,0.3243793685259044,0.46763962827033106,2.4683483245308078,2.507968044608133,1.5761383406068916,2.19225960474874,2.8318316740439347,1.542815156442855
2011-03-31,0.521633177677631,0.5351525597777731,0.5042113807645114,0.6992854689884361,3.2138818901444,3.0866752908177606,2.3614340905093276,3.07283122824846,3.704964569155063,2.4329253055447846
2011-04-30,0.7547178647634398,0.8757064549277462,0.43722670557465104,0.5364882493925899,5.2146004866804505,6.032379970167569,3.51380349652035,4.471508050701625,3.6275113277532367,3.7334345639285464
2011-05-31,0.6651489165027329,0.8754093260915903,0.5415776054408533,0.4850150931713004,7.255359860771988,8.605740751478374,4.898569055541994,6.283460133756727,6.258769899873783,5.1368489224963
2011-06-30,0.5701527117373869,0.8425982052860752,0.5437569103197366,0.2936867139804863,8.416263858311913,9.742974724675042,5.528693364308696,6.980721234956285,7.805053754033091,5.936014342271699
2011-07-31,0.41059090970826606,0.5887382184562963,0.48744468977222283,0.1417136026334871,10.742905773742615,12.107330909902565,6.653213718839582,8.487574261554984,8.54276179078124,6.817956808411257
2011-08-31,0.24457290854605182,0.2738121359956823,0.3525554761422809,0.07640510861954511,10.459786798379827,11.804192306785504,6.413105845362703,8.56993282755671,8.090884412481858,6.315762142508373
2011-09-30,0.14131684066379918,0.1328334944426034,0.2660909809190149,0.05999133582958432,8.61067685692915,9.103100011835043,5.271937379776148,7.35825668947541,6.155846470674873,4.8274661957069815
2011-10-31,0.19152191724038575,0.22014037694824987,0.1989653547188706,0.3379363913029271,4.768173542006001,5.492124252374898,2.723296805166685,3.6839974031064613,3.7692989285331837,3.047657863578002
2011-11-30,0.1664076575203899,0.14017143102848995,0.20984516672010042,0.323245267835884,2.7012422004499124,2.941710535796438,1.5337206734416278,2.232921025426851,2.97418690507515,1.5288429220550779
2011-12-31,0.11182306640814446,0.12284400983827484,0.1499667466280157,0.07367327801986512,2.2810998803078064,2.6892379830041215,1.2922033130214403,2.0029525571780624,2.5258912864597343,1.0320077602703563
2012-01-31,0.1883352174085637,0.2021521105792337,0.19043958641242353,0.33002692228276703,2.26592840387529,2.5421305328016346,1.3659760915865562,2.042219893097077,2.8517323523429408,1.2267456071908895
2012-02-29,0.32194015534831466,0.33924844672742777,0.2646509626978385,0.2704286501671153,3.1103850559485307,3.285054709098476,2.0185088949420185,2.882805896860893,3.254280561463618,1.6509308638119657
2012-03-31,0.4288170146034782,0.5203147875682831,0.3736965923727562,0.6217559469417412,4.090928477892417,4.350924667424138,2.6442861643274886,3.5414807962847945,4.068293866973465,2.5822963297834174
2012-04-30,0.6504122107239879,0.7695703114130011,0.547107806550538,0.6726527155051422,5.883326093305244,6.3391825119360545,4.047321274319593,5.255272257225677,5.980078983082467,3.9136343093195807
2012-05-31,0.539755183227231,0.7854600795593968,0.37106507875307926,0.20582393734645965,9.587792856441252,10.431271966368657,6.643517598050497,8.985111918080898,5.851971486836053,5.942229564376647
2012-06-30,0.36685292555037907,0.5201005825354253,0.4343748510101585,0.124824444132091,11.130219770487917,11.886458250824095,7.288549489182875,10.02573252144819,8.543086570279556,6.64083657436381
2012-07-31,0.2537259250771846,0.30647397405481064,0.34176359485962043,0.07214890802999216,11.887547726353265,12.37169683623557,7.396308804016967,9.913338234967453,8.632264655102196,6.91828426396411
2012-08-31,0.14726706245456467,0.16081635897342447,0.22293683294047378,0.042652231952665105,11.598653318301421,12.239554233809876,7.403904186656485,10.516389286626596,8.24331933026304,6.461785518878722
2012-09-30,0.08274403151598139,0.07445944911480495,0.21652797122078124,0.03140933572929255,8.739748010671589,9.453469523859974,5.436885971796491,7.820920562398873,6.824188899661705,4.73379094198272
2012-10-31,0.06814060341117852,0.08278538401624974,0.23845913824757964,0.18987084625478276,5.4645553041839445,5.864751912165394,3.3238241716982446,4.82154228783475,4.429228418149999,3.181046737317246
2012-11-30,0.13102450562947093,0.1093699288937197,0.1646254636546008,0.3989550081040063,2.8034899929091917,2.8619467514151538,1.6303306218839626,2.3992554290107915,2.0376683079258355,1.6307325129209977
2012-12-31,0.24269597451995342,0.19327898188541312,0.22215816856395298,0.2993840451588016,1.3922158180305286,1.623529959479875,0.7958890995953778,1.1005212692066795,1.656258055865123,0.9425532084099515
2013-01-31,0.2620107183180678,0.22228589489159833,0.23978516051405807,0.22131176381339612,1.703948071451996,2.0066666100846313,1.1208935956687611,1.6253309053208194,2.4057513826701555,1.0802963493892017
2013-02-28,0.3618387998317338,0.36516475015575445,0.30803901568301184,0.2679052976123985,2.6276895719574593,3.155098923719205,1.7458851068338135,2.4161445963177917,3.3101177237789114,1.5635373265658987
2013-03-31,0.5263345540305711,0.6463661547849199,0.43160216644146204,0.4181932436335436,4.406233926855337,5.375052195773115,3.0742116878734826,4.050102533321001,4.526704035472163,2.913479704977167
2013-04-30,0.6379974348925442,0.828987166208066,0.36959286991008633,0.38211667882907613,7.024963621291837,8.624740685730343,4.882489849982891,6.5986930588846935,5.084639249850127,4.468442476111913
2013-05-31,0.4231639990841912,0.5801367274868343,0.43744989603036866,0.22385130937283768,9.332137739234415,11.322434093312442,6.502421439971521,8.89173880328482,7.527054553577915,5.76612179942139
2013-06-30,0.33118519320352485,0.3610788524147531,0.3749840789761004,0.143579610708731,11.097075301667374,12.485931382885296,7.438646408002153,10.230283689423215,8.457373516555446,6.636936097698436
2013-07-31,0.22797734783056164,0.2212165451003492,0.3299907618426479,0.07072912530452079,12.256266521926348,13.642389570165005,7.747750750768359,10.513348752668643,8.580077927888617,7.075629702868832
2013-08-31,0.10900985863424054,0.11963640676332245,0.3197761897022244,0.05677133629480157,10.960323814229998,11.826629820179368,6.641716895570119,9.089914041022958,7.756692974557868,6.264073605956869
2013-09-30,0.06655078162711626,0.09226352253608244,0.24651408352998902,0.10616892174536785,8.548690217311796,8.873146062837689,5.090510053282229,7.152744490220875,6.407698641145374,4.817052064958344
2013-10-31,0.11836678727128977,0.09584096447406758,0.14287889120838276,0.04854917885349648,5.766466658106868,6.314208330001109,3.357344716123476,4.926398452981881,3.7689301145744567,3.0511341761114363
2013-11-30,0.10925914625069143,0.10742159551700019,0.16902975094864317,0.24727714720988864,3.3687611275894795,3.468244525625282,1.9652400615814876,3.00520215242218,3.715564577641813,1.656449227664364
2013-12-31,0.10886511980626497,0.11237964746379579,0.13901778550784002,0.1075530959362008,2.2842775317828408,2.309658360214313,1.299843755281993,2.0363942996994795,2.6061115540467963,1.0477265027999625
2014-01-31,0.12652218643673158,0.16675686835362646,0.15734597482455848,0.09927690713690354,2.9471401955365484,2.8168434254345494,1.8143883527767128,2.83697003081304,3.407609942671361,1.3813609593671279
2014-02-28,0.2973207389686977,0.3021159663696467,0.28702428241478284,0.4722358477032911,3.0500856229618702,2.9941719124535906,1.8920081594135536,2.6853816249924716,3.0679906367544225,1.645943947110601
2014-03-31,0.5290264489531545,0.6142467765800707,0.3829976627119687,0.42731125207160475,5.106544280730171,5.273492891567817,3.3112293833955437,4.566539579590191,4.768516805283439,2.97621293251845
2014-04-30,0.5765078532013598,0.7225994472152085,0.3797291431281444,0.3994404202544189,7.112007831711743,7.470080124177726,4.698658169659284,6.3634648947395736,4.846802054752377,4.268966848195966
2014-05-31,0.4206106681236632,0.5787967833730615,0.42389493366261966,0.11360239889628863,10.059532313845681,11.481573997941513,6.714028105101017,9.218827408330506,7.709910819373376,6.115910865478677
2014-06-30,0.29666082391284354,0.3119515895037477,0.3326635136722824,0.06354158931325492,11.877106733172987,13.065924185041842,7.706800103219659,10.697625614168372,8.828874722561808,6.899203106780263
2014-07-31,0.17416455352086593,0.1646331519532761,0.2491098362333867,0.039313170267758435,12.174795709594946,13.363221836259669,7.510307626944071,10.254030281377695,8.347088834245975,7.0898570758445185
2014-08-31,0.09166755129288993,0.11367221848092668,0.292123219540731,0.043774590885647065,10.923130188098233,11.585141971507037,6.580934304871144,8.957612634554549,7.781591206004456,6.22509860086764
2014-09-30,0.07687914585065239,0.08287133345170672,0.21200087835668083,0.14797469769005178,8.603501471647565,9.018905969082898,5.207157014451954,7.313689827315761,6.625746342105651,4.837383089119474
2014-10-31,0.08253623865889409,0.12814098334233637,0.13789107793839686,0.22744837381099922,6.240893379178136,6.529987519751709,3.7873231320982477,5.612477833263391,3.6825736855612243,3.3483338601447907
2014-11-30,0.14540071745509417,0.13858001066685766,0.20312489508743534,0.2949848414400753,3.0326788874502193,2.8924891811733806,1.618206060565836,2.350296801912973,3.2673267964205173,1.6123665957201316
2014-12-31,0.26967025618009666,0.18835300072867767,0.22889347959707618,0.3865753801796267,1.7424142347492422,1.840953485408034,0.9456575332262466,1.3444820949070577,1.6024713397332333,1.1690968504291892
2015-01-31,0.21888206616743508,0.21421416844562013,0.26999965314630275,0.1826505318058667,2.1199891100798887,2.091410333789303,1.1580263040501413,1.6261707473576386,2.6489584722626764,1.139194727413961
2015-02-28,0.41254119510917203,0.4069699463129679,0.38566055736821964,0.42145037558081255,2.8658675201322694,3.2910317588106293,1.8418892755696414,2.518339545198662,3.534333808101095,1.7828169999323862
2015-03-31,0.5273932482351613,0.6804300601188404,0.4369363091468048,0.37164185479087686,5.142816099460544,5.871572568444409,3.5541312735914627,4.8146222156611715,5.245243905856051,3.2475629622673576
2015-04-30,0.5459436974691139,0.7556809332147809,0.3358527861924644,0.5494446825480032,6.930482849357681,8.21937562565758,4.682154046695703,6.2994611613289475,4.695789209086394,4.221667877361544
2015-05-31,0.40019764883961007,0.5542298447767757,0.44871152750993576,0.23119140118487846,8.607295045849082,9.653358061327602,5.482259576371586,7.106530289710158,6.817690604378956,5.195910623295851
2015-06-30,0.3402188101962195,0.3913231840597108,0.32425599715368164,0.1532510183909898,11.429816589160652,12.72801197992274,7.351024984082209,9.967482528238689,8.471864975137532,6.696557974517963
2015-07-31,0.20462000809030784,0.24542957650902558,0.368606214456822,0.08366998785285021,11.822918880880696,12.697886561909558,7.054245438781951,9.347489284829535,8.217991547683539,6.989302368628658
2015-08-31,0.10774308065429311,0.1283319999714966,0.25859322346395613,0.05122431251516236,11.140674039624612,11.834833584674337,6.773440864900247,9.34046322660536,7.6699143262830445,6.490625026236737
2015-09-30,0.07025641475675586,0.06453692432073208,0.18409093587425884,0.07109836377148236,8.568068127760373,9.177690213086416,5.226565567918914,7.456535978447584,6.362506907665267,4.788415563588869
2015-10-31,0.11777586902519152,0.10170117467068363,0.13487754952944941,0.15560147579602826,5.997007304107776,5.83830620054315,3.5071787489065462,5.0416215915526505,3.8782101298774343,3.212986744641657
2015-11-30,0.16659401928169645,0.15352935243467944,0.18698543216439217,0.3946169107227106,2.6927923001000114,2.9098420753096446,1.4959563579571373,2.1835775297121462,3.1001176823161476,1.5779770329096032
2015-12-31,0.17770949304875922,0.14179825747310082,0.1994638904054965,0.30412993475403294,1.662265732221198,1.7863420697488555,1.0061637919256416,1.4796276348501798,1.7409385702275517,0.993247473149189
2016-01-31,0.28026663822045733,0.20741642833860485,0.2780653739060205,0.32359674620265416,1.4670622738119747,1.6208728606031848,1.0828222446190905,1.5231098279852398,1.858450703705751,1.0069596879928222
2016-02-29,0.46915033982647586,0.3533394499970358,0.3583024497382903,0.3409439491043891,2.697883472245881,3.1850566633933584,1.9593617086477904,2.7060584363078584,3.6786269909124525,1.8447124677210351
2016-03-31,0.6304368855086672,0.6240753393609095,0.529643145780204,0.6927875513111091,3.983853981050931,4.706259708480134,2.7714657368631244,3.6084359336056218,4.368899258306159,2.839137374481067
2016-04-30,0.7647855419176236,0.809378450037243,0.5486871125971828,0.6614025963748896,5.955976012018473,7.32238024904449,4.171096058507711,5.393389965973487,5.619313418829504,4.165901096873664
2016-05-31,0.609967550858805,0.7300153338715889,0.3974279737392189,0.43423762220895373,8.13865911206047,9.363037563473531,5.593806016637369,7.212630720645003,5.3428891394260845,5.360303228224854
2016-06-30,0.48260427275280887,0.5444757671244794,0.34905310403965495,0.25505359443044395,10.797032764431242,12.590990621703579,7.150273824396445,9.65896391262805,8.681139730846018,7.031951589804073
2016-07-31,0.30271211254874875,0.32051582928298766,0.2749823556198401,0.12357928383026197,11.966474778274595,13.347662103240031,7.496830334445369,10.118274888564924,8.925173847937508,7.308659289383554
2016-08-31,0.16314876239052548,0.17214029738082556,0.24056335377709182,0.06927782951875765,11.061164368707084,11.709196346113561,6.6911308688678,9.190654148422887,7.909526848060237,6.482505596796287
2016-09-30,0.0774011082953375,0.07398855610894108,0.200273675763953,0.04866878777745569,8.55265440966177,9.06090491701106,5.122118145308415,7.2657596667373605,6.50321729351921,5.047629975359247
2016-10-31,0.12533614822366212,0.12779106862296385,0.23440344591982432,0.7005944492132392,5.136622085529185,5.377755653610594,2.829418802779904,4.0319259421667795,4.318283753209375,3.0933293875340553
2016-11-30,0.20943001189350227,0.1440670528176292,0.16388359119088944,0.38361292505248634,2.6393900001036426,2.691640974658607,1.5373756246631978,2.183749982423449,2.261127487706855,1.5642685328424155
2016-12-31,0.17808057575137376,0.1403087554468217,0.21888699505001413,0.30443726251228864,1.6514595938313674,1.656046161678185,1.019945766933942,1.512472059027876,1.7723289110479814,0.9463105726062433
2017-01-31,0.3015167523896727,0.24086048386490425,0.25477129355705724,0.3286351481253648,1.443453204272051,1.5735764102030931,1.1144997012540292,1.5925646465744787,1.7231714803900737,1.0227555532229773
2017-02-28,0.4772660528162384,0.374043187593593,0.37646331433923774,0.44729485446324707,1.9020536678948536,2.2717644083765496,1.4735342803014975,2.0318727035366897,2.476555360103003,1.3848585533737163
2017-03-31,0.6594100284337354,0.6495201055625714,0.5566897696892488,0.7361623616548143,3.819398341692501,4.529035579613284,2.7905754843664634,3.6089479048005804,4.5401670161556575,2.83960616080123
2017-04-30,0.8594316523656653,0.817568742423251,0.4534793688164393,0.7684221611734839,5.189683152884713,6.470204045640231,3.7182010569901065,4.828244399928454,3.9663536458274136,3.834734114693121
2017-05-31,0.7878086799234929,0.829861350581877,0.5559821395329506,0.5081054135484738,8.11106296911009,9.889416540201243,5.6072102792905945,7.105729141908714,7.2114128814738585,5.741880254704941
2017-06-30,0.6123705871605885,0.6230972403484731,0.3931493743106008,0.32049170129217264,10.298265025252334,11.860043343369284,6.8762968726517775,9.074397271405966,8.533297676472321,6.88709819048699
2017-07-31,0.4029557181990719,0.3879020985335981,0.19519866221266827,0.1499218472743153,12.138425248533148,13.542345298454395,7.714241321825083,10.362838504273686,8.899545055591807,7.520472269742884
2017-08-31,0.20146523027801833,0.22354620603332764,0.2212150035259232,0.1143245710605051,11.50137641655094,11.26621429779002,6.685719782074371,9.038553794268628,7.916220009378436,6.350780736944088
2017-09-30,0.11817775501074097,0.15233898962884646,0.2571856873801287,0.16343868451900237,8.565746860823017,8.468265794723472,4.910280673415469,6.814645927179104,6.198970096491823,4.847806242066271
2017-10-31,0.08739446572242068,0.06438080825477824,0.12256831940808786,0.07923082740274197,6.297900273963185,6.476298718114152,3.780439072809161,5.694837251480629,4.074533113583335,3.6980099848975065
2017-11-30,0.13136010210622578,0.09103039577593161,0.2146283455042259,0.3234872431656158,2.893605109377631,2.6461877040247512,1.560523924900366,2.2560948797019917,3.0525158672026613,1.5996332447201886
2017-12-31,0.14685915946691142,0.07714222269640482,0.13366362539108395,0.10659018614784002,2.511957708732678,2.4828756233904654,1.4307363907565003,2.2679471974719583,2.775185134734156,1.4540432767253086
2018-01-31,0.24792521379082888,0.13141161559452993,0.2295193729473757,0.29454142697512165,2.031077198222978,1.7683455846994003,1.1808903086667364,1.6733584566727429,2.5184557606907987,1.1402224225545037
