,cri,mas,gfz,csr,jpl,grace_median,gldas_sm,tc_sm,gldas_swe,fldas_swe,res_ts,swe,sm,grace,t,ts_savgol
2003-01-31,20.974964469995616,17.40079708266607,44.738072956077424,3.6240266144329025,2.862573502240316,3.6240266144329025,79.1353350608922,31.414123622266285,3.669352016787942,7.529371955162094,29.7737155704,5.599361985975018,55.274729341579246,,,
2003-02-28,5.263076460916533,4.041851453620448,29.32239506696346,23.966048996602005,16.67542401530346,23.966048996602005,73.21322662202587,32.27373944515043,1.3819324638386563,5.106672079715074,30.98917812804,3.2443022717768653,52.74348303358815,27.636892461151255,27.636892461151255,
2003-03-31,8.170356194361556,6.7179092286325695,18.02358886519689,14.507859391456321,12.84268341162942,14.507859391456321,81.30071392646718,30.108576459945468,0.9701807943393893,4.552263990224383,33.9125775342,2.761222392281886,55.704645193206325,9.106377705173127,9.106377705173127,
2003-04-30,8.584773186466576,6.818880236801625,9.334481010007254,19.442988096073325,14.47295563561589,14.47295563561589,81.05226642939648,29.70633226569085,0.8115448663212731,3.8841253979602346,36.51020253756,2.347835132140754,55.379299347543665,12.61406373805968,12.61406373805968,
2003-05-31,,,13.140678296816773,14.245609684054859,2.8063024004328616,13.140678296816773,77.8467354937497,21.79396482152971,0.26255685488570396,2.5522933826902876,38.77532203776,1.4074251187879958,49.82035015763971,17.374917999873485,17.374917999873485,
2003-06-30,-6.96350491826792,-5.826967298148026,,,,,55.69638200217246,13.132681700854766,0.00051087939660954,0.20228545132702422,37.91952867984,0.10139816536181688,34.414531851513615,,4.0455495132331905,
2003-07-31,-19.927174311705087,-17.168351568689484,-22.778530062359053,-23.154091593366687,-14.902450075690469,-22.778530062359053,42.61460034874436,8.875623567665192,6.426658286118965e-05,0.006509908134546204,33.1923485622,0.0032870873587036967,25.745111958204777,-9.283818973407106,-9.283818973407106,
2003-08-31,-33.141243681376935,-28.813616470491105,-33.37475138735077,-21.36858667427244,-29.879127632364987,-29.879127632364987,36.0010023037811,6.893464745965127,3.860306388969581e-05,0.0,29.8535402286,1.9301531944847905e-05,21.447233524873113,-22.239173079606562,-22.239173079606562,
2003-09-30,-27.57239673442974,-24.254191216987024,-24.729441135828186,-33.22732341121714,-35.715572533171844,-33.22732341121714,31.196197589414275,5.676001176942231,0.00043251434114890654,6.355452094135881e-06,28.2047475126,0.0002194348966215212,18.436099383178252,-28.567596686886958,-28.567596686886958,
2003-10-31,-33.29966752260926,-29.027885370509022,-36.72518713739421,-44.293102252121635,-45.73381520593684,-44.293102252121635,30.137733227742938,4.8554041548454645,0.0037170313531540876,0.0007688254937836756,26.73040217256,0.0022429284234688814,17.4965686912942,-41.88124971372443,-41.88124971372443,
2003-11-30,-11.34723599264885,-10.011487383988591,-62.63879663992278,-38.24419636284607,-41.01744033042576,-41.01744033042576,31.69571829618425,11.372237228525124,0.22343258119181128,1.1402642585327354,26.44126952664,0.6818484198622733,21.533977762354688,-45.44532224700505,-45.44532224700505,
2003-12-31,12.326582442816362,10.566918236898362,14.735153730169266,-19.861478825831153,-18.980094059128813,-18.980094059128813,54.23816167532569,28.246542263875465,1.5321303276784315,3.6371999677658615,28.48498553424,2.5846651477221467,41.24235196960058,-42.63500100183457,-42.63500100183457,
2004-01-31,,,,,,,72.75052315012236,29.155492534370786,5.262217544900216,9.17299906706042,30.33096112956,7.217608305980319,50.95300784224658,,-19.827121892244662,-16.67006402163331
2004-02-29,49.060149426112666,41.5474382552242,8.60667774550894,10.590677106312656,7.571390935555779,8.60667774550894,75.28381071059313,32.12571597495357,5.307000387348293,8.991763684446191,33.27335242728,7.149382035897242,53.70476334277335,2.980757217345243,2.980757217345243,-18.842291022256934
2004-03-31,20.588280898858148,17.400197890558207,20.28377495482536,19.86765961851983,19.892527905015992,19.892527905015992,82.71652515832477,27.937025090115068,2.7923086841597002,6.8328335938372255,35.49355105284,4.812571138998463,55.32677512421992,18.387128394908203,18.387128394908203,-23.42837772135604
2004-04-30,11.775781118519962,9.73278729649477,14.149047598726977,11.337775377251523,5.067378395492852,11.337775377251523,69.32997143141255,20.983852520291386,0.09502285497495545,1.5318109134697717,35.99992913028,0.8134168842223636,45.15691197585197,25.00041470295557,25.00041470295557,-25.135660761533092
2004-05-31,-7.418709950808862,-6.614294357192958,-1.0806430369235684,-5.1288867569839285,-5.581604366015669,-5.1288867569839285,58.6420787278251,14.889641610295818,0.011424501484227674,0.18566314878374712,35.0117253948,0.09854382513398739,36.76586016906046,4.9652418443759565,4.9652418443759565,-25.272046720448348
2004-06-30,-20.233882248528968,-17.778413445519657,-24.342578407593106,-20.54273990718556,-25.12803922300555,-24.342578407593106,45.88936234972787,9.974767424504373,0.002700641013044302,0.010449389728763659,31.39423322436,0.00657501537090398,27.93206488711612,-11.79932214544568,-11.79932214544568,-23.383433930329772
2004-07-31,-32.861559293096526,-28.912022548170167,-39.75659887812558,-41.03035748765983,-41.493216225217786,-41.03035748765983,37.16601046350043,7.373248256917585,0.0027380626164300458,0.0,27.0825274086,0.0013690313082150229,22.269629360209006,-31.05101016093002,-31.05101016093002,-20.69913917913072
2004-08-31,-31.552715893265617,-27.943952550893144,-40.76187216630947,-35.306431027419336,-55.72756798473969,-40.76187216630947,31.09983953190092,5.966147103704246,0.0035451964058905746,0.0,24.19396641156,0.0017725982029452873,18.532993317802582,-34.137078693757786,-34.137078693757786,-16.381373328055712
2004-09-30,-36.210856475800334,-31.408533919141117,-25.498594367395167,-50.71169570627496,-50.74024690426077,-50.71169570627496,27.72307160141366,5.040594662252222,0.006352761836839047,0.0029769490169476573,22.83534369816,0.004664855426893352,16.38183313183294,-47.20480506412927,-47.20480506412927,-11.3768915036291
2004-10-31,-23.479884409785594,-20.570482997637843,-41.94466438729531,-50.1491673700737,-41.677050094719554,-41.94466438729531,33.16825317119685,11.544384260059056,0.36645071846675337,0.7989428877467039,22.40272155732,0.5826968031067286,22.356318715627953,-48.06455977793016,-48.06455977793016,-6.111966969373425
2004-11-30,-15.5588091219567,-13.589607970012667,-29.582859698974506,-35.414693386895685,-26.18285534332155,-29.582859698974506,48.67525565627181,15.803876278618155,0.9769466017330402,2.3962862496175528,22.84173805848,1.6866164256752965,32.23956596744498,-41.00904307452011,-41.00904307452011,-2.0881734296206504
2004-12-31,18.86120094106552,15.867607095596743,-14.141951316236614,-16.797356738227403,-10.976104352493271,-14.141951316236614,61.26572760912696,30.184006137806612,1.6781620187962485,3.610450660255466,24.74504703768,2.6443063395258575,45.72486687346679,-30.48825111530898,-30.48825111530898,0.6756857536368868
2005-01-31,31.382433331580717,26.68327050027022,16.13082707708907,20.045648140178397,23.557355086675354,20.045648140178397,82.30234084900867,34.47082089988217,9.222239494648303,11.508262944024862,29.29470718068,10.365251219336582,58.38658087444542,-4.886670883610962,-4.886670883610962,3.399089017744227
2005-02-28,45.5587592282159,38.79816641527019,55.41734519449761,42.053929273765704,39.630393511910576,42.053929273765704,79.58208129145737,35.09477290122983,6.8905082642521815,10.727673698997519,31.45819656324,8.80909098162485,57.3384270963436,42.49475390701925,42.49475390701925,5.00432057775037
2005-03-31,46.375494998327504,39.65715824795902,42.66436030954383,49.79217895655829,43.62693443907825,43.62693443907825,91.07279823088605,33.83881709112379,4.512462660239668,9.496709726584797,35.0226663624,7.004586193412232,62.455807661004926,36.74958886346954,36.74958886346954,7.088683181782366
2005-04-30,45.302814250192675,38.636453019476306,55.15259301988952,49.062588537731855,51.57687305924017,51.57687305924017,87.5186621376191,29.073087007022387,2.625486469642253,8.05783552709262,36.784934304480004,5.341660998367436,58.29587457232074,55.637463400889146,55.637463400889146,11.573697836230851
2005-05-31,24.79645823179112,21.145220259145468,48.50107849668036,50.81914938488132,47.75456187664532,48.50107849668036,87.54616598557344,23.71350982370324,0.9823202310405635,4.754518543927432,41.4718733706,2.8684193874839976,55.629837904638336,48.95341770912621,48.95341770912621,14.717311812729221
2005-06-30,9.913368440055153,8.193839217887165,48.28606271604837,38.502677159868746,30.284695320695498,38.502677159868746,70.5431119245804,16.002909407753236,0.009458192883596526,1.0876454589047289,41.9181649368,0.5485518258941627,43.27301066616682,52.733080393730106,52.733080393730106,18.167545044592796
2005-07-31,-2.5429310391175823,-2.1487464852708364,18.806595013599235,20.376553838158824,8.97328215862983,18.806595013599235,55.55055496934651,10.13898658945466,0.00022017011287749763,0.07208745969065891,38.81423463132,0.0361538149017682,32.844770779400584,32.85116321683786,32.85116321683786,21.184255495881217
2005-08-31,-9.110987744051652,-7.754336073560464,9.113952079404028,8.432654107715928,12.145078948929996,9.113952079404028,42.52055695613689,7.5979461710635166,0.0001580803198545937,0.0,34.9840954428,7.904015992729684e-05,25.059251563600206,20.76568525846625,20.76568525846625,24.58913283955102
2005-09-30,-8.919096631192062,-7.966533752187313,3.0662914907409933,-17.251015333845427,-12.642347327027379,-12.642347327027379,35.36403807800412,6.163633273526313,0.002101934560234105,0.00018055738501691096,33.02913818904,0.0011412459726255078,20.76383567576522,-6.393036391245088,-6.393036391245088,26.80995922480739
2005-10-31,-14.90318330859402,-13.341342389400486,3.8420793934279094,-14.839851960046024,-15.395740152472632,-14.839851960046024,36.12318093991381,5.354927543877472,0.010104774779645559,0.009096560013784885,31.74192533328,0.009600667396715222,20.73905424189564,-13.53631709184054,-13.53631709184054,27.83387860542862
2005-11-30,2.8029676811308284,1.9439148646272315,-4.7466665579467255,-12.353756661403711,-16.71749740145943,-12.353756661403711,41.45920740106818,10.899560098970204,0.20413032667856632,0.46566735133467024,31.45963480092,0.33489883900661827,26.17938375001919,-17.837093808777162,-17.837093808777162,27.460197822754196
2005-12-31,43.10443215278675,36.57874344719158,12.382070570752447,1.8314908693003353,9.207351611303936,9.207351611303936,59.76233276150248,29.4241415204603,1.2674673842463475,3.5441156560115075,36.74190065424,2.4057915201289273,44.59323714098139,-16.55966031410057,-16.55966031410057,25.566927079111295
2006-01-31,42.420992593196864,35.97830382886688,38.99068094334852,39.30602507056233,34.716833388688755,38.99068094334852,89.9034079399387,32.19380511217785,3.7148226663716755,9.995090623770228,36.42007215396,6.854956645070952,61.04860652605828,18.407974933609605,18.407974933609605,23.14361459624722
2006-02-28,53.627223097931775,46.05754216606423,36.451121508178254,34.21006825792257,36.318163959432916,36.318163959432916,79.01298157286155,31.52560372479358,2.2402239635894547,8.80418751145126,37.64003197968,5.522205737520357,55.269292648827566,42.21026891849422,42.21026891849422,22.416551712212883
2006-03-31,70.78417808150304,60.87310891936497,38.2148903041051,54.48475883276016,48.71600162513286,48.71600162513286,95.08532656102369,32.414397989449895,4.292989062124433,12.571955833676249,39.05315600688,8.432472447900341,63.749862275236794,35.91204126114365,35.91204126114365,20.90164855130023
2006-04-30,43.01968405830366,36.747488056658334,58.02173819449646,64.89119001154738,62.07521628496152,62.07521628496152,96.33882792375624,32.57585103850958,2.2804533949586587,13.193825145132433,41.36846950872,7.737139270045546,64.45733948113292,59.7477587550802,59.7477587550802,20.601045332472054
2006-05-31,30.92889919913584,26.248344703932425,40.18920874977543,50.52412128443739,40.813681308135585,40.813681308135585,81.36465516195153,22.029543921823432,0.07519934771509876,4.014287527284622,44.10414312672,2.0447434374998603,51.69709954188748,56.53064346192671,56.53064346192671,20.48018713959443
2006-06-30,22.798234674328498,19.614050060599574,33.590879590250346,34.28421364428682,27.006977758319575,33.590879590250346,62.84209678667776,13.424668388703777,0.0015065348827027086,0.4204357465187637,43.63820469108,0.2109711407007332,38.13338258769077,49.45430727688618,49.45430727688618,21.980942924630106
2006-07-31,8.194839638431784,6.990633145019264,20.428175418596908,17.72638347909667,23.478271305586325,20.428175418596908,48.62882659769642,9.0941627068412,5.9728981231165095e-06,0.013549201489689331,40.14663602688,0.006777587193906223,28.86149465226881,33.39582557172569,33.39582557172569,23.294310561462453
2006-08-31,-2.5964132784757505,-2.6122291728173113,6.984688702326453,8.398234470297737,8.114980905769684,8.114980905769684,38.19060617876107,7.023752581436034,0.00018721058511016295,0.0,36.19867359528,9.360529255508147e-05,22.607179380098554,18.323942591441295,18.323942591441295,25.404023405840633
2006-09-30,-11.86181614418383,-10.566163473995692,-9.702475227018546,-1.777367838162384,-2.0686113078560076,-2.0686113078560076,32.15420851035738,5.7735931530244,0.0012901642235184482,0.0001822486721003208,33.91114423044,0.0007362064478093845,18.96390083169089,3.8615540042364005,3.8615540042364005,24.901901614825793
2006-10-31,-7.111595200450761,-6.789288021999279,-16.101709969279778,-1.4819828496801093,-6.817004952823908,-6.817004952823908,32.51625414021596,4.947626245743235,0.011042558202857749,0.003471398499433498,32.68733964756,0.007256978351145624,18.7319401929796,-5.367760503135955,-5.367760503135955,22.91455694344425
2006-11-30,9.789681705503003,7.952487051886945,2.9085185219651706,-7.141404753608847,-3.6988678260063272,-3.6988678260063272,39.098149896381805,9.876683852090832,0.5502610205786055,0.5016961299003942,32.49790178916,0.5259785752394999,24.487416874236317,-9.783628245751395,-9.783628245751395,19.562933579883165
2006-12-31,7.5446750264219995,6.088212664457907,12.415877654376297,5.090723292107744,-0.19158838331568828,5.090723292107744,52.44985142592108,17.904324642167474,1.372808805019255,1.5062231249817537,33.45469989036,1.4395159650005045,35.177088034044274,-7.469283358661219,-7.469283358661219,13.675354400094333
2007-01-31,15.563740185032104,13.285230637846169,3.9690791749775114,6.0618369352352754,9.567407812318281,6.0618369352352754,61.8136428894936,17.401450911693004,1.6020727389132363,2.155353418517566,33.35522712924,1.8787130787154012,39.607546900593306,1.291653716091345,1.291653716091345,8.038276356897724
2007-02-28,29.115829075539487,24.982912320782926,13.154965989622537,14.241133252107876,17.800479303161364,14.241133252107876,64.54205392556155,23.607241188607,0.8673151684218522,2.5108328298229665,35.16762863244,1.6890739991224093,44.074647557084276,8.151270172009896,8.151270172009896,3.35592414890855
2007-03-31,12.648115842181564,10.522081152957693,20.45456757782103,19.716919963884223,22.358019518199633,20.45456757782103,72.18486803317751,21.048879005075577,0.432820537599865,2.7403867573714025,36.4512273918,1.5866036474856338,46.61687351912654,16.731213208055536,16.731213208055536,-3.5180067906458907
2007-04-30,1.8553426396513022,1.9230516613019204,15.740065132438332,15.75120697829173,10.708246426529321,15.740065132438332,63.353447635327804,18.635208375263474,0.09571368716047858,0.6354215128095805,36.57576076608,0.3655675999850295,40.99432800529564,22.459113319489838,22.459113319489838,-8.528108730727972
2007-05-31,-7.137407520691384,-6.270329011331411,12.55127047396959,9.037761525113833,7.0040840952802155,9.037761525113833,55.8813074842204,13.182387673775887,0.029140363450503443,0.11314354647616386,34.8873721086,0.07114195496333364,34.531847578998146,17.483056253913027,17.483056253913027,-11.124703550167856
2007-06-30,-19.935563580590177,-17.11880586087195,-12.302379723577806,-1.5185918943529921,-0.5355189657051577,-1.5185918943529921,42.04925153652499,8.882076864804747,0.0005349554602313383,0.0018829315150013725,30.92106412896,0.0012089434876163554,25.465664200664868,11.583832475096,11.583832475096,-10.796742216434254
2007-07-31,-26.543024212778278,-22.692279339005857,-23.913831960260477,-15.532492612476387,-23.169907336557937,-23.169907336557937,34.3384991942936,6.671639526059068,0.00034002939045016666,0.0,26.92266716712,0.00017001469522508333,20.505069360176332,-14.20987660543701,-14.20987660543701,-9.826969557558243
2007-08-31,-36.588328278109785,-31.309162044251746,-23.048897527243362,-21.48974046471778,-23.40847269542381,-23.048897527243362,29.295618293839294,5.41570096830223,0.0008219719096516587,0.0,24.10857752508,0.00041098595482582935,17.35565963107076,-17.085639127357393,-17.085639127357393,-8.124257877628345
2007-09-30,-32.461496790628104,-28.107590062266475,-33.42926836774032,-29.639841408646276,-29.01726816445033,-29.639841408646276,26.675369319172756,4.607239192924562,0.005268315625230158,0.00617135760737551,22.694582661,0.005719836616302834,15.64130425604866,-26.51680002020565,-26.51680002020565,-6.610961077843026
2007-10-31,-26.33883746995964,-22.662121274280643,-38.42335112918057,-39.68270144472196,-40.22692589151068,-39.68270144472196,32.291874734682864,5.482226127350363,0.031289804015023126,0.016679601116322666,22.07317640616,0.023984702565672894,18.887050431016615,-42.325306230799285,-42.325306230799285,-5.449677635311511
2007-11-30,-16.486824050973112,-14.032940764277695,-40.606852351597986,-36.103011713689924,-27.242845984357913,-36.103011713689924,34.22537112796933,5.6071331608335075,0.10792334091158168,0.09109747585677955,21.7552814736,0.09951040838418061,19.91625214440142,-36.889844200333236,-36.889844200333236,-4.9317952228323625
2007-12-31,1.13198278868285,1.1768139664698203,-17.90951679486509,-17.388120077009958,-14.408398659471219,-17.388120077009958,42.094978993627784,14.286758861830831,1.7493410986377893,2.324903552320897,22.2325950618,2.037122325479343,28.19086892772931,-28.07766236563301,-28.07766236563301,-5.45492866701685
2008-01-31,13.94189666306668,12.16631382613708,3.491189378351096,0.9222603144340353,8.966052089283446,3.491189378351096,64.91286777141964,28.06972774892564,7.065533043288087,9.733947637406713,24.91528948032,8.3997403403474,46.49129776017264,-23.85455188748029,-23.85455188748029,-6.18927678080249
2008-02-29,26.211056005162096,23.38895029049903,20.58759720797722,20.783965297114477,28.05296369394568,20.783965297114477,70.61023920625374,29.62401679439391,7.393298483442531,13.650230648469208,27.36962234556,10.52176456595587,50.117128000323824,12.581777966114824,12.581777966114824,-7.567951514111487
2008-03-31,15.60304336479492,13.798110255309501,30.874315609552323,35.299340894650506,33.676612509303055,33.676612509303055,78.91059833256641,25.656874765095562,2.078204534375505,8.48957683478569,28.57700930964,5.283890684580598,52.28373654883099,35.54049087809116,35.54049087809116,-8.730345499662462
2008-04-30,-1.670690007009981,-1.328980025398559,21.68546130715305,23.70764039377622,21.8321234908116,21.8321234908116,67.71465947256111,20.48575955900095,0.18264914605685398,3.7464696737576486,29.03751549936,1.9645594099072512,44.10020951578103,32.874475608814905,32.874475608814905,-8.912055853720373
2008-05-31,-8.07902689180439,-6.910970556966218,4.0920025921407825,3.3170711549057135,3.8636284384633925,3.8636284384633925,57.51550270193467,15.418623259662857,0.035453822585860155,0.9526890557592983,29.65925849424,0.49407143917257923,36.467062980798765,12.345519949300332,12.345519949300332,-9.052937488306783
2008-06-30,-18.59241676027015,-15.931749708711306,-3.8154658776417536,-3.6193009947638717,-2.1911439279833274,-3.6193009947638717,45.22416506534117,10.13335637836218,0.002618682420972696,0.08819596195455351,26.95878839544,0.045407322187763104,27.678760721851674,8.318135479968035,8.318135479968035,-7.5814699544855095
2008-07-31,-24.01144747784402,-20.82919697107433,-17.51894814456779,-14.208261299856847,-15.588142769303772,-15.588142769303772,35.83312741309245,7.420650600821058,0.0006853884587924211,0.0,23.20179333744,0.0003426942293962106,21.626889006956752,-5.734211368450486,-5.734211368450486,-7.420733881049049
2008-08-31,-32.17912758764216,-27.459926664077237,-26.85554088619595,-22.446456963739802,-19.962477342959065,-22.446456963739802,30.146137558990496,5.99586630249934,0.0016267611255101626,0.0,20.27895269772,0.0008133805627550813,18.071001930744917,-15.968199934141325,-15.968199934141325,-6.438333848295676
2008-09-30,-35.72016172834068,-30.360028718695162,-33.195548363022084,-31.445303755631752,-30.903247984174154,-31.445303755631752,26.75906188720299,5.06577923606046,0.004415901150242336,4.223498900396777e-05,18.55765972776,0.0022290680696231517,15.912420561631725,-27.56684510406543,-27.56684510406543,-5.183275857775195
2008-10-31,-32.12405386121085,-27.433098253958278,-37.07573526821255,-37.81961928002881,-26.94777395969122,-37.07573526821255,28.41250161276524,4.472384588528941,0.006007610302319309,0.0004991490288504452,17.4307437654,0.0032533796655848774,16.44244310064709,-36.47986615646387,-36.47986615646387,-5.58879726297546
2008-11-30,-35.17191770298895,-30.09656179263291,-32.697295306984834,-25.630662682015853,-25.197405682170878,-25.630662682015853,37.143875353482485,10.050953477079844,0.13199875924688337,0.45004573943804194,17.74137596772,0.2910222493424627,23.597414415281165,-33.3840350686468,-33.3840350686468,-6.8146730570835015
2008-12-31,-23.094865743671424,-19.398936767067188,-23.735917681284263,-22.848726962513314,-24.127083631912743,-23.735917681284263,44.8491769048452,15.880136892481458,1.4810820435353065,1.9505520366541653,17.83252767276,1.715817040094736,30.36465689866333,-32.019106660458704,-32.019106660458704,-8.571040305891005
2009-01-31,-12.18022124650751,-10.062098679376051,-8.743882952034962,-13.516605497821864,1.1226027765351876,-8.743882952034962,56.64239982721903,17.63822474912306,2.299552842115454,4.038506762700091,19.02381895632,3.1690298024077723,37.140312288171046,-18.164042387415712,-18.164042387415712,-11.784816426243523
2009-02-28,8.086705550192546,7.488668587266212,2.4547315845306903,5.5126342232906556,1.4181284566406878,2.4547315845306903,57.98396986927624,26.487910505708925,1.046031563361006,5.210024146030351,21.96860320524,3.1280278546956786,42.23594018749258,-5.544678615998752,-5.544678615998752,-13.545870150916363
2009-03-31,-2.2896412787437095,-1.410552494441794,9.647916008852455,14.43376913486131,21.537858131088242,14.43376913486131,77.38698453263596,25.461219216878334,0.6122683164435407,5.275446823487139,26.71872605088,2.9438575699653398,51.42410187475715,0.6796548866870804,0.6796548866870804,-15.603236533196178
2009-04-30,-4.390150100253618,-3.4829116445644397,3.197559348304544,10.500503934354901,7.791416609973428,7.791416609973428,66.19078058720692,20.774223163049463,0.08666647788668676,2.39281527182421,28.2212453076,1.2397408748554484,43.48250187512819,15.934614047992277,15.934614047992277,-16.674669384724087
2009-05-31,-13.795996272447372,-11.56633374987807,2.080942042932568,0.2910510068897162,2.115990232117715,2.080942042932568,60.78813012910285,16.185927235712903,0.0150482961314071,0.48254704224557066,30.9458916144,0.2487976691884889,38.48702868240788,5.342712134519838,5.342712134519838,-17.250418618965124
2009-06-30,-27.068669153059936,-22.861997922097586,0.6261286012526356,6.422123049656122,0.8738434124171743,0.8738434124171743,50.03824045986666,11.193592602593883,0.005373122064155889,0.01965203168638394,28.673352732,0.012512576875269915,30.61591653123027,11.253779538308006,11.253779538308006,-16.70419770900883
2009-07-31,-31.10439253377623,-26.21884710247138,-13.384903174965416,-10.887283014092107,-9.939868290013827,-10.887283014092107,39.414671827704346,7.771417909483724,0.0002818003259988414,0.0,25.15979605332,0.0001409001629994207,23.593044868594035,-0.33848299606360177,-0.33848299606360177,-16.104504187417103
2009-08-31,-39.06944118533553,-32.97926257968145,-27.457133546494756,-30.26677780304307,-18.751551225697096,-27.457133546494756,32.25268609301172,6.126861253634412,0.0006852188868514974,0.0,22.37957160468,0.0003426094434257487,19.189773673323064,-20.273839611864208,-20.273839611864208,-13.899137018549313
2009-09-30,-41.409009370311026,-35.33405747717845,-42.69042967040644,-33.48716565839525,-31.497791387886696,-33.48716565839525,28.428348161201214,5.111600497095781,0.0017460203327584732,0.0,20.71580444148,0.0008730101663792366,16.769974329148496,-29.404129551743637,-29.404129551743637,-11.464957993820853
2009-10-31,-44.27366130032991,-37.961105964454624,-36.61363882364021,-31.48309111847394,-33.03225878157353,-33.03225878157353,34.15456994661027,6.206899106061454,0.053051472396506004,0.0912036420721729,20.23494706524,0.07212755723433945,20.180734526335865,-36.03341614958886,-36.03341614958886,-9.070086474678018
2009-11-30,-32.60165399286269,-27.78819156460257,-39.124822404084696,-41.411911114728376,-43.85026603758058,-41.411911114728376,38.800607605763105,6.6994990952500215,0.25007411435066423,0.35220798908909995,19.71178009152,0.3011410517198821,22.750053350506562,-43.687076459664624,-43.687076459664624,-7.338664457745495
2009-12-31,-18.383843636795955,-15.951927480165315,-40.40248516636853,-24.29969323362143,-28.092849203917112,-28.092849203917112,47.50511497095209,15.513057886895487,1.1982145168457545,2.7323393066443615,20.49498191796,1.965276911745058,31.50908642892379,-39.29921996879952,-39.29921996879952,-7.220310766211882
2010-01-31,5.168937870324348,4.65756889082273,-13.789420489567567,-10.329561393538508,-21.513764940962936,-13.789420489567567,64.73247560724549,29.53951462101434,2.5967312796800988,6.335946165687113,23.96168855928,4.466338722683606,47.13599511412991,-35.38409762703223,-35.38409762703223,-7.099792949341337
2010-02-28,11.051403619387777,10.245959564526663,13.008135798876461,18.864920239452246,13.133632263980346,13.133632263980346,69.13026309768179,31.02148208870942,2.1710785931896517,9.829179848120361,27.044359836960002,6.0001292206550065,50.075872593195605,5.577293009263249,5.577293009263249,-8.13352723103369
2010-03-31,13.787789276408505,12.102477358722574,15.809569407186766,26.526060515113873,27.568066328382116,26.526060515113873,82.10491495608622,28.458314512442627,1.3040133320166316,9.62041077333746,30.16692925872,5.462212052677046,55.28161473426442,18.73566612026302,18.73566612026302,-9.771728769860864
2010-04-30,3.5262137992078664,3.172687257250749,19.151711725725765,31.627336956711613,19.747374583566216,19.747374583566216,79.06829851715203,28.046681402822173,0.44672607794061925,7.137531339605346,33.243951198,3.7921287087729825,53.5574899599871,20.064560762467604,20.064560762467604,-9.74205222556819
2010-05-31,2.523250486433257,2.879726382997931,18.203945702173723,30.113481343704063,5.487806719683598,18.203945702173723,74.99079397258215,21.95475435579593,0.061146664302864986,3.146176196345499,34.67519627988,1.603661430324182,48.47277416418904,24.045883694540585,24.045883694540585,-10.372690371489924
2010-06-30,-9.832499047050275,-7.6396294406706255,22.646886556553348,22.585116512047406,23.36466569713348,22.646886556553348,61.67907016744688,14.476012650749393,0.0073228772520711055,0.6671689896666618,36.76597571688,0.3372459334593665,38.07754140909814,32.217755371509064,32.217755371509064,-7.917697616270604
2010-07-31,-25.11721322548594,-20.75707164115928,-11.684892553593448,-2.0958685418289416,3.071281255359453,-2.0958685418289416,47.035690619433154,9.40008577647034,0.0003086650130883834,0.022410170623950516,33.33467241852,0.01135941781851945,28.217888197951748,11.520974483318295,11.520974483318295,-4.1207290802967975
2010-08-31,-32.23553065391838,-27.197691226805787,-13.176036332459546,-12.132777574226589,-20.656939718438,-13.176036332459546,36.72649819469761,7.172642118797353,0.001330216099565124,0.0,29.58285921,0.000665108049782562,21.949570156747484,-3.1452107729665437,-3.1452107729665437,-0.279892812018649
2010-09-30,-34.38576163279149,-28.60446005685187,-25.104061622892424,-29.303561113094975,-29.76591953115073,-29.303561113094975,31.93032118021158,5.896658046516202,0.010929612618641832,0.00036213367181138826,27.37257282972,0.00564587314522661,18.91348961336389,-24.062174954526824,-24.062174954526824,4.085417094195102
2010-10-31,-23.01761089085262,-19.02967667403487,-25.629486562150145,-30.777648611271058,-28.663383429353296,-28.663383429353296,35.899854111414356,7.84487978431187,0.03678201466238209,0.08059288642258636,27.05534644332,0.058687450542484226,21.872366947863114,-31.35807595484978,-31.35807595484978,8.75270657634303
2010-11-30,-6.299732818301416,-4.5669930305209885,-12.604289238168702,-14.43739847870521,-20.522764658450907,-14.43739847870521,46.73751434002867,14.624373289408956,1.1810901929597168,2.276049779137593,27.66772855848,1.728569986048655,30.680943814718812,-25.52823999622708,-25.52823999622708,12.069407357237242
2010-12-31,,,5.562007515084094,-0.7913580175539159,-5.141798829374952,-0.7913580175539159,67.59998176808857,31.368612118479014,3.146284754881547,8.452157131016046,31.69851917208,5.799220942948796,49.484296943283795,-27.69615271661904,-27.69615271661904,13.762598812777721
2011-01-31,,,,,,,85.14664491508813,31.396194220994964,4.539193532504951,15.360713754674373,32.97749608188,9.949953643589662,58.27141956804155,,-2.7577979607475775,13.818704751975694
2011-02-28,51.69270166167694,45.73021171937912,19.02427342101041,22.46477217419248,18.67381539124452,19.02427342101041,77.98582919585527,32.32678215058212,2.8132374012066115,13.767301962511475,34.59601056432,8.290269681859042,55.1563056732187,22.180556795123884,22.180556795123884,15.432296077269905
2011-03-31,44.11410765355738,38.339651514384556,45.397051863460426,50.918798881278626,48.41438607663384,48.41438607663384,95.23425494444766,33.648325707971175,3.762040062966817,18.22387408278384,37.4397012594,10.99295707287533,64.44129032620941,33.58302333754683,33.58302333754683,16.36936513320164
2011-04-30,37.52009021050566,32.74887755019558,63.29664294202848,53.251230453139854,55.13805539621955,55.13805539621955,88.71798244447457,26.829060586402445,1.023967893148009,14.905053887438187,38.90816783376,7.9645108902930986,57.77352151543851,63.365803815212686,63.365803815212686,16.598135899598972
2011-05-31,,,43.89381996296462,38.38993257266247,45.25013049859503,43.89381996296462,78.99765229426198,21.024090261506817,0.0945186471168843,6.999710659962625,40.34414454492,3.547114653539755,50.0108712778844,54.63788972611207,54.63788972611207,17.482619723110382
2011-06-30,,,,,,,67.44493933056468,15.090974196500284,0.01441243096929133,2.8171481601879917,43.31576808516,1.4157802955786416,41.26795676353248,,48.633076393988304,19.575289489559285
2011-07-31,17.140723766598292,16.336123852083688,24.225060082827518,29.92617923650003,30.449556696176675,29.92617923650003,52.665161859113,9.739539512631216,0.0006442288925566853,0.24980400653645488,41.96984651532,0.12522411771450578,31.20235068587211,42.62826306186454,42.62826306186454,20.891529855916268
2011-08-31,-11.4576462806571,-9.602614635701311,4.994254264460922,15.893536910446725,15.956047679931267,15.893536910446725,40.721384305323205,7.355630171823889,0.000508462507333883,0.033932428637944344,38.2019363928,0.017220445572639114,24.038507238573548,26.933294152407154,26.933294152407154,22.710850232521445
2011-09-30,-11.895370902798733,-9.483970560924902,-3.7907671540084036,-1.0559030839389252,-5.587510117025205,-3.7907671540084036,33.86267800905321,5.986312437722252,0.0025725060155869137,0.0,35.44523934168,0.0012862530077934569,19.924495223387733,3.095876104862256,3.095876104862256,22.779474443569033
2011-10-31,-16.50934148192797,-13.53731764072298,-16.137295988150857,-8.551810623950672,-1.5461627141914698,-8.551810623950672,37.59044015897467,5.853791298285327,0.054281480349428424,0.09791016929248836,34.22110295268,0.07609582482095839,21.72211572863,-9.200104312006102,-9.200104312006102,21.079141324643924
2011-11-30,,,,,,,39.8466173145709,8.961166963052223,0.4106025659361168,0.836952161413723,33.38501443776,0.6237773636749199,24.40389213881156,,-10.19646536109734,18.53850636705557
2011-12-31,-42.79259283248903,-35.47679943909281,-20.709323602082616,-8.378485134117714,-9.537716109802542,-9.537716109802542,44.61100212539637,8.783260401154813,0.1967499952655039,0.8313656113683482,32.85660517404,0.5140578033169261,26.69713126327559,-11.192826410188578,-11.192826410188578,14.358338776460876
2012-01-31,-14.592734895410983,-12.009751919264854,-11.288182606298776,-5.42639020115107,-7.525218710820273,-7.525218710820273,50.56250817828562,17.049334049364333,0.7664806991244953,1.8481223703233638,33.06790153152,1.3073015347239296,33.80592111382498,-15.638548650256666,-15.638548650256666,9.263639229822141
2012-02-29,-4.422342949759639,-3.0766426280493664,16.123595392427784,1.522359785477029,3.6821242914137637,3.6821242914137637,55.76392890048853,17.896868832223475,0.5085043671751308,3.0503198198411487,32.54075411784,1.7794120935081397,36.830398866356006,0.7126833937785249,0.7126833937785249,3.572136264454413
2012-03-31,13.671149513708029,12.881441540278674,91.1732833553414,26.188560529235637,25.7999845023961,26.188560529235637,64.48441222715398,22.34143252183482,0.551457715023185,3.0046531542688015,35.76445903176,1.7780554346459931,43.4129223744944,16.383688766039395,16.383688766039395,-1.8917251358499
2012-04-30,,,,,,,66.47284681485063,22.190747499132094,0.17307397143460826,2.4694041576496035,39.502258674000004,1.321239064542106,44.33179715699136,,19.50084054579964,-3.7310328682361416
2012-05-31,-6.317029540718793,-4.340070785927886,,,,,59.399707017237255,15.092298431367128,0.020632343548034223,0.27113914316585896,39.001342446,0.1458857433569466,37.246002724302194,,22.617992325559886,-4.231494713881322
2012-06-30,-21.8881338512816,-17.670845488885174,12.439454590082054,9.068861475228472,13.501822539433025,12.439454590082054,45.51735639414987,10.080539171407912,0.004906714814584257,0.019810245829765923,35.28623513532,0.01235848032217509,27.798947782778892,25.73514410532013,25.73514410532013,-3.8914405726834445
2012-07-31,-23.405532976900844,-19.128306652757267,14.303451863264138,-8.391744859417082,-6.761645705585587,-6.761645705585587,36.99959083208225,7.280228519267791,0.0033210681935057864,0.0,30.83670026436,0.0016605340967528932,22.13990967567502,3.3576252187037037,3.3576252187037037,-1.924354939767748
2012-08-31,-24.700482946459573,-20.16772058718895,-10.511201249116331,-16.299884830792635,-13.268634834211284,-13.268634834211284,31.037756593412215,5.783374519977464,0.0027776074584475014,0.0,27.38951961144,0.0013888037292237507,18.41056555669484,-6.091838331943574,-6.091838331943574,0.4932286255431805
2012-09-30,,,-15.737752585366954,-20.683213343082002,-11.039210535252405,-15.737752585366954,27.37790362838626,4.845434741354416,0.006178462175552018,0.0,25.5450069234,0.003089231087776009,16.111669184870337,-11.596043952860999,-11.596043952860999,1.6900274687021204
2012-10-31,,,,,,,28.322276925549268,4.488862345774183,0.07019581049039121,0.1407463928894787,24.2384864052,0.10547110168993495,16.405569635661724,,-22.536470632472934,1.8058618360976686
2012-11-30,-38.639734126301256,-31.78469714856327,-30.611984000945355,-23.983819611780376,-14.687847077251222,-23.983819611780376,32.81529281316413,17.31922962611421,0.2033156332551675,0.22914896461882073,24.95911132428,0.2162322989369941,25.06726121963917,-33.47689731208487,-33.47689731208487,1.275273330977857
2012-12-31,4.319453003369444,4.0181383835747715,5.297167798523561,9.371500510080613,4.787104956038226,5.297167798523561,60.43123390102336,29.892854594002223,2.5477273916548384,5.138049374942163,29.80093724052,3.842888383298501,45.162044247512796,-23.266097229951573,-23.266097229951573,0.15100895418862903
2013-01-31,5.583527298491693,5.704903002175098,7.878971469345648,8.327942495373733,15.072407696263305,8.327942495373733,68.01124660956029,29.203005959254337,4.0110933354339995,9.583970001911398,30.64931615016,6.797531668672699,48.607126284407315,1.0798382634650157,1.0798382634650157,-2.689767770748806
2013-02-28,,,-4.420714588793564,15.523719072721118,10.857087755725756,10.857087755725756,63.86074932737014,27.609082086986295,0.7424002158183135,6.20888760783103,31.03117688856,3.4756439118246716,45.73491570717822,16.66932535140288,16.66932535140288,-5.586120905869615
2013-03-31,,,,,,,68.16752943219646,25.34927148003248,0.18983286258708448,3.6767386766606576,32.2677011172,1.933285769623871,46.75840045611447,,11.183776545610602,-8.394562311623822
2013-04-30,-25.65175448924199,-19.797501180900735,-7.703571083750682,7.8216844031524095,-0.7176879708520675,-0.7176879708520675,61.87527224058766,19.970336724008554,0.06504153187776218,1.4051261287019234,32.88558331968,0.7350838302898428,40.922804482298105,5.698227739818324,5.698227739818324,-11.26543688095329
2013-05-31,-27.709760555201306,-22.54034963112475,-1.7857666207938847,3.063455740550911,-4.115832540513245,-1.7857666207938847,51.497313538902105,14.201080555290305,0.010079840277577688,0.11757582951165176,31.31945843328,0.06382783489461472,32.849197047096204,8.525221696203245,8.525221696203245,-13.498045162579883
2013-06-30,-34.96040134576534,-28.83042411448835,-14.795935927491115,-9.081716860826887,-27.85267627830311,-14.795935927491115,39.8947128862357,9.635054861450945,0.0024337524397381586,0.0010603320879496467,28.22291790648,0.0017470422638439028,24.764883873843324,-3.553001434807462,-3.553001434807462,-14.243882444368882
2013-07-31,,,-32.834301853945014,-18.005397732032623,-23.885391443106354,-23.885391443106354,33.28447082161438,7.106039117509171,0.001100542709378324,0.0,24.6895268694,0.000550271354689162,20.195254969561773,-15.781174730835652,-15.781174730835652,-15.659473715632355
2013-08-31,,,,,,,28.531397664547804,5.755814423454821,0.004324209782606953,0.0,22.33803539916,0.0021621048913034765,17.143606044001313,,-21.835062075074305,-16.588334541614277
2013-09-30,-51.10583026717577,-42.866515730812345,,,,,26.334234716321085,4.98724820007193,0.012487941481190975,0.007757833173991691,20.81355403104,0.010122887327591333,15.660741458196508,,-27.888949419312958,-17.275269084523472
2013-10-31,-63.18386553756984,-53.42522816693269,-42.59678428343157,-30.64691102035062,-34.53859244195043,-34.53859244195043,28.631445832425428,4.345962158220149,0.0305671667318087,0.03419030999317144,19.36757996448,0.03237873836249007,16.488703995322787,-33.94283676355161,-33.94283676355161,-18.818126073699588
2013-11-30,-44.66094035628637,-37.603954653943916,-40.08542513051472,-43.027862659445,-50.82502963253969,-43.027862659445,29.667235065267022,5.395937182506366,0.1476024805921302,0.1843658632967149,18.9010087536,0.16598417194442255,17.531586123886694,-43.73777901071084,-43.73777901071084,-21.879158283082823
2013-12-31,-48.20369008491448,-40.328732179441054,-43.96350843095932,-33.65753981038482,-39.61853607569516,-39.61853607569516,33.7865423291975,5.548745883550421,0.30103361304856624,0.5098674783095644,18.616697781,0.4054505456790653,19.667644106373963,-41.70974945931708,-41.70974945931708,-24.922941513410276
2014-01-31,,,-33.60467195112458,-38.36292193685968,-39.754463566494856,-38.36292193685968,36.071796338280265,6.215609705242304,0.28227903463736054,0.3073037621412853,18.30142769388,0.2947913983893229,21.143703021761283,-39.413051617837255,-39.413051617837255,-27.838301217696465
2014-02-28,,,,,,,42.35589656785781,18.11260363383025,0.38149260206566554,1.6306620429130325,19.58816689332,1.0060773224893491,30.23425010084403,,-28.796563981428523,-30.120912586133258
2014-03-31,-66.47010499254836,-54.18657594884867,-7.637321034365674,-11.001688194254246,-6.673147250295992,-7.637321034365674,58.35052386213416,18.326604051509012,0.24473143397495947,1.447087479556856,22.18677621372,0.8459094567659078,38.33856395682159,-18.180076345019792,-18.180076345019792,-32.30595428610028
2014-04-30,-40.28231140952226,-33.44111312703233,-13.387850332537763,-5.508369665249569,-16.622776022477886,-13.387850332537763,55.12585812990772,15.592420728715952,0.15634567132106497,0.8486850167877814,23.800274133,0.5025153440544232,35.35913942931184,-11.678529611596526,-11.678529611596526,-34.215789964836645
2014-05-31,-40.32388124902861,-33.45142783910738,-29.300538405337928,-20.46183668616831,-21.698772063690896,-21.698772063690896,47.368342256483295,10.972764059600616,0.014949710940972059,0.04657511836183757,23.30128090032,0.030762414651404814,29.170553158041955,-14.539439630337993,-14.539439630337993,-31.54509069702119
2014-06-30,,,-32.608399738042806,-23.312983793595333,-17.735004750613047,-23.312983793595333,35.81146548826032,7.66114117078237,0.00348741012658361,0.0001199182702713943,20.91633745248,0.0018036641984275023,21.736303329521345,-13.464831766781748,-13.464831766781748,-30.457202081285498
2014-07-31,-59.41414520951934,-49.754898434656035,,,,,30.358312485570057,5.903088385235627,0.0022401228956468655,0.0,18.02877310728,0.0011200614478234327,18.130700435402844,,-25.413281348464416,-30.774276001504273
2014-08-31,-68.0413562229271,-57.1947386286939,-41.28082770700327,-41.40339433322724,-51.756410361870074,-41.40339433322724,27.36532759650286,4.890514065879441,0.002409211318736575,0.0,15.9898047642,0.0012046056593682875,16.12792083119115,-37.36173093014709,-37.36173093014709,-30.661473425924743
2014-09-30,-75.94060063872112,-64.08367334446342,-47.244487570473446,-47.334102519139726,-53.42867453408922,-47.334102519139726,25.411934824389505,4.278703810184935,0.007702719152555203,4.578445223334268e-05,14.94738218184,0.003874251802394273,14.84531931728722,-45.01174806901882,-45.01174806901882,-30.48513783249004
2014-10-31,-72.44276214165151,-61.28973319003387,-60.2835630706998,-48.086692233773185,-44.429617964706146,-48.086692233773185,29.165408923155926,4.464525158260655,0.016431540104517153,0.0014659326608883816,13.96478461296,0.008948736382702768,16.81496704070829,-49.07881687289456,-49.07881687289456,-30.89937100951012
2014-11-30,,,-53.815840070467594,-45.87896224932906,-52.5773739316744,-52.5773739316744,35.273936827449134,7.2635639490580095,0.19352674562432143,0.5075575630410378,13.90828382808,0.35054215433267966,21.268750388253572,-57.31624991228966,-57.31624991228966,-32.435198592995846
2014-12-31,,,,,,,60.324893839073276,30.169327611127763,0.6270404218853682,1.846832868869536,17.91017647224,1.236936645377452,45.24711072510052,,-43.10663440983329,-34.45905252145617
2015-01-31,-65.06212530957586,-53.153632904456856,-31.816392337106738,-15.078093995369835,-25.65836741591997,-25.65836741591997,67.44321626442908,27.89807454860991,0.4241024457834992,1.47536618968735,19.01249560992,0.9497343177354246,47.6706454065195,-28.897018907376918,-28.897018907376918,-36.92148811356803
2015-02-28,-33.60424621808302,-26.97757125330499,-2.2697483748034624,-16.863983288837172,-19.23060680389346,-16.863983288837172,65.22302732492527,28.306108917740723,0.16006856575747377,0.6149538604868232,22.17436987188,0.3875112131221485,46.764568121333,-18.557557160997398,-18.557557160997398,-39.93572276190744
2015-03-31,-47.38917904512932,-39.45503656402801,-12.48038903071134,-8.925255709011134,-5.990666382436844,-8.925255709011134,67.62287086773661,22.52447625724627,0.06108114502049454,0.20568013738284746,22.74258230172,0.133380641201671,45.073673562491436,-7.548443008089093,-7.548443008089093,-43.09443192413765
2015-04-30,-54.732242518010224,-45.62882760647067,-68.79932039545812,-70.50337526678639,-56.02008935326924,-68.79932039545812,58.25127569836996,19.87966892893285,0.08484225642016421,0.09110436564711748,22.53475078956,0.08797331103364084,39.065472313651405,-62.53788030429006,-62.53788030429006,-45.840884561525236
2015-05-31,,,,,,,52.093254810314214,14.732452847027302,0.04132157757735132,0.053884103000839505,21.36162743292,0.04760284028909541,33.412853828670755,,-47.64531513851476,-46.99961206294367
2015-06-30,-67.62156660778436,-57.2330594365853,-42.23047957031572,-42.75716804268971,-64.97407711722198,-42.75716804268971,40.84801330409198,9.924015242065723,0.0014717395263687087,1.8122815102296355e-05,19.43090682768,0.0007449311707355026,25.38601427307885,-32.75274997273945,-32.75274997273945,-46.43468212997867
2015-07-31,-67.11026650259869,-56.492805908824984,,,,,34.09854350582626,7.249032215027953,0.0005674713809744787,0.0,16.879680408,0.00028373569048723935,20.673787860427105,,-41.2052483833141,-45.54499778746381
2015-08-31,-80.94823380646937,-68.5270842451499,-54.62650290744094,-51.05052434037159,-55.59385169247434,-54.62650290744094,29.298640339548978,5.835197426795219,0.001384737186595806,0.0,15.0173846388,0.000692368593297903,17.5669188831721,-49.65774679388875,-49.65774679388875,-43.26798188460725
2015-09-30,,,-57.45670761349783,-55.16378884902581,-55.56839739303047,-55.56839739303047,26.214226786680804,4.93300580190208,0.007450764742043558,0.00019100468819810703,13.91981933304,0.0038208847151208324,15.573616294291442,-52.48065801451164,-52.48065801451164,-41.114147753629844
2015-10-31,,,,,,,27.636915416165287,4.431744225646231,0.019809336625328647,0.0025961745204000344,12.99276536856,0.011202755572864341,16.03432982090576,,-54.89365628730077,-39.57143226479256
2015-11-30,,,,,,,33.92314188046127,13.667490914536911,0.5722161779064417,1.100883211955122,12.79103218152,0.8365496949307818,23.795316397499093,,-57.306654560089896,-39.15691656861177
2015-12-31,-52.37792232898895,-43.64091487811942,-42.960626015367616,-33.81202614955469,-44.027707662187765,-42.960626015367616,48.839898805312544,24.537546491850595,3.2646186493391802,3.8892252785802603,13.91628047892,3.5769219639597205,36.68872264858157,-59.71965283287903,-59.71965283287903,-38.37359182849133
2016-01-31,-50.60253204042033,-40.649600899785135,-21.471259043378893,-21.64029756138357,-48.742649498351156,-21.64029756138357,71.66956575732542,31.995140442831215,8.361930285125997,8.33015520708809,18.54672492756,8.346042746107043,51.832353100078315,-46.18349324366764,-46.18349324366764,-38.226279176613026
2016-02-29,-2.8992378902289024,-0.7657192170511089,,,,,76.4131269966019,30.10368499126554,5.6369679041351395,7.279357731413767,21.19028472612,6.458162817774453,53.25840599393372,,-26.39998869891682,-37.36703080063752
2016-03-31,,,-1.3997678695495521,6.8139565801148345,3.6224650351177727,3.6224650351177727,86.93348952260638,31.367683834534255,2.821251750060146,4.682244980463113,28.24346768328,3.75174836526163,59.15058667857032,-6.616484154166001,-6.616484154166001,-34.37504488708777
2016-04-30,,,,,,,76.23088561170675,26.208196556164317,1.03391848660274,1.5930950332732159,30.60777747768,1.313506759937978,51.21954108393554,,-9.6991660942825,-34.25980744542245
2016-05-31,-72.89651816679002,-60.17305458511057,-19.209511555547593,-30.474619961261066,-6.525725586392529,-19.209511555547593,71.24738024817341,19.24710266736761,0.3138743803474633,0.4215727231613601,31.09819679088,0.3677235517544117,45.247241457770514,-12.781848034399001,-12.781848034399001,-33.081375359263575
2016-06-30,-56.179952170933184,-47.33096666256389,-16.92987446582778,-23.528898654523797,-39.68769060071217,-23.528898654523797,56.14535723228091,12.099828109527241,0.004422367287438425,0.025930013340882588,29.38563069192,0.015176190314160506,34.122592670904076,-10.339136407257108,-10.339136407257108,-30.508822870085798
2016-07-31,,,-41.78685758634036,-45.959639198424156,-58.85465838671703,-45.959639198424156,44.27727898830249,8.403303102177684,0.000772127332184703,0.0,25.40890967412,0.0003860636660923515,26.340291045240086,-34.1858264283121,-34.1858264283121,-28.05922919095532
2016-08-31,-51.659225331917455,-43.83212820159068,-71.34121853266157,-50.36536886754141,-44.58803754498399,-50.36536886754141,35.175917524598184,6.586000232751183,0.0013823273095886078,0.0,22.68457667124,0.0006911636547943039,20.880958878674683,-42.18200879808471,-42.18200879808471,-26.052670213962518
2016-09-30,,,,,,,30.16229259157094,5.470343781842221,0.005293799491184633,5.6036628709820875e-05,21.23159273784,0.002674918059947227,17.81631818670658,,-43.98393509418721,-24.37565888644533
2016-10-31,,,,,,,36.37626873966517,14.857573546614063,0.023017848738026904,0.010862057915287087,21.461021251320002,0.016939953326656994,25.616921143139617,,-45.78586139028972,-23.182340631282095
2016-11-30,-29.646040314009763,-24.3713844954694,12.325459378517161,-36.79312506131916,-48.649476791037344,-36.79312506131916,50.926200925972296,18.58048109098687,0.4020697272665877,0.6231094230929403,22.6236143892,0.512589575179764,34.75334100847958,-47.58778768639222,-47.58778768639222,-22.654242660611526
2016-12-31,-10.833424647734885,-8.514352819871332,59.98097600701125,-4.2187900370039735,-23.097701911053566,-4.2187900370039735,67.86290050021792,27.441222475409372,2.196037073195284,3.3484915263723534,26.368996233,2.772264299783819,47.65206148781365,-23.122567084742094,-23.122567084742094,-22.97888721333702
2017-01-31,24.8420038348267,23.547997441205265,-12.029183116530744,60.4210698640232,23.69520685662125,23.69520685662125,89.71908799339963,35.69477530597055,13.661211518609457,14.699592180667045,33.17962891644,14.180401849638251,62.70693164968509,-9.578433538544624,-9.578433538544624,-23.061971355089387
2017-02-28,,,,,,,91.39514574194338,37.07143220388604,15.365021297217158,20.86433725464374,38.09144988876,18.11467927593045,64.2332889729147,,-9.578433538544624,-22.126472011157656
2017-03-31,40.50663130146534,36.49094450283626,,,,,96.18348233242422,33.68712192784263,14.51523386243213,17.628261395105156,37.72684676904,16.07174762876864,64.93530213013342,,-9.578433538544624,-20.968048697198892
2017-04-30,27.64638942671393,25.87368879894131,,,,,88.86606815371583,30.493946477924194,9.186529344376861,12.478790032734459,38.80098952308,10.83265968855566,59.68000731582001,,-9.578433538544624,-19.586701413213447
2017-05-31,49.613040493980705,44.98339320106554,,,,,76.8125299791869,20.319475948304667,4.532402458858246,5.801421399856318,40.98406410108,5.166911929357282,48.56600296374579,,-9.578433538544624,-17.982430159201325
2017-06-30,,,,,,,59.34267418959558,12.85423668634925,1.3984795138156203,0.9197137747901393,41.4947544246,1.1590966443028798,36.09845543797241,,-9.578433538544624,-16.155234935162525
2017-07-31,,,,,,,46.13254652312543,8.890608546346169,0.03886222634949819,0.011927854456603763,39.20413149192,0.025395040403050975,27.5115775347358,,-9.578433538544624,-14.105115741097048
2017-08-31,,,,,,,37.86059508361577,6.942786701301561,0.0004997193019235646,0.0,35.7438019422,0.0002498596509617823,22.401690892458667,,-9.578433538544624,-11.832072577004888
2017-09-30,,,,,,,33.91137970949456,5.754032340556297,0.00896780334091335,0.0011954948129376782,32.41473440016,0.005081649076925513,19.83270602502543,,-9.578433538544624,-9.336105442886058
2017-10-31,,,,,,,33.90089225362717,4.985494640144063,0.018823577849618797,0.009260316039934435,30.25483691136,0.014041946944776616,19.443193446885616,,-9.578433538544624,-6.617214338740544
2017-11-30,,,,,,,42.33400559653251,17.58411614386979,0.28582316620290776,0.8913080748657815,30.73626662232,0.5885656205343446,29.95906087020115,,-9.578433538544624,-3.675399264568359
2017-12-31,,,,,,,52.15944857247368,16.51757708494286,0.4313848421038988,1.5419544482725849,30.13142353692,0.9866696451882419,34.33851282870827,,-9.578433538544624,-0.5106602203694877
