,runoff,soil_moisture,prism,chirps,persiann,trmm,daymet,modis,gmet_eto,gmet_etr,fldas,terraclimate,p_mean,et_mean,q_in,q_out,res_s,c2v_s,ds
2001-01-31,0.6552069581844079,3.7752803032035898,4.648649562244331,5.138611468440665,5.878214189163155,5.232827579057373,5.3109739929017366,1.5375055603214056,1.8310872357326164,2.661275192981825,1.0731369640806734,1.7817194044604738,5.241855358361453,1.7769448715153993,0.7584354341342209,0.9259512333600001,1.26727488504,5650.451345800189,5650.451345800189
2001-02-28,2.458748843714761,5.617042084396976,5.235038146769199,5.226746449665729,6.747654099698244,6.335717767033925,6.021914603814446,1.4781570260012171,2.5066574493083977,3.500802272102937,1.4528288287570423,2.231485224854789,5.913414213396308,2.2339861602048763,0.910203385042944,0.9341551088400001,1.3605777791999998,5651.421294929377,4.179160497755752
2001-03-31,3.564743591329632,4.870328855938309,2.4914634081208327,3.67222931924989,3.5136282447791523,2.6544423766018057,2.8526596398082464,2.5679669896914827,5.077706962200187,6.664522159793764,2.65395276529338,2.8331320976524554,3.0368845977119854,3.959456194926254,1.073602410354893,1.0697540322,1.51198374876,5651.9631164100165,3.2413276311689225
2001-04-30,1.7668412603291608,4.025034337156718,1.8785398324258038,2.1058207323426887,2.8056181260232225,2.4632598018477583,2.1585808816161167,1.9414023544386263,6.17701836433963,8.027977843447696,2.557924325317042,3.0430039769140205,2.282363874851118,4.3494653728914034,1.069571585912832,1.3972676418,1.69003288632,5651.730711027027,0.0392890876232983
2001-05-31,2.0759708988516397,2.663451478546473,0.011473368149719918,0.33141704858943916,0.13869985597939155,0.04740647805837661,0.012994951561714707,2.227202611099207,11.745110075386664,16.009651827013855,2.6392329126307406,1.4253359339636456,0.10839834046772841,6.809306672018822,1.344885453412762,1.55042145252,1.73820028032,5650.261744780242,-3.517057967196447
2001-06-30,0.1413798669091137,1.913040841946052,0.17927969206613692,0.23647995075689718,0.3388277262937319,0.21594675558266424,0.22993912975889114,1.0287901139831468,11.815112241360888,16.120874509131507,1.5912227876751888,0.9442030049870307,0.2400946508916643,6.300040531427553,1.5257151264503808,2.113783839,1.49301282636,5648.9975210019,-5.511036635615973
2001-07-31,0.05027822760257256,1.5012270373703278,0.032283854298356306,0.06465619025295427,0.09683366176833647,0.044152933120081284,0.03922858141746116,1.9851336444040533,11.84280230036627,15.726562630033982,1.038857305431626,0.44011309504431695,0.05543104417143789,6.20669379505605,1.6622091558254597,1.05705288864,1.2093259946400001,5647.184847577099,-4.800327619800856
2001-08-31,0.0,1.2542477430615342,2.254596539551679e-06,0.08446638746139008,0.022726823094301702,0.005688082535024079,0.0006777306324000002,1.2785817956396175,11.151523011524015,15.218112057762616,0.5588668897505685,0.2524398119092706,0.02271225566393108,5.691904713317217,1.2595530022410242,0.8549188206,1.09249693644,5645.004876148353,-4.900749923503467
2001-09-30,0.08971512797866667,1.0822917777492331,0.24081896810922085,0.472557861071088,0.27660549264560896,0.2410774001258873,0.2662958248221966,1.1897391633733274,8.38545683562485,11.670030956838929,0.3603064055703903,0.48163175900782434,0.29947110935480037,4.417433024083064,0.8713213450242049,0.9757690236,0.94318418244,5642.899364745437,-3.8114257460130916
2001-10-31,0.12966911874710585,0.9621876192239938,0.6170529737740573,1.2202964624930157,0.9081241999609859,0.7639821275989529,0.8281147697086171,0.7488589207716644,5.904667934248246,8.627705560504378,0.2916367911418481,0.8535986523633946,0.8675141067071259,3.285293571805906,0.6858098637944832,1.19554308912,0.8294388242399999,5642.57206014971,-2.5639940549519515
2001-11-30,1.3825475675115926,3.512867310554654,4.363547010849984,5.339245125003562,5.905816734417243,5.077498949503109,5.324957675296969,1.0999457118392721,2.3161035452845486,3.255702604330936,0.9585910021830697,2.385357288774476,5.202213099014173,2.0031400304824603,0.5766890307480577,1.0616525355600002,0.79246896168,5643.072920010994,1.582947302460703
2001-12-31,8.882313938522353,6.491724283692374,6.545311381039224,7.3110234251008155,8.670162558741561,7.7018252746539195,7.831269749371838,0.9578190504903781,1.4992024965537176,2.1494432244401525,0.9449236830684788,1.6352280001752852,7.611918477781472,1.4373232909456024,1.1280169011197954,0.9554042688,0.9779744858399999,5644.229574138605,12.065159260380298
2002-01-31,2.777117854551341,6.63129075224054,2.56647615652532,3.3213936381428333,3.2321421191662316,2.9521013459779,3.0701586131556393,1.1141781023141648,1.7095364480263924,2.4162709398181867,1.0650974607761206,1.2623880156465195,3.028454374593585,1.5134941933162767,1.4429973996592131,0.66284871588,1.2097515452399998,5645.2604933660205,4.700883191659697
2002-02-28,1.8545393927910903,6.256499840372255,1.3323048045474588,1.8655351685141472,1.959200978897731,1.5600200781705749,1.5114774957561816,1.5920357645227672,2.7937491517560082,3.8442062186494828,1.5369557257761806,1.4761701575322606,1.6457077051772184,2.2486234036473403,0.8384575528903682,0.9316560783600001,1.35758782368,5645.8035911868565,1.385379802279621
2002-03-31,2.2742192618997956,5.730816267427439,2.271818024912792,3.060439591167911,3.0772452646866935,2.6109586078437417,2.6105343698933163,2.1316233372941054,4.789007186637566,6.426269829241601,2.2272554826502216,2.4830186094937354,2.726199171700891,3.611434889063446,1.2453981425206269,2.29869112536,1.6509710416799999,5646.23875505761,0.5679909166426838
2002-04-30,3.8451495201209727,4.234703470905625,0.5636293970332584,0.9952921303791474,1.0503501967970326,0.8287499663388095,0.6536236916261134,1.9003385257767156,6.419399378289761,8.34144009193355,2.412883721486426,2.127558687405478,0.8183290764348724,4.240324080978387,1.2807795301456897,3.5159928016800004,1.80908220852,5645.782901715408,-0.4740571262750386
2002-05-31,1.05629169231109,3.05093894541794,0.8527306337083995,0.7689779392992573,1.0512724818273607,1.0409697013189072,0.9742830089369466,2.2656735195328754,9.809249611077075,12.961876158627673,2.144809104359899,2.076745968992979,0.9376467530181744,5.851670872518101,1.4193907735827456,1.3035354966,1.90931109288,5644.283097251442,-2.6583415090784053
2002-06-30,0.4747057039560786,2.056577152597133,0.0734609959965727,0.14608245034851117,0.08213354045762655,0.0559666561847956,0.030697723037473527,2.1152132527634073,11.820723271113142,15.8931715524607,1.781781952501478,1.0245137649840692,0.07766827320499592,6.527080758764559,1.5157738500645888,1.70688715704,1.7755488212400001,5642.972353611367,-5.037696024118089
2002-07-31,0.013963926684611766,1.5522259119967374,0.0029057639264202717,0.05962876642273206,0.01108688883011286,0.0034976219050588354,0.0012080341580147061,1.594878992627351,12.348201256830057,16.50313126002326,1.1783022159558922,0.512912967697669,0.015665415048467746,6.4274853386268465,1.6661145690114052,1.1832058221600001,1.45314305232,5641.233073521444,-5.088190240521966
2002-08-31,0.0,1.2713757441228803,0.0,0.08433455231798079,0.00855927754968748,0.0027517694074892553,0.0,1.153687457236229,10.831039508951786,14.686603265912424,0.5957990771710012,0.2912109775739483,0.019129119855031504,5.511668057369077,1.1952194254940158,1.1219290027200002,1.3010685365999999,5639.099846619753,-4.986323831146173
2002-09-30,0.0023273211141019608,1.0859573264966276,0.0032510778542406446,0.22831961896852498,0.005037562984088427,0.0021638273681557933,0.0036590832653171823,1.0382512236046053,8.529469378267647,12.123455855625174,0.3134911570152747,0.22160514255129105,0.048486234088065405,4.445254551412798,0.7685000911217664,1.10296794816,1.1873811519600002,5636.8534808322975,-4.4298030509826125
2002-10-31,0.0,0.9513809079625289,0.00067824444942049,0.3765106669026536,0.029912693098188947,0.010669122926918372,0.0014776174716717508,0.7375657002947764,5.5326145438163925,8.029733357520271,0.22743905125587607,0.146679540311542,0.08384966896977063,2.9348064386397716,0.7612896778665984,1.50247608492,1.11467860728,5636.413804361111,-3.384864213509304
2002-11-30,0.5963913552353886,2.161368944960452,3.0675657508576784,3.453462084805208,4.836742839717896,3.6487828584285396,3.700531037601438,0.8945776163719532,2.7295025490131337,4.071674144295658,0.732042709160937,2.3601057807143158,3.7414169142821523,2.1575805599111995,0.6502729965493248,1.3508493224399998,1.09147191456,5636.763795704212,0.29287003943774303
2002-12-31,11.127609678028803,6.593979531423825,8.616042281167637,9.448618120220504,11.962594156722586,9.879303662484292,10.73885193247078,0.9395224274546448,1.4616013214269248,2.0910757186762443,0.8840899252126744,1.7843415781456315,10.129082030613159,1.432126194183224,1.441998978287616,1.04331068796,1.28531576352,5638.09418288809,15.59679936936298
2003-01-31,4.552945965136314,6.536584096312621,2.1283719437525077,2.4615414325266847,2.520885826185844,2.3763650793056583,2.5413152924990143,1.2531814282488973,1.7269545436608105,2.332948075647723,1.0635391602552235,1.1885648170437775,2.4056959148539416,1.5130376049712866,2.2963030972416,0.78311548284,1.39042059432,5639.075233448662,6.911082493731772
2003-02-28,1.478761301610416,6.512048056307151,2.1936115377064844,3.250519500433993,3.171415361524032,2.6800091242776087,2.4474987533729986,1.6913321716824348,2.707520874444933,3.749301554695128,1.6129378242286148,1.974967320436656,2.7486108554630233,2.347211949097553,1.5453266724946948,0.9203857716,1.3809018291600001,5639.909945625365,2.5391559140360513
2003-03-31,2.614172842477929,5.867433263901917,2.293988920904238,3.0443187931264823,3.3887238245584648,2.55106058812676,2.708350000161754,2.4272228738650354,4.950764056760715,6.571041595286997,2.3341462600523997,2.7104403169545037,2.7972884253755397,3.7987230205839304,1.111249445536051,2.46515665224,1.60814214912,5640.222907174417,0.6762055130108231
2003-04-30,6.123426548374589,5.7625803762639825,3.796120669052768,3.811490640098329,6.061368246808602,4.953494657543807,4.457745021918919,1.9761177158800565,5.121707948045228,6.54520079665422,2.1997129408607248,3.394044099301697,4.616043847084486,3.847356700148386,1.5806709211640837,4.5594367054800005,1.99777627848,5640.521679595739,3.6285666692727068
2003-05-31,3.1584009183713873,3.922289917031605,1.277745067081296,1.1230353147080097,1.7092163117673618,1.5033581221403505,1.4681531367710834,2.7395087846343786,9.21532755875688,12.034490512407434,2.576230055929819,2.929133935397146,1.4163015904936203,5.898938169425131,2.86386487488,2.6343999760799997,2.25663192432,5639.5714232185255,0.4866640516322538
2003-06-30,0.7988107045787609,2.5119359607470684,2.7885798523243623e-05,0.12632909114222046,0.02891941019567643,0.011676115598640457,0.0,2.2725075261183,11.35417577251822,15.036840664923423,2.032658752324859,1.4263884740925241,0.03339050054701212,6.424514237995465,2.076243065797939,1.8541486338,2.15809784148,5638.449243477131,-3.861330561747215
2003-07-31,0.05521204053333333,1.7857112814523735,0.029349841854315606,0.07005339659603846,0.11746662283686427,0.05959299423083438,0.03052807951394032,1.3777720418874226,12.800631003188832,17.27037092389015,1.4435286450847,0.7770142962555484,0.06139818700639861,6.733863382061331,1.8272885598544897,1.8356772708000002,1.7798067941999998,5637.021690700778,-5.5211261388924155
2003-08-31,0.17641536138942743,1.4186560285394823,0.49004300220353914,0.19035631167624695,0.6594944543787897,0.5162838231740385,0.4594197937279167,1.669593138378391,10.392221278523996,13.907808128236116,0.8068576154231373,0.8983461972176818,0.4631194770321062,5.534965271555864,1.3376679451001858,3.3745706192400005,1.57592735196,5635.235637656342,-6.361398412121254
2003-09-30,0.01731513431541961,1.1879389808150087,0.02396742344913749,0.2637156466418208,0.07233559323711208,0.02281174628042064,0.047005214446873236,1.1780836233171827,8.731305587782972,12.25386887654049,0.48494135260929533,0.2629870047950808,0.08596712481107285,4.582237289009004,0.8365912836691967,1.7708332272,1.4419319525999998,5633.324798595732,-5.048484526328842
2003-10-31,0.0004794112120470589,1.027085049907401,0.03201743271402455,0.416308127752445,0.10469372797220067,0.04830369967704163,0.06365137821458246,0.637870775065098,6.314775153330462,9.340310907352428,0.2250883306874481,0.24514896609962672,0.13299487326605886,3.3526388265070124,1.051708800259584,1.81517559972,1.28460897948,5633.089456531608,-3.6644544374617145
2003-11-30,0.39597335727485494,1.8773531968969788,2.2142501300484305,2.7849190911890465,2.8769062857820207,2.4929879029480504,2.719907950086336,1.0190106311756297,2.3852605408602194,3.468271457548302,0.5323077240915585,1.6606542560673632,2.6177942720107765,1.8131009219486145,0.8460620109545471,1.56977968764,1.21896317388,5633.309430055541,-0.30767331073801385
2003-12-31,6.9257448057996545,5.783176819287142,6.582865929643221,6.932581985137931,8.786305971745051,7.648995766487331,7.9847558643319125,0.9326563817411766,1.5743857603392428,2.285518531844914,0.8979841099541238,1.6619362523537573,7.58710110346909,1.470496207246643,1.5457416599559166,1.17924018396,1.27641620532,5634.479666853269,9.445574524187856
2004-01-31,2.811903055888063,6.144476684325749,2.530105232772767,3.2006639283675096,3.3861214398991515,2.924144709225919,3.036993546886359,1.2339667085733648,1.6609350439632777,2.3050172969843636,0.9533688064477494,1.3091579026411924,3.0156057714303413,1.4924891517219898,1.5549977739875325,0.8696737083600001,1.3723069405200001,5635.432828738519,4.56315314098534
2004-02-29,8.904578891310178,6.909706560162235,6.129950948824898,6.748837057808443,8.557680566715979,7.5113485680002965,7.360433150050982,1.6281823464427927,2.470785499510068,3.3939791451740318,1.6241393221116798,2.2273576287300267,7.26165005828012,2.2688887883937197,3.4652615622856704,0.9423047112,1.52272982652,5636.961465168711,15.504644250445763
2004-03-31,5.637807541641538,5.457945884480452,0.999157925111333,1.5807709571980735,1.2351723460296526,1.0622944496934947,1.3691618604335063,2.6165826963279315,5.763496777383466,7.691953721882562,2.7652708346230206,2.493873926591348,1.249311507693212,4.266235591361665,2.5911464038456318,2.2489670796,1.8205202685599997,5637.772663181146,4.1170330158605
2004-04-30,0.7942531876181333,3.885020589849098,0.29439242987751635,0.7733551901358927,0.7657029673620142,0.46537994364050483,0.4095207784507968,2.278382667050767,7.883221458569307,10.628303346803094,2.455835143150715,1.9292846157747705,0.5416702618933449,5.0350054462697305,1.7610450425846784,3.1116555907200003,1.77297824892,5637.652082639775,-3.4292252306222206
2004-05-31,0.8055733628968158,2.707700616782306,0.1436802568850417,0.4352729612314863,0.42902380638816634,0.3016982923966249,0.1791908966036479,1.637500063258504,10.224507674429152,13.585829737220061,1.7479442205594886,1.3877440297413774,0.2977732427009935,5.716705145041717,1.719530711801856,5.21741194188,1.72598019396,5636.004100807422,-6.886921741495258
2004-06-30,0.3416473817971452,1.9046671121022496,0.021400522916430378,0.1714789275058436,0.06480736934122698,0.0426367443217887,0.00635763698682157,2.245797603223191,11.66611682075461,15.667422482695233,1.529035212050446,0.819912722103517,0.061336240214422244,6.385656968165399,1.83550236102144,4.91411771208,1.52353652244,5634.750671911966,-8.055811521012336
2004-07-31,0.01887311965967059,1.4844444860833632,0.00126025906508047,0.059635360100791346,0.025556677506337746,0.0031856619102580974,1.13500056e-05,1.7752703849227043,12.009936320134107,15.934475019699558,1.0496368275107253,0.4295299045701272,0.017929861717613533,6.239769691367444,1.937599258493952,1.8792487183200002,1.19808282444,5632.887841315643,-5.398939845797322
2004-08-31,0.02292491731024314,1.2317641740721696,0.0027214605294888106,0.1041348455603744,0.03269724115511676,0.005315639683423936,0.0004960177944000001,1.3147962813158902,10.843992457994222,14.7169677718824,0.539490357328715,0.264150072474604,0.029073040944560785,5.535879388199167,1.3991070564790271,1.091136408,1.1024733226799999,5630.5456318155075,-4.827620967694141
2004-09-30,0.018829918734054905,1.0599266750275267,0.13620492009026894,0.3093219696237791,0.14911055727484876,0.0856660845079034,0.11984562235499872,1.0621008357669148,8.508721366589235,12.091224573583691,0.34823501948195074,0.3202874136367184,0.1600298307703598,4.466113841811703,1.0236131313610752,1.1893349842799998,1.02276214464,5628.188894161925,-4.20142726814157
2004-10-31,0.6834662275875135,1.6402541380009663,3.682979016870296,3.7776878468551596,5.809612565292469,4.478005558824292,4.236373517636577,1.2707524423358747,4.860322405173212,6.938501354550489,0.5542086044979576,3.3482324907329257,4.396931701095759,3.394403459458092,0.7628956563437569,1.61756593632,0.97254840732,5628.610987794591,0.3012104635954973
2004-11-30,0.8013301673421807,2.212277294944578,1.8788198806911196,1.8598229668203667,1.9969061879001357,2.03923152680756,2.1017080967219863,0.9061961216509994,2.2280396387049217,3.1830365207657074,0.8731134496998274,1.6057764728285868,1.9752977317882334,1.7592324407300086,0.5596555105115136,1.4149458771599999,0.9583140481200001,5628.871845918391,-0.39568370599169245
2004-12-31,6.278975518045363,5.896452595180725,5.787543402736102,6.218835753830335,8.434000643812496,6.6773627077326365,5.849322641130128,0.9646586205224159,1.6461489850389701,2.4322001234737347,0.8118904743994491,1.6620578003482103,6.59341302984834,1.5033912007565562,0.7799856679166975,1.1146724398799999,1.09888019544,5629.892626462391,7.209569127617698
2005-01-31,7.531187601833663,7.7511919733097425,5.529803390361416,5.839661752076131,7.65471980477972,6.485885958476696,6.412966408031777,1.3623065485910337,1.4594914969693378,1.9428608822753641,1.1030547052230848,1.2726354165784093,6.384607462745149,1.428069809927446,1.0598807650535425,0.9816650579999999,1.42761865068,5631.527187804742,10.382463128335889
2005-02-28,5.5346431874831055,7.912306664439166,3.5621012204297315,4.621981716724538,5.435240892584496,4.538207668130769,4.567786547094048,2.055359057016471,2.430518837558873,3.2074502486727434,1.7369725847323774,2.116396252235094,4.5450636089927166,2.3093393960431117,1.137613406646989,0.9262139645999999,1.539968943,5633.162218882979,7.708301859030276
2005-03-31,7.824104293339859,7.3493120679719155,3.8990579298731767,4.930188531330414,5.68924718909285,4.894316204291446,4.864434029030379,2.8484564381583564,4.485495745481901,5.845893851752685,2.5700646503480002,3.59341389915638,4.8554487767236525,3.8686649169794642,2.189677962871297,1.40755239804,1.7815941067200003,5635.044714943802,9.914383150662594
2005-04-30,2.986769821117741,5.8586664833517945,1.6229093389495377,2.036410276955211,2.4460478302354156,2.0567072556561183,1.892767070586074,2.3114055008725836,6.191520428355346,8.032472148666786,3.2538374910654273,3.3479421042013375,2.0109683544764714,4.627435534632296,2.0691081782055933,2.93287746648,2.02216957896,5636.211214511866,0.7566034650676314
2005-05-31,5.239660749277869,4.340460402472759,2.4842885764519362,2.1052474248560262,3.5956973955044873,3.388000204984064,3.507678638668609,3.14440793114865,8.620653986659304,11.113103407296542,3.02471583446351,3.264493315493246,3.016182448093024,5.833474895012251,4.715541911671603,1.9116658062,2.32625570292,5637.036551612264,6.44036436474928
2005-06-30,1.2011790922571297,2.989947908136559,0.6005387353316984,0.2523252214858789,0.8712349511587587,0.7704355409845115,0.7724387958046076,2.6416475263104506,10.018014068082055,13.136789837248063,2.239869310184565,1.8410218909944978,0.6533946489530911,5.975468526563927,3.1565849243904003,2.95550689056,2.29394469432,5636.773976703776,-2.5369932485871054
2005-07-31,0.06439115181276864,2.050291577907401,0.001143329142277117,0.0533807117535465,0.02731095119660017,0.004893187716132448,3.96874368e-05,1.4708638195651766,12.68655321399899,16.966548058690254,1.7687215921336255,0.9459260211300393,0.017353573449071246,6.767722541103618,2.3115353781279757,2.2300578312,2.02820869704,5635.858063267422,-5.399107941404644
2005-08-31,0.02031393913675295,1.5914228850033445,0.015712326881259217,0.09658760034563653,0.07762115214218736,0.029790400441659495,0.0106019407246549,1.3728485130320316,11.534497230118875,15.939998615755464,1.0411909001562871,0.5126938191161224,0.04606268410707949,6.080245815635756,1.6448717469404162,3.9265738883999997,1.6850570280000001,5634.711421349375,-7.4935509719074505
2005-09-30,0.05017156775454117,1.3184127770350935,0.11390841243737496,0.3342128150377618,0.29572793545372617,0.14161440381314513,0.1427886082219858,1.4151843964317619,7.8416105079141065,10.894170634340904,0.5326089365613331,0.41909860753729256,0.20565043499279873,4.22053461655708,1.1713891583149056,2.44041057648,1.48891273884,5633.337415591075,-4.764579634846583
2005-10-31,0.11636402828549015,1.1404480041289289,0.4828427228758705,0.806871127105212,0.8690131613668282,0.5920862347898681,0.6537789969452201,0.9278166739309428,5.36173995230131,7.731899459978039,0.4420871830513036,0.7904464579945413,0.6809184486165998,3.0507979454512273,0.9526361343086592,1.63013139708,1.35063346344,5633.588927530644,-2.614766683014313
2005-11-30,0.45362437864106653,1.5980402717487188,1.5700737297669431,2.210659094577339,2.9404526715157004,2.0363544664724222,2.4633927999447662,0.9330414718140738,2.958571342756931,4.453991683976564,0.6321800379926351,1.288468143682259,2.2441865524554343,2.0532505360444926,0.7437442859366401,1.4158820884799999,1.28954043252,5633.856622915021,-0.42407664419114144
2005-12-31,11.046016920668366,6.263264354790701,7.94116468253084,10.074099014534172,12.466221989863811,10.401641202329298,10.619899649176153,0.8135719586241758,1.676950982948236,2.4525960290288498,0.866752065082228,1.6297422893497726,10.300605307686855,1.4879226650066524,3.3190726507425783,1.3977116946,1.5854202140399998,5635.297177118509,16.81895665492916
2006-01-31,8.16838073689349,7.182147443143782,5.052363676208785,5.4916831921153815,7.063338140306603,5.9619579418486905,5.626259074752098,1.1667445675530042,1.8312627196408042,2.6002874424793827,1.1816442227286943,1.8685873155308927,5.8391204050463115,1.7297052535865558,6.4610225268203525,1.10897992968,1.15343084844,5637.2180489476295,17.142944762740516
2006-02-28,3.099916590846996,6.932298496326476,2.2084745461614643,2.693144855703595,3.6582202318489307,3.0534094195633976,2.9936318075690593,1.474284514785481,3.0026165383005345,4.24888795997959,1.4561816120371132,1.9670742370392345,2.9213761721692895,2.4298089724283907,2.9437943664384,1.04154187764,1.25682607596,5638.4653744527095,5.6401899986836
2006-03-31,8.16743958974143,7.228183177082277,6.205830383710481,7.418578590597291,9.077563324869772,7.887347259808691,7.947736909078918,2.004854103029961,3.4332635602928865,4.475287532387184,2.0615413665582247,3.0822361475096094,7.70741129361303,3.0114365419555726,5.258183254327298,3.6550244998800006,1.77786282972,5640.324920212445,13.649651661330383
2006-04-30,16.30487613505055,7.0721735727794695,5.591150408862221,5.277709940090296,7.632089605781374,6.741104404180064,6.068538444615948,2.5395796829175974,5.312935633937164,6.687346938865945,3.003196992618473,4.352527928178649,6.26211856070598,4.379117435303566,8.770800116708353,11.003220102119998,2.0066314313999998,5642.363813945415,15.88269827766413
2006-05-31,3.8975417477280625,4.366351916942758,0.9565096330021938,0.8727020083053751,1.254756507388148,1.1398099691397328,1.1875003062979923,3.1581502728252238,9.789563700580526,12.853253649012103,3.3357664234139794,3.398196969925773,1.0822556848266882,6.506986203151522,5.8067936443146255,3.78529232268,2.30157130116,5642.722504867859,2.9051943371145654
2006-06-30,0.6296163749245491,2.7606338694003454,0.06596623755611447,0.18357515859576756,0.11363453456130193,0.09575896225791145,0.0642562891226559,2.311673807303379,11.565545557772454,15.483410566620453,2.629084175621223,1.6544188258440538,0.10463823641875028,6.728826586632313,3.663098136861696,8.622091807919999,2.25122928192,5642.214494365264,-9.297505579564906
2006-07-31,0.016291247798713725,1.9388727571769224,0.020567505909078486,0.05970835182226231,0.06685445840716607,0.021705071946809873,0.006728142130388236,1.4138911739289604,12.781408040118784,17.287439105941885,1.7395341622822986,0.8342222530953538,0.035112706043141,6.811298947073456,2.235387968085197,13.108745792519999,1.9694703794400001,5641.089985515105,-16.52973280296298
2006-08-31,0.0,1.527603451848584,0.0015876390334423878,0.08902404620409984,0.10059272841255022,0.005594609961089092,0.004763935873650001,1.5474928218055786,10.538337015090107,14.198217008092657,0.9117222605712841,0.41894378398539295,0.04031259189696631,5.522942577909005,1.7445922160984069,6.24191576028,1.71675376356,5639.796112083363,-9.315967608985293
2006-09-30,0.007758123911529412,1.272554508148254,0.0005467606852611652,0.23462662480631435,0.006618793351239067,0.0006206392703921481,0.0014100371528764706,1.294016259804461,8.480093009362319,11.986296353843837,0.46068140307761307,0.26238977133788866,0.048764571053216646,4.496695359485225,1.233851156780544,2.78226709152,1.485294942,5638.296177314003,-5.502080833999606
2006-10-31,0.06569818838437647,1.0956324624159124,0.3209058071174512,0.6215346647252264,0.4909570164404812,0.37254585319281863,0.4083200413640839,0.8561458948019705,5.031500572761649,7.254418546455429,0.5086889999279653,0.5325440099492644,0.44285267656801225,2.836659604779256,0.9483632705461248,1.56415501884,1.31360932776,5637.830233117877,-2.5952928281484016
2006-11-30,0.3455145857385411,1.5265910027830212,1.5341199002335573,2.5453447490016936,2.7001951591034756,1.9823249962767804,2.0961074736386673,0.920389955170786,2.5755824519445056,3.745931253379347,0.5608268898693198,1.317110689804449,2.171618455650835,1.8239682480336818,0.7838246811515904,1.52593440756,1.2804077466,5638.106740516101,-0.44670189225982415
2006-12-31,0.5642512151210667,3.1185794706279406,3.268397965262706,4.255355070016445,4.807498285925053,4.159348975794805,4.062907202775121,0.8019604431578856,1.9544737362618865,3.0012875420889165,0.8344901242058121,1.5207424741147109,4.110701499954827,1.6225908639658424,0.9789113827362816,1.39588367724,1.2910280094,5638.86952153029,1.032780825961413
2007-01-31,0.08043929864232158,2.9184774191429272,0.5351896947412315,1.0518806831483456,1.194925855062511,0.8188645625204496,0.6780771540078155,0.8440938132608504,2.3673093646172974,3.6130945057247685,0.7852971721454416,0.811504522699796,0.8557875898960706,1.6842598756896308,0.8083132228638721,0.93163757616,1.26568739628,5639.592451160197,-0.6459146758423531
2007-02-28,2.8882894641473253,4.371385110680597,4.314648532955237,5.540222637926253,6.7806990427278855,6.118137921782175,5.586828464697991,1.3714925519000596,2.4643144146838654,3.4014786056943063,1.236756432478464,1.9085866023177038,5.668107320017908,2.0765257214148796,1.0111485834381313,0.94189396236,1.44247838424,5640.413577519959,4.919427004330814
2007-03-31,2.1091790165935684,3.3590762936235676,0.537818921949008,1.3080247709678086,0.812219084084191,0.636568444782748,0.7337578643944755,2.133857606630701,5.675301865556664,7.688858003970373,2.185418064167235,1.5827604994208626,0.8056778172356462,3.853239207949167,0.927986534793216,1.33633002936,1.64873350896,5640.381122231709,-0.5406721763497069
2007-04-30,0.9713009337243609,2.797778720403376,1.313015263915719,1.914512756248862,2.0220459586159816,1.7489761177567527,1.6233093924069908,1.7445573106089665,7.161659338852217,9.65171894030868,2.1746509750044174,2.062579618358212,1.7243718977888611,4.559033236626499,1.0012845942466562,1.09544988756,1.7389761392400003,5639.936199550041,-1.48647075548643
2007-05-31,0.3621300460885333,2.024143434854802,0.2918560986725755,0.45441077617951103,0.5556700557058691,0.3880390783938617,0.3745929132501523,2.2340837552429176,10.461136800783686,13.999534966108094,1.884516829370117,1.0703403211808127,0.4129137844403939,5.929922534537125,1.2765103607061503,1.65599870616,1.7749937552400001,5638.081124279302,-4.796749379913472
2007-06-30,0.09832740518249412,1.5057415270339767,0.029385944780351322,0.173838633842665,0.12382853219949681,0.08807910296972435,0.060972120469680396,1.9426137669748456,11.79459965168946,16.023450017399323,1.3804877747864954,0.569250878917371,0.09522086685238358,6.342080417953499,1.4472428618207231,1.47068560488,1.54946797248,5636.560125848902,-5.4280471983970715
2007-07-31,0.04566849693816471,1.211514595973321,0.1362496380737111,0.07684499905859943,0.11417057156086,0.14135222600455927,0.16943688185656366,1.5790099476259138,12.295116025886573,16.567849916952994,0.9242785902853954,0.43432804331520003,0.1276108633108587,6.360116504813216,1.6027239987910655,1.1089108548,1.21929991392,5634.519868356208,-5.0686290109524705
2007-08-31,0.03301152311416471,1.0292613916206184,0.029220327285053777,0.08791505385533943,0.08670099337272073,0.031453303402788936,0.012152653816269546,1.3686716999667956,11.531349650224843,15.96567552376442,0.4860206717123521,0.30961891142394987,0.04948846634643448,5.932267291418473,1.2246733085718526,0.8335080747600001,1.0237489286399999,5632.106038143196,-5.080797878513318
2007-09-30,0.09319467556944314,0.9012435276992755,0.3214057556428216,0.37650292468006574,0.4667772305420481,0.3709841473352079,0.41322889070558516,1.4007961535961855,7.824155108613897,10.888357699096389,0.2978858584643648,0.5160329559963608,0.38977978978114575,4.18544555515344,0.8342961549262847,0.97104972912,0.91979616816,5629.918288847201,-3.6072540395952237
2007-10-31,0.28257591412856475,0.8405552652002887,1.304153148618464,1.4609569544166767,2.063422776977354,1.5770762318368463,1.5010832946848847,0.8733362782742087,4.821872234186459,6.886928534404575,0.4579315826097393,1.5342276039495282,1.5813384813068452,2.9148592466849017,0.8786752007675904,1.5143372286,0.85246542888,5629.413988126959,-1.5585878773029145
2007-11-30,0.12214409013609409,0.7826637743140141,0.5483845028276806,0.9825149233262711,0.7627884146564724,0.42810204645396044,0.6062663453023259,0.8492488851660802,2.8895197041374296,4.289268262147129,0.5140696524119938,0.6288801404397931,0.6656112465133421,1.8341973288604851,0.7747768437534721,1.36015716252,0.8259135384,5629.31906279929,-1.5473789296113023
2007-12-31,0.39662978675651767,2.61616884698614,3.2047240641550254,3.5365107361578065,4.786340076640612,4.263256658035479,3.965987360694645,0.763685757752019,1.9422138721663438,2.9608131275164413,0.5053979945640645,1.413970613471674,3.951363779136714,1.5172162730941086,0.7438820279132159,1.15869287412,0.77200799544,5629.761840052758,0.6363669168802134
2008-01-31,3.95109892955357,6.408380496729752,7.626383329698096,8.346590891357918,10.292346422248093,8.36917388532861,9.166677025749188,1.1016157113657226,1.9218089970949201,2.827559437557441,1.1837227809145134,1.6361225939060455,8.760234310876381,1.7341659041677282,1.0601384868974593,0.82976692992,0.9073466545200001,5630.986781791322,7.2799885844160706
2008-02-29,2.952860632224627,6.486355134854325,3.3319138179340175,3.1329268498543534,3.2397901559407285,3.0995944238266198,4.023863672368392,1.702424232813829,2.8293025981694737,3.8941998104153353,1.4582760600046132,2.021665504636286,3.365617783984822,2.381173641207907,1.004317119645696,0.7558876453200001,1.08068759892,5631.980610376377,3.934418666802665
2008-03-31,1.9193635452405964,5.0080680872172945,0.17483441685990825,1.1247092402624608,1.5600170368377677,1.0378938047435207,0.19410470072169222,1.583520648958193,5.2795120974402705,7.168594231853841,2.1681492989712408,1.8119097042132837,0.8183118398850698,3.6023371962873663,0.8968690809446399,0.94903457808,1.21222467264,5632.095469986239,0.4299226656199703
2008-04-30,2.3503275022456473,3.5446260804869025,0.13233613255796456,0.5741364690916362,0.9316895352624479,0.5899788689380331,0.15326332702187703,2.175933346491533,7.397751661821706,9.990348612264762,2.1860247308774903,1.6609405883697195,0.4762808665743917,4.682199787965042,1.2017887146823678,1.9096132954799998,1.39268279664,5631.47039787316,-1.2804321172122435
2008-05-31,1.8684628682511057,2.511434100095097,0.3234853919900688,0.47679993598806686,0.7106010302184788,0.3761491060499163,0.3411385621606348,1.53867338212854,10.232095262762487,13.749781452580981,1.705589246689216,1.2308590250156677,0.44563480528143307,5.691399673835378,1.543331297694413,2.0032874671200003,1.54027484604,5629.806476950547,-2.951658238736622
2008-06-30,0.542302133388549,1.82536714753526,0.0028354729024399426,0.1522972044998751,0.15089386527304527,0.05492123615949343,0.0006395441689,1.3520726049370353,12.129336289110556,16.592642696654064,1.4758356096897924,0.6959742134167594,0.07231746460075075,6.449172282761642,1.6082438800573442,1.13180794404,1.28465215128,5628.207691735334,-4.416427101435161
2008-07-31,0.013963926684611766,1.4529136641887375,0.003781046580075312,0.05239279574057976,0.14912123508665528,0.05166579087930892,0.004135168168047059,1.160805486343429,12.593573584254443,16.998446875548012,0.9345530643574382,0.3749718041804801,0.05221920729093325,6.412470162936761,1.6814669031622655,0.8530402305600001,0.95578541412,5625.973559638173,-4.816540135852428
2008-08-31,0.0,1.2225916660342464,0.0018482185596957362,0.08526140690717496,0.09040770434725268,0.050292203751306344,1.4959378058823532e-05,1.1528106382074983,11.443950823765086,15.845084133525798,0.4887516870860085,0.24530709462959688,0.04556489858869771,5.835180875442797,1.3396497903599616,0.7896516933600001,0.8641551188400001,5623.344646080188,-4.917665586419647
2008-09-30,0.0,1.0586424884460928,0.0027739205119732277,0.21429570124375474,0.21289963919984675,0.05287560565912136,0.0005866333001560537,0.7787557256087592,8.669505805542931,12.281160710772522,0.23765467931850992,0.17147458420615533,0.09668629998297043,4.427710301089776,0.9178970695704576,0.8992550257200002,0.7733056164,5620.9137443033,-4.057583277228194
2008-10-31,0.12502737593926272,0.9416597667362133,0.6092439058084167,1.354287910450664,1.1646983048040327,1.0356016231361638,0.9194698909914467,0.9565998948420267,5.655305307829225,8.39400355853363,0.31179339825037766,0.7542025159085679,1.0166603270381447,3.2143809350727657,0.8814305051476992,1.01906910552,0.70520271864,5620.351422838034,-2.0252462129977804
2008-11-30,0.4427303680682667,1.496236186342099,2.235908976729411,2.8784767995443596,3.655713795866549,3.087662939114689,2.6432214157487417,0.7980008792140298,2.5861151558105413,3.7594401998805913,0.7949277994129008,1.923111536326375,2.9001967854007504,1.9723191141288876,0.6713403749766144,0.88298419104,0.67689928656,5620.445585784264,0.6326912357508582
2008-12-31,0.29533797954258834,2.5645577323174655,2.4033096047947438,2.1914236425086657,3.019063933294615,2.9061218742588517,3.0721147520006893,0.923420480336113,1.5103772272239082,2.2026330792681095,0.49520100818570545,1.3193108009819359,2.718406761371513,1.2901885191991542,0.6064757454154752,0.80315706588,0.70116923904,5620.888942598116,0.4342834027950556
2009-01-31,0.33664524450635297,2.646458161333509,1.7120873371492593,1.678485425924546,2.6520544818543557,2.652506620839498,1.8837382957900894,1.2559955805834542,2.200632669955273,3.2644253147997886,0.8226219497632915,1.2543399947886433,2.1157744323115493,1.7596031019780902,0.5923826860916737,0.61453947168,0.7622314329600001,5621.395110327298,0.527697166315442
2009-02-28,3.328248977275483,4.943588689312026,5.638537117166129,6.55013693883486,6.220626094974238,5.9827271915442015,6.953669063153551,1.648231527171815,2.5024982593174894,3.449205946438173,1.4121627447678404,2.1934118748987235,6.269139281134596,2.2411020705188083,0.9453043711060994,0.7499533730399999,1.0509064578,5622.314345137715,4.965831633138854
2009-03-31,2.5746531063446585,4.477391363207731,2.105793097771067,2.8117056461283827,3.348928627502026,2.5668239170350753,2.4337055051847636,2.21504662044672,5.064606861057719,6.858690464053932,2.083102596207693,2.276124461816571,2.653391358724263,3.699514200716527,1.1311343959477247,0.7006376091600001,1.5795944880000001,5622.373605041405,1.8965363470444134
2009-04-30,2.2102086021360945,3.288765769985406,0.7201325546260953,1.0407647269946965,1.370037190244995,1.143688708975255,0.7357286225186183,1.7463817184256,7.220657256084693,9.659213804644072,2.2257777590154024,1.916457338784427,1.002070360671932,4.553697575390838,1.296809882661888,0.7289188386,1.75806917616,5621.683849986339,0.23662333654140255
2009-05-31,1.6820648657096786,2.4369528462854024,1.3472261014908058,1.5293610495279362,1.4085352438680732,1.2769003815633928,1.447336043573428,2.3405705069945477,10.457426981096319,14.015681362814494,2.1150952963453684,1.7361357428354514,1.4018717640047271,6.132981978017236,1.9388829990362115,1.53405563988,2.1303877132799998,5620.381687633297,-2.1647236025666157
2009-06-30,0.2922312950121412,1.8047674484723957,0.4865277573271205,0.3678866485130292,0.767110502645453,0.6417425327595381,0.6965302680965597,2.198607923471862,10.286539163508476,13.562145506801436,1.4236856874040105,1.0423910007599186,0.5919595418683401,5.70267385638914,1.6132448190385154,1.87780554672,1.9760312595599998,5618.725311784449,-4.296501895657137
2009-07-31,0.011636605570509806,1.3826239278172363,0.00022200129124601409,0.05632679568973052,0.05443748802175529,0.026066488732186113,0.0007969464579058824,1.4228593925111972,12.702374441822817,17.180952619165982,1.1781293510387996,0.4295461326992565,0.027569944038564765,6.58277238744761,1.9156357253846017,1.08571773036,1.52421370296,5616.417558403147,-4.839686765558775
2009-08-31,0.015166793398713728,1.1457622752794103,0.008704777877891416,0.10229381546421369,0.10481975583665816,0.05431519694023548,0.01448720773647451,1.1912843394810981,11.123805864197667,15.323493124772453,0.6047843031296957,0.26306679815067613,0.05692415077109465,5.701286885946318,1.5953880030197762,1.37386605924,1.2935504759999998,5613.816518182827,-4.9401491184989075
2009-09-30,0.0,0.9872223915546103,0.1486215147372913,0.26609159032084256,0.3474561732665137,0.29616626306189364,0.1720700689192645,1.0103560087363266,8.879174922578411,12.63831083509179,0.34507918546678895,0.3015664715482855,0.24608112206116112,4.634897484684321,1.0472594408275968,0.9534097316399999,1.20451665612,5611.502196181335,-4.047392949830762
2009-10-31,0.35457100434170985,1.0400470491083798,2.764052607471972,2.262931432636609,3.3040897787634056,2.826320783817513,3.243669069298961,1.0181008057231562,5.102157249462754,7.355055854687231,0.5837745138720696,2.456732806532719,2.880212734397692,3.303164246055586,0.8679347762605056,1.48137987648,1.0516095414,5611.510827122014,-0.5817431503694475
2009-11-30,0.15727153523852547,0.9961223765554196,0.6655486711243966,1.2086144372484533,1.8079804457319055,1.4375421690832662,0.8093694181395402,0.9220745741581052,2.825490812755503,4.201236313332119,0.49656868467857096,0.6762496146476175,1.1858110282655123,1.8243239999143832,0.592218839196979,1.20452035656,0.9640410957600001,5611.503709588244,-0.9620498355804064
2009-12-31,0.4024485528274823,3.02003938778092,3.4981845924175334,3.8807000730278047,4.2580461982201125,3.858192771008189,3.8804817040147053,0.8805751995167124,1.535189163489621,2.230400348058253,0.6255163468316488,1.368092761995545,3.875121067737669,1.327954763978356,0.5851382654923776,0.88497749472,0.9455105257200002,5612.065448057094,0.6443891861736716
2010-01-31,5.850272870693146,6.17925788996307,7.017955349594494,7.657255263417054,7.225489931891902,6.731031916351928,8.112064697058367,1.1970172745844458,1.522868703922131,2.058444009725322,1.116523834718321,1.7375624362369508,7.348759431662749,1.5264832518374343,1.2057937767263232,0.8089346862000001,1.03036161492,5613.6068085040715,8.825338549662638
2010-02-28,4.35426528731859,6.546736762300537,4.078010616900556,5.102623863223652,4.961920617057402,4.93192832628024,4.7906261899710785,1.7224867595047155,2.2301953986302383,2.85597600476675,1.413507988747175,2.1162204214613336,4.773021922686586,2.067677314622043,1.0812798251817983,0.6933637776,1.21449550932,5615.103403600572,6.895913176227465
2010-03-31,2.278515007773113,5.776716579364544,1.7779324992186987,2.8005485355795563,2.9405707109915493,2.3554157783737524,2.3404125423556095,2.2827164825479533,4.53158344468915,5.912240048749288,2.380791952216931,2.4882974637256794,2.4429760133038334,3.5191258783858004,1.0006511768801278,0.84293679588,1.50619996104,5615.903325746814,1.838395254907266
2010-04-30,5.739598970795671,5.504077082936422,4.034144170847628,4.267635904925514,4.636875104755268,4.134514366428496,4.625350176985192,2.165827101714874,5.442703544316554,6.889058092003008,2.726294734652137,3.7064846511108014,4.33970394478842,4.186073624759475,1.496474584409088,2.27402029188,2.0113038536400003,5616.687266788165,4.883219187181827
2010-05-31,2.6432690092995768,3.909315599732255,0.9635153123027521,0.95407390758165,1.3192864206705195,0.9298499890685668,1.2172930875937995,2.7008828435391754,8.168218598179225,10.570552261868407,2.5419942930813773,2.4313785446528504,1.0768037434434574,5.282605308264207,2.404807810182144,2.2516930704,2.18234189088,5616.163581981505,0.014305630225138533
2010-06-30,1.7880240583459144,2.574688802950526,0.038755983216511074,0.17646141946257507,0.2938218237868743,0.08405591227953446,0.06858424365686955,2.6259741435257475,10.920840051127017,14.432277250543438,2.231661513861015,1.385107440473349,0.1323358764804729,6.319172079906113,2.5430278468331524,1.6146536900400001,2.28641923284,5615.226619746098,-2.2398885334648444
2010-07-31,0.0263766928243451,1.831083396783887,0.0005925268289393693,0.05399653751352561,0.32108911325442097,0.019544595589306994,0.0010535698480236078,2.017325521529274,12.042793114300979,15.924460806254855,1.6431139444492222,0.7539186692979453,0.07925526860684332,6.476322411166454,2.0509848082197504,1.7736702312,1.8749882784,5613.80606170593,-4.938339512108877
2010-08-31,0.007057533891764706,1.445714733748706,0.009833178234732374,0.09388185725275729,0.1137277192013575,0.04298529027367726,0.014530614737185674,1.6496503054307894,10.546430379509857,14.293212148503912,0.8968666566307729,0.40790130692457416,0.05499173193994202,5.558812159399982,1.4558837854436348,1.6743775581600002,1.58186039076,5612.342266988366,-5.03676011560946
2010-09-30,0.04008897150092549,1.2088161768580519,0.09599668541688093,0.2511973040779303,0.2868244736917008,0.10112208980542867,0.1432352900225642,1.3518360221073573,8.205268732888893,11.484038176810104,0.4741761884338808,0.3914545553399969,0.17567516860290097,4.381354735116046,0.9323117551862786,1.6960855726800002,1.4859597877200001,5610.720157085117,-4.596565252575288
2010-10-31,0.45377986177305085,1.2115472837945225,2.5682839306763396,2.9114217629058565,3.2206492685034203,2.512214634073515,2.8774188728398196,0.9864407894429615,4.8047583618677665,6.771764248575342,0.5341062573552605,2.177373306507344,2.81799769379979,3.0548885927497347,0.9842480647271424,1.4419405869600002,1.36951187484,5611.067418496196,-0.12708675346622178
2010-11-30,0.8205638445859138,2.0883642113622343,2.8609614754984576,3.5165538345668144,3.9457853472623214,3.1377106585116428,3.581855439252416,1.0548861236521163,2.5158946671815654,3.639022666729777,0.8015956855887534,1.987998310631304,3.4085733510183305,1.9998794907567032,0.8658600591458304,1.33482024984,1.3030186684799998,5611.762300458064,0.9499737929456598
2010-12-31,8.406037849104063,6.267387053604142,8.545313262217972,9.030320926499368,9.636766617589446,8.175369445601012,9.94281908591865,1.0399318553820862,1.4853425024669231,2.080780092504855,0.9423028682609006,1.7900740249359064,9.06611786756529,1.4676862687101342,3.60251295234048,1.26857497296,1.2454620247200001,5614.494492949214,14.216941228857788
2011-01-31,1.6242670524536476,6.324375361563307,1.9498127141080288,2.641591833646342,3.183946229070173,2.6414701365443354,2.294841641162955,1.3033829547425633,1.7437907316006456,2.4127497234496467,1.2491230846137757,1.470042746147539,2.542332510906367,1.6358178481108339,2.460287171201126,1.01175210216,1.23160140996,5616.499620076719,3.9361890910911415
2011-02-28,3.146525258189804,6.695230606148469,3.785606553679822,3.6262212443239323,4.430166535297862,4.121228785586508,4.396635716895335,1.621440595334325,2.5899752810900005,3.6090832834513966,1.5581126703419201,2.3378222815340433,4.0719717671566915,2.343286822350337,1.5488280343941119,1.02446558052,1.44438287736,5618.248989948958,4.8159359448851085
2011-03-31,11.714497982407782,7.214359998117849,7.452172284821589,8.263840856859522,7.868585988654495,6.936694096989298,8.427047694314627,2.5185970500583914,3.865112759222824,5.029060412450447,2.0759341691770947,3.4908124203670585,7.789668184327906,3.395903362255163,5.848606774877182,3.9110123047199994,1.64425474308,5620.940823027172,17.32685601694833
2011-04-30,3.264691120537601,5.29133644772332,0.5087059834841328,1.1717141483495135,1.5102557346745067,0.7984587708738456,0.6627886175551316,2.1591973635557897,5.762274429886309,7.3216583180117505,3.018344175994194,2.6009361920397556,0.9303846509874261,4.17248209589756,4.940310981648385,3.1373292434400004,1.8198147180000002,5622.222433052856,3.57303898931038
2011-05-31,2.6659627433743056,3.8349514759549495,1.5717967383393496,1.1542659775448842,1.5653944957755486,1.3195963107679047,1.8597158235729963,2.6957208412437086,8.016022507212751,10.263912949528422,2.703124393761146,2.427877162385167,1.4941538692001366,5.22133157082624,3.6917252255600648,1.9747435064400003,2.0661739779599997,5622.521576670638,1.865792472676638
2011-06-30,2.2905433473144474,2.6956981838261713,1.8588543204666106,0.5017204683339488,1.5377646428608114,1.4150943670157714,2.1486660911503246,2.7077826558598534,9.07987661690044,11.453944381813749,2.380650288698935,1.559031496929682,1.4924199779654934,5.436257088040532,4.1081997129523184,7.867976673360001,2.3118930618,5622.519780820922,-4.519536514879496
2011-07-31,0.07154527055309802,1.922722279860907,0.020159631624668363,0.05707890178161552,0.08446268253783246,0.04380866311863456,0.012732387975570454,2.4025698139633946,10.915799638228178,13.88846883499957,1.7703332296474197,0.786884158115037,0.043648453407664274,5.95281113499072,3.02221432336896,6.32055751116,2.21058241548,5621.440480720355,-8.261674048535733
2011-08-31,0.0023273211141019608,1.5144074265519687,0.008611325932856875,0.08461497765265799,0.06286999016322353,0.027414399995581686,0.0025095539361437258,1.7320026949507519,10.511436630450541,14.01304121620409,1.0691199440697665,0.41303704406698677,0.037204049536092756,5.547727505948427,2.177915409714586,3.6417793916400005,1.8738744459599999,5620.286581771727,-6.227037294394709
2011-09-30,0.007758123911529412,1.2635491464870652,0.024771867326422156,0.2919140611978638,0.23301713483759906,0.0818337777620708,0.04859572080859944,1.3325401965282886,8.618893235006876,12.005909199555916,0.6184905451817202,0.3227218909364706,0.13602651238651103,4.579711013441854,1.5094927670012928,3.3409743244800003,1.60616118024,5618.928979799736,-5.748836388837619
2011-10-31,0.2774312775238274,1.150657646082811,1.6940136171685352,1.694971175074985,1.889901037035774,1.562263457084894,1.9362275260077875,0.9941530698157679,4.440587265209436,6.002726051590008,0.7845946399908399,1.740141946283671,1.7554753624743953,2.7924405945779442,1.5296385464027138,1.8934596413999998,1.35677619384,5619.244990024249,-0.7610785627727532
2011-11-30,0.3003349004488784,1.4594875902221052,1.6014489882311684,2.4082799947630757,2.896545675426508,2.3217681725364314,2.0465568400786327,1.0308396870776473,2.471271473580223,3.591852697370997,0.6839463937026988,1.6236927633584692,2.2549199342071633,1.880320603018007,0.9105249379378176,1.43362323132,1.19845040148,5619.6977164596165,0.0013317864765584053
2011-12-31,0.036095698570541165,1.3556679393175595,0.13409899040091205,0.5977919301214648,1.0506463331092417,0.8263757966416316,0.15129766867704927,0.695654430729236,2.110669241213534,3.278072587088577,0.4650804553571358,0.3900435527900863,0.5520421437900599,1.3879040534357139,0.7042392264803329,1.62459430536,1.12333270296,5620.206731144458,-1.5411839405302343
2012-01-31,0.7278270248879686,3.006266964802059,3.0638977191371217,3.907136930380495,4.254792886213149,3.955969991355411,3.8198338857108127,0.8234006429073569,2.2044595811338685,3.2911008234706007,0.7557639501971819,1.6487603736053964,3.8003262825593978,1.7446970742628811,0.7691615217321985,1.4366193542399999,1.1356107628799998,5620.977089598879,0.4531213152721849
2012-02-29,0.6607189118775216,2.9301029953893396,1.0687321333187618,1.808087077655914,2.313374518589306,1.7159567948240992,1.4696871670731957,1.2395698725080848,3.2958705997450592,4.706478633376397,1.2954801898132748,1.3458766063387106,1.6751675382922553,2.376655180356306,0.6691860464246784,0.99941236824,1.12186486176,5621.201400430184,-0.28108518146913153
2012-03-31,3.3370778472769262,3.699058833507589,4.928241631621288,5.932036745869018,5.610710957612009,4.788611194205811,5.950331993326869,1.795228775096722,4.324097758460983,5.799483717564585,1.7295618096381355,3.033141997490096,5.441986504527,3.3363028116501043,1.230684828385075,1.13658151164,1.56456700116,5621.760268976366,4.325206879380647
2012-04-30,3.8359320944720308,3.398348406010178,3.2705294808245307,3.3873171599334335,2.994061712723848,3.145449504014926,3.4594231997898715,2.6902969601024003,6.618394855747689,8.574876421136544,2.621480566600273,3.3952729558377417,3.251356211457322,4.7800643518849295,1.4721011049553918,1.18339207764,2.06701521132,5621.773204189731,2.394195198697226
2012-05-31,0.676043137192659,2.330104320083125,0.056022269176056,0.3250907439315276,0.2544533897449536,0.1704089678982837,0.09202237581020412,1.8438645837462593,10.805265524567297,14.54122690664004,2.2614137299935324,1.2332215922149898,0.17959954931220498,6.136998467432424,1.6922154747525122,0.9732514909200001,2.1486666534,5619.898173819718,-3.5757991532479942
2012-06-30,0.27917047138183526,1.6743457733330827,0.1283715345512086,0.21284318597814167,0.3019107510834781,0.1540195752225368,0.21428974292724576,2.167552382843081,11.910397923243579,16.34750960930317,1.6042420050726114,0.7743513925712315,0.20228695795252216,6.560810662606736,1.5281793377510402,1.5967830318,1.91009681964,5618.1290350992185,-5.253628546811297
2012-07-31,0.03249520973301961,1.2941351121217257,0.005319296504818464,0.06045537537705229,0.06486178318980201,0.03280667325890782,0.010318643644788367,1.6946820637700015,12.20585204455233,16.35166493789562,1.1345911252963032,0.4340396920197522,0.03475235439507379,6.364165972706802,1.8249530382157824,2.0596278996,1.48893494148,5616.003696213984,-5.7302207305915696
2012-08-31,0.01572391022029804,1.0766690446231593,0.0009878237719619552,0.08735833797354971,0.10771779927598157,0.03856272456267239,0.01208596938062981,1.0952770819533804,12.167420719438512,17.252420857675396,0.6555232304126103,0.2474182136077051,0.049342530992959086,6.283612020617521,1.4756956078325758,1.17389798208,1.2648782334,5613.663192136172,-5.475225178073122
2012-09-30,0.007758123911529412,0.9321891253135561,0.002595627095357835,0.24964592074774625,0.12470214353697225,0.042236916576925986,0.0035581121463901964,1.076917974184659,8.939343890250361,12.855449662054696,0.3606765847779286,0.17654625561579923,0.0845477440206785,4.681786873376689,0.8396389288802305,1.06127632416,1.1613226534799999,5611.307107345217,-4.5630829014946475
2012-10-31,0.17367639762421958,0.8347046901711812,0.7324009591919619,1.060200174567294,1.0223200792510747,0.7248116006179544,0.8622070648137885,1.1980774903121318,5.437147496972885,7.883794518919387,0.29241173304533724,0.9882459034455343,0.8803879756884146,3.1599354285390553,0.7873948161764351,1.60941880092,1.0654553544,5611.056942114293,-2.7345433057476107
2012-11-30,0.8190029836729722,2.8838145383853684,3.766049380354159,4.59503268373317,4.976302702392589,4.246408653640438,4.8012699326026285,0.7997226842951279,2.6014366012593007,3.8092715389753597,0.5244372527365608,1.9575944813692487,4.477012670544598,1.93849251172712,0.7372862178895873,1.41976385004,1.07844636576,5611.469463250425,0.6129446507658498
2012-12-31,7.505485882974369,6.282615661198959,7.62053217936188,7.616525388182882,6.777281298674572,6.617177969910857,8.636423972613562,1.0278204716971673,1.2912414707250297,1.7864323394863184,0.9522474449641614,1.5371197515418604,7.45358816174875,1.3189722956829075,2.02416417006889,1.1716271454,1.3598253563999998,5612.7749689486645,10.81245866025551
2013-01-31,0.38699861505606276,6.051631719127643,1.0089790986466474,1.9213225504452007,1.9933828556101552,1.6291706954228407,1.1741127857380647,1.0818532914332617,1.817195725114567,2.632133718289318,1.0485741538216853,1.1002338213663123,1.5453935971725816,1.5359981420050288,1.0165822230583297,0.9057381966,1.40317477752,5613.460751875464,0.6948726176332611
2013-02-28,0.5768888843765962,5.463052509869077,0.5382909305761558,0.9696685706869447,1.2214906908439949,1.2481908072844168,0.7636512385764102,1.511182692412637,2.863416550402645,3.9684009422701014,1.4523759261463032,1.31988623673344,0.9482584475935845,2.2230524695930254,0.793804417641677,0.9022055098799999,1.41172032696,5613.782916646829,-0.22627257004260137
2013-03-31,2.968936592885962,4.584479282229008,1.4801802764918994,2.5236616980629605,2.4232128390671694,2.257506098028023,1.608240695553034,2.090400333045358,5.023435099938089,6.610847935777221,2.1131434538208564,2.046354136477616,2.058560321440617,3.5768361918118288,0.9177422505246722,3.91087292148,1.5464693826,5613.786876632112,-0.7986457764405088
2013-04-30,1.1898338985783217,3.3882949896946957,0.7177891293142924,1.048352859295292,1.120451424158301,1.0284673173935257,0.8345103551777117,1.810744507191216,7.979911634852644,10.748786220626405,2.5407373088671683,1.930724847986648,0.9499142170678245,5.002180903904817,1.1389655288632319,1.90380607164,1.67453667708,5613.0347517309465,-2.5591563329811264
2013-05-31,0.510706486745851,2.4219708336830745,0.3019284404093,0.5629023883318948,0.49898644588792335,0.2979932980698052,0.3614117980240128,2.1771762272151594,10.582528653321797,14.403128876381642,1.7757459019515465,1.2394254447126087,0.40464447414458726,6.03560102071655,1.4533239621279743,1.12549375992,1.722739842,5611.184389281793,-3.874298866526516
2013-06-30,0.20021657960608624,1.7664562013870684,0.3688653257882095,0.32670308077171417,0.35603358993542916,0.2812167408992829,0.4565791340816473,1.8633132057234576,12.151424777830128,16.66959279915382,1.4483361901680516,0.8123315248730354,0.35787957429525663,6.588999699549698,1.5136201086898178,1.08894204708,1.57675378356,5609.26407876148,-4.804724793302532
2013-07-31,0.011435724559058823,1.3856872818021397,0.007034921182319784,0.080672146492874,0.07877662473198,0.02384523947563718,0.0110312831423495,1.6139126156452641,12.820222831193693,17.40213948997203,1.0198974172516277,0.397556481980135,0.04027204300503209,6.65074576720855,1.6452962026334208,1.01579668308,1.3471081776,5606.800379268872,-5.359123954546108
2013-08-31,0.05996543126186666,1.1597413829852863,0.008286555702581414,0.11972059509363803,0.14375142483117961,0.0358040261520141,0.0122666504422631,1.5834458740948836,10.923583540443277,14.941876729741267,0.48680894636901206,0.31244454037463854,0.06396585044433525,5.6496319262046155,1.278971807380992,0.9626731664399999,1.17236970036,5604.1800745055425,-4.808717627500569
2013-09-30,0.11804568661534118,1.0055243749890008,0.43078447456460234,0.5243846971830837,0.6102106223153195,0.3944687034821052,0.6834037326367264,1.2360617534873604,8.321064044313813,11.677026264443493,0.28903853401606994,0.576713724201964,0.5286504460363675,4.4199808640925395,0.8583240561527807,1.0370964157200002,1.04178610668,5601.786343059003,-3.6672564893317645
2013-10-31,0.04168023768445489,0.8877626845693993,0.07433524837799407,0.5605493824387848,0.48526642902485273,0.26619249687565083,0.10179917142677623,0.7252402373290667,5.483399183946885,8.039027905265353,0.49017897708515545,0.2611672539537569,0.29762854562881175,2.9998027115160433,0.8263956861739009,1.3973404171200001,0.93145502112,5600.562685159435,-3.0033458831692736
2013-11-30,0.2592816571371921,0.9223497274938228,0.9974643279329414,1.4966663935499331,1.6987109949631893,1.4767797134315537,1.2337502621086447,0.8154470070954669,3.1838718320344115,4.864922361524196,0.4388926113108264,1.2558322417081726,1.3806743383972524,2.111793210734615,0.5474218944743424,1.38985936092,0.84812604624,5600.502809900388,-1.265532749690252
2013-12-31,0.07388398132203922,0.9042161456324771,0.34855375769794256,0.6520940198284453,1.190543577261357,1.0021924989071058,0.4277277345152829,0.5718549815685522,2.105163513299792,3.2996065054520978,0.4443855763459115,0.541809507556091,0.7242223176420267,1.392564016844489,0.5053454638848001,1.02509465532,0.7632132830399999,5600.661307162006,-1.0111605642542774
2014-01-31,0.12013944857298822,0.8519463032960503,0.3603518823516112,1.2047461647808735,1.4538852821328627,1.008646274520158,0.4384549517482446,0.6619821795781774,2.938467631248106,4.596038693304486,0.5154412569195094,0.5220223019321224,0.8932169111067501,1.84679041259648,0.4900389295527937,0.6352668696,0.72092095428,5600.983829498422,-0.8840998218675213
2014-02-28,1.0316327057367844,2.8447602044526437,4.301664715764474,5.543827849990661,5.826233221766011,5.4569764139760775,5.438738447000433,1.3320354494343534,3.029175490229507,4.280923200127317,1.1904023229466245,2.3581843587702465,5.3134881296995315,2.43814416430161,0.568013634932429,0.6772039561200001,0.89322824244,5601.2777972473405,1.632665160630542
2014-03-31,1.6258520204067137,2.717563719562341,3.4888760417085782,4.481700575521728,3.676220472806857,2.947694329845474,3.916994061094689,1.8720609852580645,5.389937125788425,7.411817468117663,2.1174010029378776,2.138298666930096,3.7022970961954655,3.785903049806426,0.8147204022233089,0.64677030408,1.08825376524,5601.161605539505,1.642367127029365
2014-04-30,0.6608775973586822,2.2111032669922888,1.4480572143423285,1.9072919185153443,1.438155783127113,1.2592993151055145,1.7491555085903034,1.8565320373211862,7.674450252601946,10.354666229479413,2.3333151453186782,2.050402536689343,1.5603919479361206,4.853873240282113,0.7841451086235648,0.51265649064,1.2883982300399999,5599.926162777803,-2.0547990892336934
2014-05-31,0.23764689946905093,1.6439161911508833,0.10174979342794009,0.41107454019533907,0.3592762450390878,0.22856713144188834,0.13863733381042642,2.1120049987515737,10.98370012337066,15.034222103727974,1.7939025598275062,0.6998045711050793,0.2478610087829364,6.124726871356558,1.108076927314637,0.81782684352,1.3024253646,5597.034494327221,-4.795808938028528
2014-06-30,0.08838833854745097,1.2728539588306826,0.0007118371456670157,0.16953955258792178,0.12334135196340212,0.04323261726841526,0.0011954449570764705,1.672492010781917,12.604241747448595,17.448892664836833,1.317979713880288,0.3971386993664001,0.06760416078449652,6.688148967262808,1.248494229847757,1.1861785089599999,1.12000477392,5594.261892494324,-5.916357924042903
2014-07-31,0.006981963342305883,1.0515946723219578,0.013588464175215908,0.06790563475038303,0.060559062133299674,0.03880558434477783,0.017997153294606723,1.2303110768635985,12.400472357171424,16.9427591680488,0.7917722839291277,0.23185005748585416,0.039771179739656624,6.31943298869976,1.2497365743998978,0.7793373336,1.0075545697200001,5590.910141186038,-5.468571114109174
2014-08-31,0.08234760958996076,0.9072690934402512,0.04779380432565717,0.13425422876776658,0.23274747657464645,0.08042741836803677,0.0941002425812962,1.445984124831222,10.840987648781018,14.767525875763504,0.41393766561288436,0.25342608337257416,0.11786463412348065,5.54437227967224,1.0874074348136449,0.50661983952,0.9420900856799999,5587.511549674081,-4.553582377743446
2014-09-30,0.18518255222462743,0.8055125199293742,0.47827725300015445,0.5480723322753112,0.6395338002087115,0.5949599344258854,0.6809161915632379,1.065462656175887,8.526092998234233,11.966153341469973,0.33247326931470395,0.8118833198585979,0.5883519022946601,4.5404131170106785,0.8081780497873922,0.7268527596,0.8729411968799999,5584.602994794774,-3.5146479099931214
2014-10-31,0.22264036548367055,0.7374776980259138,0.39257203505565014,1.0950092423924471,1.2878357054891385,0.98621303490687,0.6911957400613427,0.7056646743549992,6.094922971554998,9.001967752758219,0.34772696402568837,1.206329584640803,0.8905651515810897,3.471322389466941,0.6498213839124479,0.76484517708,0.7986955687199999,5583.849052356746,-2.330860215506273
2014-11-30,0.32046044826603926,1.024482720831448,2.161767570668467,2.807093708920094,2.7437519289323484,2.4348068260617755,2.6448413543140195,0.9673718739341554,2.61461500449699,3.790572784011907,0.6024990400689852,1.4491770965847344,2.558452277779341,1.8848471598193544,0.5962481712304128,0.70252976748,0.7625336355600001,5583.998296019391,0.6369408803309042
2014-12-31,6.7208794559708895,6.1308234377842465,8.326290804866561,8.660242125925917,8.091424084994117,7.533068753192407,9.839311155570812,1.0583411147591282,1.5233738826926648,2.1625202343878955,1.071266588236089,1.9559855173262561,8.490067384909963,1.5542974674804069,1.2631609123301375,0.645788454,0.9890375679600001,5585.313983749596,8.941177182377785
2015-01-31,0.24378575044768636,5.504059163169331,0.18216698510733415,0.9459708890034819,1.4037296479653611,0.9098121066179355,0.2378613612526923,1.237076990695705,1.9004359684135865,2.6718586970317304,0.8864530032919649,0.9281945921487813,0.7359081979893609,1.5248038503163535,0.5540003338401791,0.6352668696,0.99518769924,5585.826106591265,-0.0057622943042114905
2015-02-28,2.5508975774097564,5.47715925140219,2.7888956121661894,2.943464044336639,3.139701131059158,3.212692933857069,3.3597896109520047,1.9018040487678998,2.99887382875594,4.09375256015679,1.660776391892145,2.0690603384976565,3.088908666474212,2.5448534336140867,0.8216030972233728,0.6772039561200001,1.18408035948,5586.398890253781,3.077359202900395
2015-03-31,0.46011731190161576,4.1124061837026895,0.35663711974717505,1.410700930029818,1.4184156858054107,0.9742655640095046,0.47184329254626184,2.1519241033430845,5.746801834330185,7.742199360129322,2.1176753413684835,1.813968951014902,0.9263725184276339,3.9145139180371955,0.531060520831488,0.64677030408,1.20059295624,5585.864613673876,-1.2954934000169576
2015-04-30,0.6539396988606747,3.3945401822774217,1.32189805086394,1.771128682099882,2.0025578640919526,1.5850654895783465,1.517896209386211,1.6671052803730575,7.636640304931609,10.229596952714095,2.19754400595615,2.789282894321945,1.6397092592040665,4.904033887659372,0.5824060812131329,0.51265649064,1.22992264368,5584.872173828218,-1.8520990250362297
2015-05-31,0.4187780265301334,2.5136686221617195,0.4053462124204519,0.6198814716462292,0.6227476647647894,0.47246670591179013,0.4630427045286827,2.2441576660453904,9.046343047119338,11.713314258561367,1.6734305923084456,1.2906806768270558,0.5166969518543887,5.193585248172319,0.8482391904844799,0.81782684352,1.1853557778000001,5582.187621277371,-3.3022594968276144
2015-06-30,0.5146724951742745,1.8071879738813743,0.12329688350519867,0.25156416837767837,0.2947745553466734,0.12742832550335184,0.07204660843954983,1.6195151375721413,12.060042620063209,16.308756725128955,1.4902892562975434,0.8709507033903185,0.1738221082344904,6.469910888490434,0.9333678667143168,1.1861785089599999,1.0269966814799998,5579.337680511881,-5.1693871827270055
2015-07-31,0.07512913989069803,1.4163077024707764,0.26053112192110484,0.12675391032801314,0.47064330843100555,0.23034388351726517,0.1758320636068146,1.8376389174019014,11.636419733137128,15.421110587858898,0.9036857763607578,0.47892464953986513,0.25282085756084066,6.0555559328597095,1.0090505749625855,0.7793373336,0.7931301069600001,5576.011357719532,-4.873145848114988
2015-08-31,0.009605393311623531,1.1829379662265729,0.007798816286513815,0.11360345195296687,0.14331244027182483,0.03775576373679508,0.007452692728637989,1.2892052736293147,11.146089955679557,15.364996630712833,0.4734229197050137,0.2820229331425883,0.06198463299534771,5.711147542573861,0.9198969949937664,0.50661983952,0.6483466915199999,5572.660959184351,-4.848127209108919
2015-09-30,0.03419397063378824,1.024430584739639,0.12748117439961107,0.37185412319841216,0.3126909221393789,0.18582305012298597,0.2503751459755077,0.94242371535611,8.504103598822907,12.104183386157947,0.30069007561076727,0.3855144571899985,0.24964488316717914,4.447383046627546,0.7008338191159298,0.7268527596,0.61353418548,5569.776506675409,-3.996243245783714
