Year,Mo,Date,SAC,YOLO,CSMR,MOKE,MISC,SJR,EAST,TOT,CCC,SWP,CVP,NBAQ,EXPORTS,GCD,PREC,MISDV,CD,XGEO,WEST,RIO,OUT,EXPIN,DIVER,EFFEC,EFFDIV,X2
2008,10,01OCT2008,8410,355,3,95,137,857,1092,9857,106,589,4320,115,5130,2100,0,0,2100,4560,-842,3617,2628,0.49,73,9000,71,88.65,
2008,10,02OCT2008,7650,389,4,87,138,898,1127,9166,134,598,3989,107,4828,2050,0,0,2050,4450,-583,3015,2288,0.49,75,8268,72,88.94,
2008,10,03OCT2008,7780,379,4,85,105,924,1118,9277,127,595,3851,101,4674,2017,0,0,2017,4390,-477,3204,2585,0.48,72,8353,69,89.13,
2008,10,04OCT2008,7730,323,5,85,82,947,1119,9172,114,594,3849,109,4666,2040,917,0,1123,4270,-7,3469,3383,0.48,63,8225,59,89.14,
2008,10,05OCT2008,8580,296,6,85,70,1140,1301,10177,124,585,3847,92,4648,1990,917,0,1073,4140,95,4436,4456,0.43,56,9037,51,88.97,
2008,10,06OCT2008,8660,272,14,85,71,1150,1320,10252,124,598,3848,90,4660,1950,917,0,1033,3930,-81,4713,4559,0.43,56,9102,50,88.8,
2008,10,07OCT2008,8760,263,26,85,71,1080,1262,10285,124,591,3828,87,4630,1944,917,0,1028,3980,-56,4755,4627,0.43,55,9205,50,88.63,
2008,10,08OCT2008,8510,271,19,85,73,1100,1277,10058,122,597,4319,87,5125,1925,917,0,1008,4210,-293,4289,3925,0.49,61,8958,56,88.57,
2008,10,09OCT2008,8700,292,17,84,73,1130,1304,10296,123,597,4337,85,5142,1950,0,0,1950,4370,-735,4076,3204,0.48,69,9166,65,88.64,
2008,10,10OCT2008,8520,295,14,85,49,1250,1398,10213,132,582,4315,98,5127,1850,0,0,1850,4290,-641,4007,3236,0.47,68,8963,64,88.71,
2008,10,11OCT2008,8290,303,13,86,27,1450,1576,10169,125,595,4303,100,5123,1900,0,0,1900,4170,-612,3891,3146,0.48,69,8719,64,88.79,
2008,10,12OCT2008,7990,301,12,88,28,1600,1728,10019,123,595,3988,99,4805,1875,0,0,1875,4200,-96,3566,3339,0.45,67,8419,60,88.82,
2008,10,13OCT2008,7800,283,12,89,28,1600,1729,9812,124,594,3283,98,4099,1900,0,0,1900,4250,645,3301,3813,0.4,61,8212,54,88.77,
2008,10,14OCT2008,7810,297,12,89,30,1540,1671,9778,132,594,3514,85,4325,1850,0,0,1850,4350,494,3239,3603,0.42,63,8238,56,88.76,
2008,10,15OCT2008,7600,97,12,89,37,1490,1628,9325,126,595,3546,28,4295,1820,0,0,1820,4320,470,2867,3210,0.44,66,7835,59,88.83,
2008,10,16OCT2008,7090,28,13,88,39,1440,1580,8698,132,596,3636,45,4409,1850,0,0,1850,4150,119,2450,2439,0.49,72,7258,66,89.06,
2008,10,17OCT2008,6950,91,13,87,38,1350,1488,8529,141,591,4270,87,5089,1819,0,0,1819,4050,-733,2482,1621,0.57,81,7179,77,89.55,
2008,10,18OCT2008,6600,28,14,86,38,1290,1428,8056,149,592,4278,107,5126,1800,0,0,1800,3940,-928,2184,1130,0.6,86,6766,83,90.25,
2008,10,19OCT2008,7090,28,13,85,36,1250,1384,8502,160,588,3853,106,4707,1800,0,0,1800,3890,-603,2724,1995,0.52,77,7252,72,90.54,
2008,10,20OCT2008,7700,87,13,85,31,1240,1369,9156,167,594,3684,87,4532,1800,0,0,1800,3950,-383,3333,2824,0.47,69,7916,64,90.59,
2008,10,21OCT2008,8090,177,13,85,30,1240,1368,9635,163,586,3679,99,4527,1766,0,0,1766,3910,-397,3863,3342,0.44,65,8395,60,90.52,
2008,10,22OCT2008,7860,135,13,86,31,1220,1350,9345,161,591,3646,102,4500,1793,0,0,1793,3910,-406,3583,3052,0.45,67,8125,62,90.52,
2008,10,23OCT2008,7540,27,13,87,32,1240,1372,8939,183,599,3678,104,4564,1735,0,0,1735,4030,-290,3051,2640,0.48,70,7699,66,90.62,
2008,10,24OCT2008,7420,83,13,84,33,1190,1320,8823,183,390,3676,102,4351,1717,0,0,1717,4080,-67,2942,2755,0.46,69,7633,64,90.68,
2008,10,25OCT2008,7250,81,14,85,33,1210,1342,8673,185,389,3677,106,4357,1750,0,0,1750,4050,-102,2791,2566,0.47,70,7463,66,90.78,
2008,10,26OCT2008,7010,39,13,85,34,1250,1382,8431,184,391,3700,92,4367,1750,0,0,1750,3970,-152,2589,2314,0.49,73,7181,68,90.94,
2008,10,27OCT2008,6810,41,14,85,34,1280,1413,8264,146,393,3668,91,4298,1750,0,0,1750,3940,-82,2421,2216,0.49,73,6984,68,91.13,
2008,10,28OCT2008,7430,43,13,89,44,1240,1386,8859,112,399,3514,104,4129,1713,0,0,1713,4020,164,2973,3017,0.44,66,7619,60,91.1,
2008,10,29OCT2008,7480,74,13,92,64,1230,1399,8953,113,395,3442,102,4052,1677,0,0,1677,4150,407,2934,3224,0.43,64,7723,58,91.03,
2008,10,30OCT2008,7600,108,13,137,51,1220,1421,9129,112,392,3553,104,4161,1691,1834,0,-143,4210,1563,3538,5111,0.43,44,7909,35,90.67,
2008,10,31OCT2008,8080,77,14,160,52,1230,1456,9613,112,391,3101,90,3694,1690,2292,0,-602,4350,2504,3976,6521,0.36,32,8383,22,90.17,
2008,11,01NOV2008,9660,59,17,177,54,1210,1458,11177,112,397,2882,77,3468,1700,7106,0,-5406,5090,6594,6143,13115,0.29,-17,11201,-17,89.25,
2008,11,02NOV2008,12500,58,40,205,58,1200,1503,14061,117,398,3011,79,3605,1700,7565,0,-5865,5750,7460,8450,16321,0.24,-16,14161,-15,88.24,
2008,11,03NOV2008,12300,52,124,351,63,1200,1738,14090,112,391,2870,82,3455,1700,8482,0,-6782,5950,8641,8301,17417,0.23,-24,14327,-22,87.24,
2008,11,04NOV2008,14100,53,98,406,65,1220,1789,15942,103,1998,3542,85,5728,1691,6648,0,-4956,5790,5073,9751,15170,0.35,5,14722,-3,86.38,
2008,11,05NOV2008,14000,53,66,430,65,1240,1801,15854,98,1988,3788,87,5961,1700,6189,0,-4489,5660,4418,9650,14382,0.36,9,14614,2,85.61,
2008,11,06NOV2008,13400,53,54,303,66,1240,1663,15116,98,2989,3764,83,6934,1688,1375,0,313,5770,296,7595,7869,0.45,48,13876,43,85.27,
2008,11,07NOV2008,12700,60,37,198,67,1290,1592,14352,98,2991,4235,78,7402,1700,917,0,783,5820,-499,6721,6167,0.5,57,13062,53,85.1,
2008,11,08NOV2008,11300,59,30,189,66,1250,1535,12894,89,2989,4265,77,7420,1650,0,0,1650,5700,-1257,5197,3824,0.56,70,11644,67,85.25,
2008,11,09NOV2008,11000,53,29,186,62,1180,1457,12510,74,2496,4261,74,6905,1700,0,0,1700,5410,-1143,5167,3905,0.54,69,11330,66,85.38,
2008,11,10NOV2008,10800,53,32,184,58,1130,1404,12257,82,1994,4252,80,6408,1650,0,0,1650,4740,-1336,5651,4199,0.51,66,11127,62,85.46,
2008,11,11NOV2008,10400,53,37,183,59,1120,1399,11852,87,1996,4221,76,6380,1650,0,0,1650,4906,-1147,5085,3822,0.52,68,10732,64,85.59,
2008,11,12NOV2008,9960,53,34,178,59,1120,1391,11404,78,2681,4191,81,7031,1650,0,0,1650,3961,-2751,5590,2723,0.6,76,10284,74,85.94,
2008,11,13NOV2008,9730,65,30,172,61,1110,1373,11168,80,2992,3827,87,6986,1638,0,0,1638,3033,-3645,6303,2544,0.61,77,10058,75,86.31,
2008,11,14NOV2008,9420,73,28,171,65,1100,1364,10857,76,2989,3646,87,6798,1650,0,0,1650,2976,-3531,6055,2409,0.61,78,9757,75,86.69,
2008,11,15NOV2008,9370,73,26,169,65,1100,1360,10803,77,2994,3651,88,6810,1700,0,0,1700,2967,-3588,6000,2293,0.62,79,9703,76,87.09,
2008,11,16NOV2008,9320,73,25,170,65,1110,1370,10763,76,2988,3655,84,6803,1700,0,0,1700,2957,-3581,5960,2260,0.62,79,9653,77,87.47,
2008,11,17NOV2008,9270,66,25,173,57,1100,1355,10691,74,2991,2996,81,6142,1683,0,0,1683,2948,-2933,5917,2866,0.56,73,9591,70,87.68,
2008,11,18NOV2008,8900,63,24,172,34,1080,1310,10273,88,2989,2729,92,5898,1700,0,0,1700,2880,-2813,5607,2675,0.56,74,9193,71,87.92,
2008,11,19NOV2008,8430,63,24,171,33,1050,1278,9771,90,1990,2743,101,4924,1700,0,0,1700,2793,-1958,5224,3147,0.48,68,8721,64,88.04,
2008,11,20NOV2008,8800,63,23,172,33,1040,1268,10131,98,1996,2748,102,4944,1750,0,0,1750,2861,-1952,5512,3437,0.47,66,9091,62,88.1,
2008,11,21NOV2008,8410,63,23,171,32,1040,1266,9739,83,1997,2741,104,4925,1728,0,0,1728,2789,-1993,5200,3086,0.48,68,8699,65,88.23,
2008,11,22NOV2008,7970,63,22,172,25,1060,1279,9312,81,1991,2739,79,4890,1750,0,0,1750,2708,-2041,4835,2672,0.51,71,8252,68,88.44,
2008,11,23NOV2008,7760,56,22,170,26,1080,1298,9114,76,1419,2732,80,4307,1750,0,0,1750,2669,-1477,4657,3057,0.46,66,8034,62,88.55,
2008,11,24NOV2008,7160,54,22,172,25,1110,1329,8543,81,1991,2094,86,4252,1750,0,0,1750,2558,-1502,4166,2541,0.48,70,7433,66,88.78,
2008,11,25NOV2008,7570,67,22,171,24,1130,1347,8984,77,1498,1809,78,3462,1800,0,0,1800,2634,-651,4499,3722,0.37,59,7854,53,88.75,
2008,11,26NOV2008,7320,68,22,177,25,1150,1374,8762,68,1491,1462,82,3103,1800,1375,0,425,3424,1419,3845,5234,0.34,40,7612,31,88.5,
2008,11,27NOV2008,7490,68,22,174,26,1170,1392,8950,58,1496,1036,68,2658,1850,1375,0,475,4285,2710,3141,5817,0.28,35,7780,25,88.19,
2008,11,28NOV2008,7910,68,23,172,26,1140,1361,9339,55,1491,1034,54,2634,1900,1375,0,525,3950,2336,3881,6180,0.27,34,8199,25,87.86,
2008,11,29NOV2008,7640,68,26,172,26,1110,1334,9042,55,1494,1034,53,2636,1900,1375,0,525,3970,2327,3591,5881,0.28,35,7932,26,87.58,
2008,11,30NOV2008,7600,67,25,172,26,1120,1343,9010,55,1496,1032,55,2638,1950,1375,0,575,3960,2291,3546,5797,0.28,36,7890,27,87.33,
2008,12,01DEC2008,7350,101,24,172,27,1120,1343,8794,45,1490,1030,65,2630,2000,0,0,2000,3910,1323,2981,4164,0.29,53,7674,46,87.31,
2008,12,02DEC2008,7890,115,24,171,28,1110,1333,9338,47,1494,1014,76,2631,2000,0,0,2000,3920,1322,3525,4707,0.27,50,8228,43,87.2,
2008,12,03DEC2008,7990,123,23,172,27,1110,1332,9445,49,1491,1643,67,3250,2000,0,0,2000,3980,762,3573,4195,0.33,56,8335,50,87.18,
2008,12,04DEC2008,7800,133,23,171,27,1110,1331,9264,51,1495,1907,48,3501,2050,0,0,2050,4000,498,3359,3713,0.37,60,8154,54,87.24,
2008,12,05DEC2008,8240,131,22,167,28,1090,1307,9678,58,1491,1895,43,3487,2100,0,0,2100,4020,475,3763,4091,0.35,58,8588,52,87.23,
2008,12,06DEC2008,8130,110,22,165,28,1080,1295,9535,44,997,1879,43,2963,2100,0,0,2100,4010,977,3642,4472,0.3,53,8455,47,87.16,
2008,12,07DEC2008,7800,85,22,165,28,1090,1305,9190,42,988,1870,47,2947,2150,0,0,2150,4020,981,3263,4093,0.31,55,8100,49,87.16,
2008,12,08DEC2008,7690,93,22,167,29,1080,1298,9081,41,998,1855,45,2939,2150,229,0,1921,4010,1120,3235,4221,0.31,54,8001,47,87.13,
2008,12,09DEC2008,7580,85,22,168,29,1070,1289,8954,45,998,1862,47,2952,2150,229,0,1921,4030,1118,3097,4081,0.32,54,7884,48,87.13,
2008,12,10DEC2008,7400,80,22,168,26,1070,1286,8766,71,993,1889,50,3003,2200,229,0,1971,4020,1022,2908,3792,0.33,57,7696,51,87.18,
2008,12,11DEC2008,7200,80,22,169,22,1070,1283,8563,58,995,1916,44,3013,2200,229,0,1971,4030,1019,2698,3579,0.34,58,7493,52,87.26,
2008,12,12DEC2008,6880,80,22,172,23,1080,1297,8257,56,995,1915,46,3012,2200,229,0,1971,4106,1110,2302,3274,0.35,60,7177,54,87.39,
2008,12,13DEC2008,7230,80,22,169,26,1070,1287,8597,56,1199,1291,46,2592,2200,0,0,2200,3377,642,3317,3805,0.29,56,7527,49,87.42,
2008,12,14DEC2008,7530,80,23,176,27,1060,1286,8896,56,1191,1030,39,2316,2200,2063,0,137,2584,1465,4988,6443,0.25,28,7836,18,87.11,
2008,12,15DEC2008,7630,75,25,186,28,1080,1319,9024,56,1191,1027,44,2318,2200,2980,0,-780,2602,2110,5321,7486,0.25,17,7944,6,86.72,
2008,12,16DEC2008,8920,83,29,177,28,1090,1324,10327,56,1192,1028,48,2324,2200,4126,0,-1926,2837,3089,6706,9929,0.21,4,9237,-7,86.16,
2008,12,17DEC2008,8130,85,32,172,28,1100,1332,9547,56,1185,1030,48,2319,2200,4126,0,-1926,2693,2958,6061,9154,0.23,4,8447,-8,85.69,
2008,12,18DEC2008,8450,85,31,172,28,1110,1341,9876,56,1191,1027,49,2323,2150,4126,0,-1976,2751,3054,6337,9529,0.22,4,8766,-9,85.22,
2008,12,19DEC2008,8610,79,28,172,28,1120,1348,10037,60,1192,1026,47,2325,2150,2751,0,-601,2780,2194,6077,8313,0.22,17,8917,7,84.87,
2008,12,20DEC2008,8800,75,29,172,27,1140,1368,10243,62,1490,1029,41,2622,2150,1834,0,316,2815,1355,5972,7305,0.25,29,9103,20,84.61,
2008,12,21DEC2008,8610,68,41,178,27,1170,1416,10094,64,1493,1022,43,2622,2100,2292,0,-192,2780,1699,5951,7664,0.25,24,8924,14,84.34,
2008,12,22DEC2008,8320,65,57,189,28,1200,1474,9859,57,1493,1039,43,2632,2100,2751,0,-651,2728,1993,5840,7878,0.26,20,8659,9,84.07,
2008,12,23DEC2008,9090,65,128,174,28,1250,1580,10735,57,1487,1031,43,2618,2050,2751,0,-701,2038,1455,7313,8818,0.23,18,9485,7,83.74,
2008,12,24DEC2008,9100,65,100,179,28,1230,1537,10702,56,1489,1031,47,2623,2050,3209,0,-1159,2039,1707,7450,9238,0.24,14,9472,2,83.4,
2008,12,25DEC2008,9200,65,91,201,28,1220,1540,10805,55,1491,1041,44,2631,2000,5502,0,-3502,2053,3238,8193,11676,0.23,-8,10537,-11,82.92,
2008,12,26DEC2008,11800,76,217,178,27,1250,1672,13548,55,1241,1036,41,2373,2000,3897,0,-1897,2398,2930,10009,13072,0.17,4,12298,-6,82.4,
2008,12,27DEC2008,13700,80,113,173,27,1210,1523,15303,55,1466,1031,38,2590,1950,3438,0,-1488,2651,2552,11546,14201,0.16,7,14093,-1,81.86,
2008,12,28DEC2008,14100,80,76,172,27,1170,1445,15625,55,1492,1030,42,2619,1950,3438,0,-1488,2704,2498,11892,14494,0.16,7,14455,0,81.33,
2008,12,29DEC2008,12100,80,60,172,27,1150,1409,13589,55,1984,1032,45,3116,1900,2292,0,-392,2438,986,9852,10865,0.22,20,12439,13,81.01,
2008,12,30DEC2008,11100,78,51,172,27,1140,1390,12568,55,2006,1738,46,3845,1850,0,0,1850,2305,-1352,8355,6873,0.3,45,11428,40,81.01,
2008,12,31DEC2008,10700,77,47,172,27,1130,1376,12153,60,2520,2336,46,4962,1800,0,0,1800,2252,-2504,8021,5391,0.4,56,11023,51,81.17,
2009,1,01JAN2009,10500,67,46,172,27,1120,1365,11932,55,2995,2830,54,5934,1700,0,0,1700,2226,-3448,7865,4298,0.49,64,10812,60,81.46,
2009,1,02JAN2009,9470,67,44,172,28,1110,1354,10891,55,2991,2839,53,5938,1650,458,0,1192,2089,-3270,7115,3761,0.54,65,9781,62,81.82,
2009,1,03JAN2009,9930,64,51,173,28,1090,1342,11336,55,2995,2865,49,5964,1600,458,0,1142,2150,-3214,7525,4230,0.52,63,10246,59,82.09,
2009,1,04JAN2009,9590,61,112,172,28,1090,1402,11053,55,2495,2840,50,5440,1550,458,0,1092,2104,-2643,7241,4521,0.48,59,9963,55,82.3,
2009,1,05JAN2009,9490,60,87,174,29,1080,1370,10920,55,2299,2860,54,5268,1500,688,0,812,2091,-2335,7231,4840,0.47,56,9840,51,82.45,
2009,1,06JAN2009,9170,60,70,174,29,1070,1343,10573,55,2493,2842,56,5446,1450,688,0,762,2049,-2550,6968,4365,0.5,59,9503,54,82.67,
2009,1,07JAN2009,8660,60,63,173,30,1070,1336,10056,55,2493,2864,56,5468,1450,229,0,1221,1981,-2945,6397,3367,0.53,67,8986,63,83.03,
2009,1,08JAN2009,8140,60,56,174,33,1060,1323,9523,55,2496,2877,54,5482,1450,229,0,1221,1912,-3041,5947,2820,0.56,70,8463,67,83.5,
2009,1,09JAN2009,8440,60,53,173,34,1050,1310,9810,67,2492,2197,58,4814,1350,229,0,1121,1952,-2281,6235,3875,0.48,60,8760,56,83.73,
2009,1,10JAN2009,8390,56,52,172,34,1040,1298,9744,66,1989,1926,55,4036,1300,0,0,1300,1945,-1638,6137,4408,0.4,55,8704,49,83.86,
2009,1,11JAN2009,8090,62,50,173,32,1030,1285,9437,62,1986,1924,54,4026,1300,0,0,1300,1905,-1681,5883,4111,0.41,56,8407,51,84.04,
2009,1,12JAN2009,8290,65,49,173,30,1030,1282,9637,71,1989,1915,58,4033,1250,0,0,1250,1932,-1632,6073,4354,0.41,55,8607,49,84.16,
2009,1,13JAN2009,8290,65,47,173,30,1020,1270,9625,68,2246,1920,59,4293,1250,0,0,1250,1932,-1904,6073,4082,0.43,58,8605,53,84.33,
2009,1,14JAN2009,8010,60,47,173,32,1020,1272,9342,79,2245,1915,60,4299,1200,0,0,1200,1894,-1913,5840,3843,0.45,59,8322,54,84.52,
2009,1,15JAN2009,7990,60,50,173,38,1020,1281,9331,86,2454,1918,64,4522,1200,0,0,1200,1892,-2129,5822,3609,0.47,61,8311,57,84.74,
2009,1,16JAN2009,8250,63,52,171,38,1010,1271,9584,74,2491,1906,82,4553,1150,0,0,1150,1926,-2103,6065,3881,0.46,60,8574,55,84.9,
2009,1,17JAN2009,8020,65,53,163,37,1010,1263,9348,82,2493,1911,70,4556,1150,0,0,1150,1896,-2145,5867,3642,0.47,61,8338,56,85.1,
2009,1,18JAN2009,8000,68,53,164,37,1020,1274,9342,69,2494,1905,72,4540,1100,0,0,1100,1893,-2088,5867,3702,0.47,60,8322,56,85.27,
2009,1,19JAN2009,7630,57,54,166,37,1010,1267,8954,83,2499,1910,73,4565,1100,0,0,1100,1844,-2169,5535,3289,0.49,63,7944,59,85.51,
2009,1,20JAN2009,7170,52,53,165,44,1000,1262,8484,82,2494,1931,74,4581,1100,0,0,1100,1783,-2251,5131,2803,0.52,67,7484,63,85.84,
2009,1,21JAN2009,6800,55,52,165,51,994,1262,8117,79,1995,1287,71,3432,1050,1146,0,-96,1733,-374,5149,4781,0.4,41,7123,33,85.81,
2009,1,22JAN2009,8000,69,66,216,50,1030,1362,9431,77,2493,1014,45,3629,1050,5960,0,-4910,1893,2817,7551,10712,0.37,-14,8401,-28,85.26,
2009,1,23JAN2009,8440,77,223,201,50,1090,1564,10081,70,2493,1016,22,3601,1000,8023,0,-7023,1952,4480,8532,13503,0.35,-34,10426,-30,84.59,
2009,1,24JAN2009,8420,81,745,209,46,1150,2150,10651,70,2490,1662,10,4232,1000,8252,0,-7252,1949,4581,8583,13671,0.39,-28,9501,-44,83.94,
2009,1,25JAN2009,9040,81,760,185,40,1190,2175,11296,78,2490,1953,37,4558,1000,8252,0,-7252,2031,4362,9120,13990,0.39,-24,10106,-38,83.32,
2009,1,26JAN2009,10400,72,473,179,40,1270,1962,12434,77,2498,1935,29,4539,1000,7106,0,-6106,2212,3604,9970,14001,0.36,-13,11164,-25,82.73,
2009,1,27JAN2009,13300,66,304,175,43,1350,1872,15238,87,2490,1935,31,4543,950,2292,0,-1342,2598,799,11144,12037,0.29,21,13888,13,82.28,
2009,1,28JAN2009,13500,83,223,175,44,1380,1822,15405,74,2494,2485,37,5090,950,229,0,721,2625,-1112,10757,9594,0.32,38,14025,32,81.99,
2009,1,29JAN2009,12500,77,187,169,45,1340,1741,14318,81,2489,2706,38,5314,950,0,0,950,2492,-1699,9819,8054,0.36,44,12978,38,81.83,
2009,1,30JAN2009,11100,60,162,168,46,1280,1656,12816,91,1492,1914,53,3550,950,0,0,950,2305,-206,8589,8316,0.27,35,11536,28,81.66,
2009,1,31JAN2009,10400,55,144,170,46,1230,1590,12045,64,993,1006,53,2116,900,0,0,900,2212,1101,7991,9029,0.17,25,10815,17,81.45,
2009,2,01FEB2009,10200,56,129,172,46,1190,1537,11793,61,996,1007,44,2108,900,0,0,900,2186,1030,7818,8785,0.17,26,10603,17,81.26,
2009,2,02FEB2009,9770,52,120,188,44,1150,1502,11324,63,998,1003,57,2121,900,0,0,900,2128,924,7442,8303,0.18,27,10174,18,81.13,
2009,2,03FEB2009,9100,51,113,176,43,1140,1472,10623,71,996,1007,22,2096,900,0,0,900,2039,830,6860,7627,0.19,28,9483,20,81.05,
2009,2,04FEB2009,9070,59,108,156,47,1150,1461,10590,77,989,1013,53,2132,900,0,0,900,2035,779,6842,7558,0.19,29,9440,20,80.99,
2009,2,05FEB2009,8910,63,105,164,48,1160,1477,10450,74,999,1015,32,2120,900,917,0,-17,2014,1382,6964,8347,0.19,20,9290,10,80.86,
2009,2,06FEB2009,9130,63,105,176,48,1180,1509,10702,69,990,1013,57,2129,900,2751,0,-1851,2043,2626,7668,10424,0.19,3,9522,-9,80.6,
2009,2,07FEB2009,8950,61,109,181,48,1210,1548,10559,65,994,1015,44,2118,900,2751,0,-1851,2019,2652,7510,10292,0.19,3,9349,-10,80.36,
2009,2,08FEB2009,8230,61,111,174,48,1210,1543,9834,66,991,1013,40,2110,900,3209,0,-2309,1924,2858,7014,10033,0.2,-2,9394,-7,80.15,
2009,2,09FEB2009,8780,61,169,174,44,1240,1627,10468,75,994,1015,42,2126,900,3209,0,-2309,1997,2999,7491,10651,0.19,-2,10008,-6,79.91,
2009,2,10FEB2009,9130,61,177,176,39,1270,1662,10853,52,998,1014,47,2111,850,2980,0,-2130,2043,2979,7744,10872,0.19,0,10347,-5,79.68,
2009,2,11FEB2009,9470,54,131,186,40,1310,1667,11191,55,1990,1740,50,3835,850,2522,0,-1672,2089,1007,7904,9028,0.33,19,9881,9,79.57,
2009,2,12FEB2009,10300,55,174,188,40,1360,1762,12117,74,1990,2042,48,4154,850,2751,0,-1901,2199,1042,8688,9864,0.33,19,10757,8,79.42,
2009,2,13FEB2009,10300,61,319,196,33,1390,1938,12299,67,2456,1614,57,4194,850,6648,0,-5798,2199,3711,9785,13903,0.33,-13,10909,-27,79.05,
2009,2,14FEB2009,11400,49,638,195,22,1440,2295,13744,62,1971,2019,62,4114,850,6877,0,-6027,2345,4444,10791,15657,0.29,-14,12304,-27,78.62,
2009,2,15FEB2009,12200,46,390,182,19,1440,2031,14277,64,1993,2018,66,4141,850,6189,0,-5339,2452,3812,11289,15475,0.28,-8,12837,-21,78.23,
2009,2,16FEB2009,13500,141,409,185,20,1480,2094,15735,102,1991,2030,70,4193,850,6418,0,-5568,2625,4145,12576,17110,0.26,-9,14255,-20,77.79,
2009,2,17FEB2009,20300,246,1440,258,24,1600,3322,23868,61,1991,2029,58,4139,850,13525,0,-12675,3529,10950,20566,32404,0.17,-36,25052,-29,76.96,
2009,2,18FEB2009,32700,122,1390,241,21,1640,3292,36114,80,1997,2034,41,4152,850,9169,0,-8319,5178,9726,29973,40281,0.11,-12,36296,-11,76.04,
2009,2,19FEB2009,35800,1876,621,201,31,1680,2533,40209,79,2497,2592,22,5190,850,8940,0,-8090,5590,8192,34351,43109,0.13,-7,38529,-12,75.13,
2009,2,20FEB2009,36600,2215,394,182,42,1790,2408,41223,91,2994,2821,8,5914,850,8940,0,-8090,5697,7449,35383,43399,0.14,-5,39433,-10,74.26,
2009,2,21FEB2009,33600,2383,293,177,42,1740,2252,38235,96,2740,2837,8,5681,900,7335,0,-6435,5298,6052,32487,38989,0.15,-2,36495,-7,73.51,
2009,2,22FEB2009,28400,2708,298,192,41,1690,2221,33329,90,2748,2809,8,5655,900,2980,0,-2080,4606,2524,27084,29754,0.17,11,31639,6,72.98,
2009,2,23FEB2009,28200,2427,1080,204,43,1640,2967,33594,89,2799,2828,7,5723,900,3438,0,-2538,4580,3474,26758,30409,0.17,9,31954,5,72.46,
2009,2,24FEB2009,36500,2324,1980,195,43,1620,3838,42662,87,2787,2831,5,5710,900,3438,0,-2538,5684,5461,33851,39490,0.13,7,41042,4,71.8,
2009,2,25FEB2009,42700,2537,1330,183,42,1580,3135,48372,91,2797,2836,9,5733,900,3438,0,-2538,6508,5560,39440,45177,0.12,7,46792,3,71.08,
2009,2,26FEB2009,43300,2648,1060,186,40,1580,2866,48814,119,3298,2841,3,6261,900,4126,0,-3226,6588,5290,40263,45779,0.13,6,47234,3,70.4,
2009,2,27FEB2009,41000,2658,941,171,43,1570,2725,46383,126,3291,2840,2,6259,900,1146,0,-246,6282,2908,37445,40370,0.13,13,44813,10,69.84,
2009,2,28FEB2009,35600,2618,764,171,37,1520,2492,40710,114,3088,3312,0,6514,900,688,0,212,5564,1404,32595,33984,0.16,17,39190,13,69.42,
2009,3,01MAR2009,31300,2375,699,182,31,1470,2382,36057,199,3391,3496,0,7086,950,1834,0,-884,4992,862,28931,29855,0.19,17,34587,14,69.11,
2009,3,02MAR2009,29100,1943,2070,208,38,1440,3756,34799,204,2997,3532,0,6733,1000,2751,0,-1751,4699,2860,26834,29817,0.19,14,33359,11,68.82,
2009,3,03MAR2009,35000,1946,5120,197,42,1450,6809,43755,211,2992,3043,0,6246,1000,4355,0,-3355,5484,8228,32402,40864,0.14,7,42305,3,68.33,
2009,3,04MAR2009,44700,2329,5710,229,48,1460,7447,54476,241,2294,2861,0,5396,1000,5043,0,-4043,6774,11453,41387,53123,0.09,2,53016,0,67.71,
2009,3,05MAR2009,47200,2685,2520,222,42,1820,4604,54489,241,2248,2199,0,4688,1050,5043,0,-3993,7107,9618,43896,53794,0.08,1,52669,-2,67.11,
2009,3,06MAR2009,48000,2770,1660,188,42,2360,4250,55020,242,2248,1932,0,4422,1050,3897,0,-2847,7213,8891,44354,53445,0.08,3,52660,-1,66.55,
2009,3,07MAR2009,44000,2663,1260,178,47,2020,3505,50168,242,2245,1932,0,4419,1050,2980,0,-1930,6681,7021,40522,47679,0.08,5,48148,1,66.09,
2009,3,08MAR2009,36900,2480,1030,171,47,1900,3148,42528,232,2325,1847,0,4404,1100,688,0,412,5737,4213,33528,37712,0.1,11,40628,7,65.81,
2009,3,09MAR2009,31100,2170,880,173,38,1800,2891,36161,242,2489,1922,0,4653,1100,0,0,1100,4965,2488,27997,30408,0.12,16,34361,12,65.69,
2009,3,10MAR2009,27400,1622,748,173,20,1680,2621,31643,242,2488,2578,0,5308,1100,0,0,1100,4473,1071,24241,25235,0.16,20,29963,16,65.69,
2009,3,11MAR2009,24100,1218,661,170,16,1580,2427,27745,242,2995,2839,0,6076,1150,0,0,1150,4034,-362,20962,20519,0.21,26,26165,22,65.82,
2009,3,12MAR2009,21300,118,593,172,17,1520,2302,23720,242,2995,3466,0,6703,1150,0,0,1150,3662,-1487,17434,15867,0.27,33,22200,29,66.12,
2009,3,13MAR2009,19400,118,542,173,17,1470,2202,21720,242,3422,3720,0,7384,1200,0,0,1200,3409,-2553,15773,13136,0.33,40,20250,35,66.52,
2009,3,14MAR2009,17400,115,505,174,21,1430,2130,19645,233,3313,4208,0,7754,1250,0,0,1250,3143,-3293,14022,10641,0.38,46,18215,42,67.03,
2009,3,15MAR2009,16800,109,486,175,25,1390,2076,18985,138,3308,4247,0,7693,1250,0,0,1250,3063,-3366,13496,10042,0.4,47,17595,43,67.55,
2009,3,16MAR2009,15700,106,466,131,25,1380,2002,17808,134,3292,4282,15,7723,1300,0,0,1300,2917,-3649,12525,8785,0.43,51,16428,47,68.13,
2009,3,17MAR2009,15300,107,468,103,24,1370,1965,17372,133,3491,4190,5,7819,1350,0,0,1350,2864,-3868,12165,8203,0.44,53,16002,49,68.73,
2009,3,18MAR2009,15300,107,479,133,25,1300,1937,17344,132,3489,4199,3,7823,1350,0,0,1350,2864,-3900,12165,8171,0.44,53,16044,49,69.29,
2009,3,19MAR2009,17300,107,501,103,25,1280,1909,19316,128,3497,3684,0,7309,1400,0,0,1400,3130,-3180,13885,10607,0.37,45,18036,41,69.65,
2009,3,20MAR2009,17000,112,542,94,25,1230,1891,19003,120,3497,3458,4,7079,1400,0,0,1400,3090,-3008,13630,10524,0.37,45,17773,41,70.0,
2009,3,21MAR2009,15300,117,589,98,25,1240,1952,17369,113,3497,2949,1,6560,1450,229,0,1221,2864,-2538,12211,9588,0.37,45,16129,41,70.39,
2009,3,22MAR2009,14800,121,773,115,25,1260,2173,17094,108,3497,2754,4,6363,1500,458,0,1042,2797,-2070,11832,9689,0.37,43,15834,39,70.75,
2009,3,23MAR2009,14900,132,776,108,25,1260,2169,17201,114,2491,2753,2,5360,1442,458,0,983,2811,-1019,11946,10858,0.3,37,15941,32,71.02,
2009,3,24MAR2009,14000,132,653,112,25,1190,1980,16112,114,2477,2144,3,4738,1530,458,0,1071,2691,-763,11141,10303,0.29,36,14922,31,71.3,
2009,3,25MAR2009,13400,136,606,110,25,1140,1881,15417,113,2256,1902,1,4272,1538,458,0,1079,2611,-481,10623,10066,0.27,35,14277,29,71.59,
2009,3,26MAR2009,13200,149,575,128,30,1110,1843,15192,118,2257,1904,3,4282,1572,229,0,1343,2585,-727,10388,9567,0.27,37,14082,32,71.89,
2009,3,27MAR2009,12900,147,564,119,36,1100,1819,14866,113,2249,1907,1,4270,1571,0,0,1571,2545,-927,10062,9025,0.28,39,13766,34,72.22,
2009,3,28MAR2009,12200,166,564,137,54,1100,1855,14221,121,2250,1904,0,4275,1625,0,0,1625,2452,-1025,9459,8321,0.29,41,13121,37,72.58,
2009,3,29MAR2009,12500,171,575,149,64,1090,1878,14549,129,2497,2512,0,5138,1650,0,0,1650,2492,-1841,9717,7761,0.34,47,13459,42,72.96,
2009,3,30MAR2009,12000,206,573,115,61,1130,1879,14085,128,2493,2780,5,5406,1589,0,0,1589,2425,-2135,9336,7090,0.37,50,12955,45,73.38,
2009,3,31MAR2009,11700,233,541,97,64,1120,1822,13755,134,2253,2680,3,5070,1647,0,0,1647,2385,-1933,9087,7038,0.35,49,12635,44,73.78,
2009,4,01APR2009,11600,303,509,156,128,1060,1853,13756,0,2256,2645,5,4906,1685,0,0,1685,2372,-1777,9059,7165,0.35,48,12696,44,74.15,
2009,4,02APR2009,11000,343,498,158,195,1050,1901,13244,0,2254,2642,6,4902,1666,0,0,1666,2292,-1792,8585,6676,0.36,50,12194,45,74.55,
2009,4,03APR2009,11100,359,504,159,206,1070,1939,13398,0,2253,2041,11,4305,1667,0,0,1667,2305,-1144,8687,7426,0.31,45,12328,40,74.85,
2009,4,04APR2009,11300,373,483,159,206,1060,1908,13581,0,2251,1768,10,4029,1750,0,0,1750,2332,-926,8851,7802,0.29,43,12521,38,75.11,
2009,4,05APR2009,12900,420,444,161,200,1080,1885,15205,0,2253,1767,12,4032,1750,0,0,1750,2545,-740,10285,9423,0.26,38,14125,33,75.23,
2009,4,06APR2009,14100,456,415,162,190,1070,1837,16393,0,1125,1128,9,2262,1762,0,0,1762,2704,1134,11358,12369,0.14,25,15323,19,75.16,
2009,4,07APR2009,14300,454,405,201,184,1060,1850,16604,0,1125,869,5,1999,1748,917,0,831,2731,2042,11790,13774,0.12,17,15544,11,75.04,
2009,4,08APR2009,15000,450,491,185,174,1100,1950,17400,0,1122,1330,8,2460,1811,1375,0,436,2824,2031,12504,14504,0.14,17,16300,11,74.88,
2009,4,09APR2009,14800,405,521,191,166,1180,2058,17263,0,1490,1863,7,3360,1780,2063,0,-283,2797,1679,12487,14186,0.19,18,16083,12,74.75,
2009,4,10APR2009,15400,365,568,208,142,1250,2168,17933,0,1992,1863,8,3863,1802,2292,0,-490,2877,1501,13025,14560,0.21,19,16683,13,74.61,
2009,4,11APR2009,15400,348,586,185,113,1280,2164,17912,0,1998,2561,12,4571,1825,2292,0,-468,2877,774,13002,13809,0.25,23,16632,17,74.51,
2009,4,12APR2009,15700,330,500,182,107,1370,2159,18189,0,1996,2776,9,4781,1850,1375,0,475,2917,-13,12980,12933,0.26,29,16819,23,74.45,
2009,4,13APR2009,14700,304,468,168,107,1370,2113,17117,0,1999,2817,11,4827,1791,917,0,874,2784,-498,11975,11416,0.27,33,15747,28,74.49,
2009,4,14APR2009,16000,289,474,165,128,1320,2087,18376,0,1995,2193,10,4198,1856,229,0,1627,2957,-211,12876,12551,0.23,32,17056,26,74.45,
2009,4,15APR2009,15600,290,478,164,133,1300,2075,17965,0,1995,1158,14,3167,1848,0,0,1848,2904,611,12469,12950,0.17,28,16665,22,74.4,
2009,4,16APR2009,15300,277,450,176,133,1300,2059,17636,0,1998,861,12,2871,1853,0,0,1853,2864,848,12194,12912,0.16,27,16336,21,74.36,
2009,4,17APR2009,14900,304,420,172,140,1310,2042,17246,0,688,861,17,1566,1843,0,0,1843,2811,2089,11877,13837,0.09,20,15936,13,74.27,
2009,4,18APR2009,14600,332,409,175,125,1320,2029,16961,0,691,863,22,1576,1850,0,0,1850,2771,2022,11643,13535,0.09,20,15641,13,74.2,
2009,4,19APR2009,13700,340,422,173,106,1570,2271,16311,0,695,862,16,1573,1850,0,0,1850,2651,2147,10871,12888,0.09,21,14741,13,74.17,
2009,4,20APR2009,13400,360,466,163,102,1830,2561,16321,0,692,860,23,1575,1842,0,0,1842,2611,2400,10633,12904,0.09,21,14491,11,74.14,
2009,4,21APR2009,13200,402,529,152,101,1960,2742,16344,0,1092,863,33,1988,1850,0,0,1850,2585,2136,10500,12506,0.12,23,14384,13,74.13,
2009,4,22APR2009,12300,427,570,155,114,1980,2819,15546,0,994,864,34,1892,1832,0,0,1832,2465,2201,9749,11822,0.12,24,13566,13,74.15,
2009,4,23APR2009,11600,428,580,156,128,1910,2774,14802,0,993,982,41,2016,1844,0,0,1844,2372,1932,9140,10942,0.13,26,12892,15,74.23,
2009,4,24APR2009,11700,493,555,156,135,1980,2826,15019,0,491,1028,45,1564,1843,0,0,1843,2385,2449,9292,11612,0.09,23,13039,11,74.26,
2009,4,25APR2009,12200,517,518,156,152,2010,2836,15553,0,491,916,47,1454,1900,0,0,1900,2452,2599,9734,12199,0.09,22,13543,10,74.26,
2009,4,26APR2009,13200,505,441,152,174,2110,2877,16582,0,488,868,45,1401,1900,0,0,1900,2585,2826,10589,13281,0.08,20,14472,8,74.21,
2009,4,27APR2009,12900,518,401,154,143,2170,2868,16286,0,993,866,42,1901,1937,0,0,1937,2545,2252,10331,12448,0.11,24,14116,12,74.2,
2009,4,28APR2009,13400,552,384,159,122,2160,2825,16777,77,839,869,54,1839,1933,0,0,1933,2611,2341,10800,13005,0.1,22,14617,11,74.16,
2009,4,29APR2009,13400,567,394,155,112,2140,2801,16768,172,845,867,70,1954,1922,0,0,1922,2611,2209,10818,12892,0.1,23,14628,12,74.13,
2009,4,30APR2009,13400,560,394,192,107,2110,2803,16763,185,842,865,66,1958,1939,0,0,1939,2611,2196,10806,12866,0.1,23,14653,12,74.1,
2009,5,01MAY2009,13300,539,398,247,97,2180,2922,16761,174,994,934,63,2165,1902,2751,0,-849,2598,3907,11479,15445,0.11,8,15471,0,73.95,
2009,5,02MAY2009,14300,496,1290,256,71,2350,3967,18763,166,997,1030,76,2269,1950,2980,0,-1030,2731,5099,12354,17524,0.11,7,17390,-1,73.74,
2009,5,03MAY2009,14800,441,1730,239,61,2490,4520,19761,156,989,1034,70,2249,2000,3209,0,-1210,2797,5855,12782,18722,0.1,5,18324,-2,73.49,
2009,5,04MAY2009,17000,389,2080,221,55,2490,4846,22235,138,1090,1024,72,2324,2065,3209,0,-1145,3090,6356,14619,21056,0.09,5,20788,-1,73.18,
2009,5,05MAY2009,21400,344,2060,214,52,2440,4766,26510,144,1297,1030,67,2538,2065,3438,0,-1373,3675,6796,18453,25345,0.09,4,25130,-1,72.76,
2009,5,06MAY2009,29400,306,2060,209,67,2420,4756,34462,172,1291,1034,68,2565,2057,688,0,1369,4739,6040,24583,30528,0.07,11,32042,5,72.25,
2009,5,07MAY2009,31200,282,1640,207,96,2400,4343,35825,162,1295,1028,67,2552,2096,458,0,1637,4979,5705,26045,31636,0.06,12,33425,5,71.75,
2009,5,08MAY2009,28400,293,1390,206,126,2390,4112,32805,160,1292,968,70,2490,2084,229,0,1855,4606,5023,23567,28460,0.07,13,30415,6,71.34,
2009,5,09MAY2009,25300,307,1170,191,137,2470,3968,29575,164,1289,983,68,2504,2200,229,0,1971,4194,4377,20861,25100,0.08,15,27105,7,71.03,
2009,5,10MAY2009,22100,311,1000,175,133,2540,3848,26259,164,1291,978,67,2500,2150,0,0,2150,3768,3719,18041,21609,0.08,18,23719,9,70.84,
2009,5,11MAY2009,19400,315,900,163,125,2620,3808,23523,159,1492,978,68,2697,2200,0,0,2200,3409,3090,15690,18626,0.1,21,20903,11,70.75,
2009,5,12MAY2009,18000,346,814,158,135,2640,3747,22093,173,1491,946,75,2685,2193,0,0,2193,3223,2860,14509,17215,0.11,22,19453,12,70.72,
2009,5,13MAY2009,16400,431,719,157,156,2650,3682,20513,173,1489,923,85,2670,2241,0,0,2241,3010,2566,13193,15602,0.11,24,17863,13,70.76,
2009,5,14MAY2009,14900,487,619,156,181,2530,3486,18873,177,789,1826,99,2891,2310,0,0,2310,2811,1904,11929,13672,0.14,28,16343,16,70.88,
2009,5,15MAY2009,14100,502,582,156,216,2400,3354,17956,163,496,1829,104,2592,2289,0,0,2289,2704,1978,11257,13075,0.13,27,15556,16,71.02,
2009,5,16MAY2009,13700,497,563,158,238,2340,3299,17496,163,494,1825,103,2585,2350,0,0,2350,2651,1838,10888,12561,0.13,28,15156,17,71.18,
2009,5,17MAY2009,13800,507,539,158,215,2340,3252,17559,174,495,1828,110,2607,2400,0,0,2400,2664,1750,10971,12552,0.13,29,15219,18,71.33,
2009,5,18MAY2009,13600,523,510,158,185,2300,3153,17276,176,1300,1376,109,2961,2305,0,0,2305,2638,1332,10840,12010,0.15,30,14976,20,71.5,
2009,5,19MAY2009,13800,531,467,158,194,2130,2949,17280,183,1293,910,105,2491,2415,0,0,2415,2664,1552,10990,12374,0.12,28,15150,18,71.64,
2009,5,20MAY2009,13800,531,422,159,200,2030,2811,17142,153,1286,909,81,2429,2463,0,0,2463,2664,1446,10977,12250,0.12,29,15112,19,71.78,
2009,5,21MAY2009,13200,522,384,158,209,1970,2721,16443,158,1286,912,83,2439,2483,0,0,2483,2585,1252,10442,11521,0.13,30,14473,20,71.95,
2009,5,22MAY2009,12400,528,352,160,236,1880,2628,15556,163,1296,908,109,2476,2507,0,0,2507,4506,3029,7720,10573,0.14,32,13676,23,72.17,
2009,5,23MAY2009,12200,569,321,163,218,1820,2522,15291,145,1291,910,116,2462,2600,0,0,2600,6030,4400,6011,10229,0.14,33,13471,24,72.4,
2009,5,24MAY2009,12600,572,295,164,200,1780,2439,15611,136,1281,907,102,2426,2650,0,0,2650,5782,4073,6648,10535,0.14,33,13831,24,72.6,
2009,5,25MAY2009,12900,567,271,165,173,1690,2299,15766,135,1298,909,88,2430,2700,0,0,2700,5870,3984,6841,10636,0.14,33,14076,24,72.78,
2009,5,26MAY2009,12900,563,247,168,155,1650,2220,15683,158,1297,910,103,2468,2700,0,0,2700,3792,1789,8916,10515,0.14,33,14033,25,72.95,
2009,5,27MAY2009,13400,567,226,163,152,1540,2081,16048,167,1295,912,112,2486,2390,0,0,2390,2611,653,10687,11172,0.11,30,14508,23,73.08,
2009,5,28MAY2009,12500,581,209,157,172,1450,1988,15069,225,494,993,111,1823,2749,0,0,2749,2492,870,9820,10497,0.09,30,13619,23,73.24,
2009,5,29MAY2009,12100,629,197,158,189,1390,1934,14663,206,496,1018,113,1833,2859,0,0,2859,4436,2679,7492,9971,0.1,32,13273,25,73.43,
2009,5,30MAY2009,12000,631,197,157,198,1370,1922,14553,220,494,852,107,1673,2900,0,0,2900,5606,3970,6213,9980,0.09,31,13183,24,73.6,
2009,5,31MAY2009,12700,625,179,158,202,1330,1869,15194,214,483,0,104,801,2950,0,0,2950,5811,4962,6688,11443,0.03,25,13864,17,73.68,
2009,6,01JUN2009,12700,619,170,159,196,1370,1895,15214,294,486,1014,101,1895,3000,0,0,3000,3753,1803,8726,10319,0.1,32,13844,25,73.82,
2009,6,02JUN2009,12800,669,159,160,175,1340,1834,15303,300,490,1019,97,1906,3050,0,0,3050,2531,477,10084,10347,0.1,32,13963,26,73.95,
2009,6,03JUN2009,12600,672,151,174,158,1310,1793,15065,310,497,1020,97,1924,3100,0,0,3100,2505,359,9899,10041,0.1,33,13755,27,74.09,
2009,6,04JUN2009,12300,620,146,165,145,1200,1656,14576,305,492,1022,107,1926,2905,229,0,2676,2465,456,9706,9974,0.08,32,13376,25,74.23,
2009,6,05JUN2009,13000,629,142,165,156,1150,1613,15242,324,497,1021,109,1951,3174,229,0,2945,4646,2394,8158,10346,0.09,32,14092,27,74.34,
2009,6,06JUN2009,13100,611,139,176,205,1130,1650,15361,427,494,1015,101,2037,3224,229,0,2995,5928,3594,6944,10329,0.09,33,14231,27,74.44,
2009,6,07JUN2009,13500,539,137,174,168,1190,1669,15708,335,483,1018,96,1932,3274,229,0,3045,6046,3803,7141,10731,0.09,32,14518,26,74.51,
2009,6,08JUN2009,14000,507,132,172,185,1280,1769,16276,335,484,1019,96,1934,3324,229,0,3095,4004,1827,9636,11247,0.09,31,14996,25,74.55,
2009,6,09JUN2009,14000,514,121,169,154,1220,1664,16178,331,496,1019,102,1948,3389,0,0,3389,2691,204,10874,10841,0.09,33,14958,28,74.61,
2009,6,10JUN2009,13900,524,113,162,153,1150,1578,16002,323,483,1027,100,1933,3475,0,0,3475,2678,64,10773,10594,0.09,34,14852,29,74.68,
2009,6,11JUN2009,12800,520,109,160,164,1100,1533,14853,331,499,1031,88,1949,3550,0,0,3550,2531,-192,9795,9354,0.1,37,13753,32,74.83,
2009,6,12JUN2009,12100,538,104,158,176,1010,1448,14086,332,497,1031,95,1955,3600,0,0,3600,4436,1589,7194,8531,0.11,39,13076,35,75.03,
2009,6,13JUN2009,11300,531,100,162,191,1000,1453,13284,332,498,1033,87,1950,3650,0,0,3650,5401,2531,5408,7684,0.12,42,12284,37,75.28,
2009,6,14JUN2009,11000,513,97,164,202,1020,1483,12996,331,493,1026,88,1938,3624,0,0,3624,5313,2502,5185,7434,0.11,43,11976,38,75.55,
2009,6,15JUN2009,10300,527,102,158,190,1020,1470,12297,298,493,1028,88,1907,3626,0,0,3626,3290,496,6522,6764,0.11,45,11277,40,75.86,
2009,6,16JUN2009,10300,546,95,157,170,947,1369,12215,289,497,1011,91,1888,3724,0,0,3724,4017,1078,5786,6603,0.12,46,11268,41,76.16,
2009,6,17JUN2009,9650,549,91,159,174,902,1326,11525,277,494,1354,96,2221,3774,0,0,3774,4917,1569,4225,5530,0.15,52,10623,48,76.57,
2009,6,18JUN2009,9630,565,86,159,195,871,1311,11506,289,489,1682,103,2563,3824,0,0,3824,4780,1042,4344,5119,0.18,56,10635,52,77.0,
2009,6,19JUN2009,9120,605,80,165,210,785,1240,10965,301,594,1691,101,2687,3810,0,0,3810,4990,1066,3668,4468,0.2,59,10180,56,77.5,
2009,6,20JUN2009,10100,602,75,179,228,810,1292,11994,305,240,1695,96,2336,3924,0,0,3924,5210,1615,4393,5734,0.16,52,11184,49,77.81,
2009,6,21JUN2009,10600,600,72,164,209,925,1370,12570,335,593,1698,97,2723,3974,0,0,3974,5280,1344,4807,5873,0.18,53,11645,50,78.08,
2009,6,22JUN2009,10300,563,67,164,169,1000,1400,12263,333,690,1693,105,2821,4055,0,0,4055,5250,1193,4478,5387,0.19,56,11263,52,78.4,
2009,6,23JUN2009,10100,572,65,188,168,1010,1431,12103,349,693,1694,102,2838,4028,0,0,4028,5230,1205,4314,5237,0.19,57,11093,53,78.72,
2009,6,24JUN2009,10800,606,62,156,201,1170,1589,12995,360,870,1698,73,3001,4086,0,0,4086,5450,1382,4812,5908,0.19,55,11825,50,78.94,
2009,6,25JUN2009,11800,660,55,157,206,1240,1658,14118,360,134,1691,93,2278,4136,0,0,4136,5770,2461,5532,7704,0.12,45,12878,40,78.98,
2009,6,26JUN2009,12500,673,51,157,216,1310,1734,14907,363,629,1690,91,2773,4140,0,0,4140,5890,2160,6124,7994,0.15,46,13597,41,78.99,
2009,6,27JUN2009,12300,660,46,154,235,1320,1755,14715,367,671,1682,89,2809,4189,0,0,4189,5860,2083,5927,7717,0.16,48,13395,42,79.03,
2009,6,28JUN2009,12900,634,43,155,215,1120,1533,15067,356,661,1683,96,2796,4189,0,0,4189,6080,2094,6281,8082,0.15,46,13947,42,79.03,
2009,6,29JUN2009,14100,646,41,153,206,1080,1480,16226,385,1931,1683,63,4062,4221,0,0,4221,6460,1134,7104,7943,0.22,51,15146,48,79.04,
2009,6,30JUN2009,15000,659,38,154,211,979,1382,17041,379,2494,1783,52,4708,4229,0,0,4229,6710,635,7765,8104,0.25,52,16062,50,79.04,
2009,7,01JUL2009,16300,678,37,91,197,918,1243,18221,359,4693,2970,76,8098,4242,0,0,4242,7230,-2382,8560,5881,0.42,68,17303,66,79.25,
2009,7,02JUL2009,17400,712,35,57,189,778,1059,19171,383,4997,4052,83,9515,4300,0,0,4300,7620,-3631,9288,5356,0.47,72,18393,71,79.51,
2009,7,03JUL2009,17900,711,34,53,198,688,973,19584,385,5993,4109,85,10572,4350,0,0,4350,7810,-4616,9583,4662,0.52,76,18896,75,79.84,
2009,7,04JUL2009,18000,699,31,61,190,669,951,19650,385,5997,4113,78,10573,4350,0,0,4350,7960,-4489,9521,4727,0.51,76,18981,75,80.15,
2009,7,05JUL2009,18400,685,31,61,194,697,983,20068,386,5994,4120,70,10570,4350,0,0,4350,8100,-4314,9767,5148,0.5,74,19371,73,80.38,
2009,7,06JUL2009,19200,640,29,56,195,741,1021,20861,385,6289,3681,69,10424,4197,0,0,4197,8150,-3981,10515,6240,0.47,70,20120,69,80.47,
2009,7,07JUL2009,19300,610,29,55,183,654,921,20831,381,6678,3468,94,10621,4344,0,0,4344,8230,-4294,10464,5866,0.48,72,20177,71,80.6,
2009,7,08JUL2009,19200,584,28,52,178,605,863,20647,375,6671,3476,97,10619,4340,0,0,4340,8220,-4357,10349,5688,0.49,72,20042,72,80.75,
2009,7,09JUL2009,19100,578,27,36,194,604,861,20539,370,7147,3476,95,11088,4350,0,0,4350,8170,-4884,10290,5101,0.51,75,19935,74,80.95,
2009,7,10JUL2009,19200,627,27,26,216,569,838,20665,368,7142,3507,96,11113,4344,0,0,4344,8100,-4998,10511,5208,0.51,75,20096,74,81.13,
2009,7,11JUL2009,19600,652,26,26,223,535,810,21062,365,7136,3469,92,11062,4350,0,0,4350,8070,-5009,10964,5650,0.5,73,20527,72,81.25,
2009,7,12JUL2009,19600,640,26,26,219,570,841,21081,362,7176,3471,83,11092,4350,0,0,4350,8100,-4978,10922,5639,0.5,73,20511,73,81.36,
2009,7,13JUL2009,19900,622,26,29,207,581,843,21365,356,7177,3435,78,11046,4304,0,0,4304,8150,-4851,11167,6015,0.49,72,20784,71,81.43,
2009,7,14JUL2009,19900,662,26,31,228,532,817,21379,359,7178,3498,88,11123,4333,0,0,4333,8300,-4822,11049,5923,0.5,72,20847,72,81.5,
2009,7,15JUL2009,20100,692,25,28,238,544,835,21627,358,4998,4046,91,9493,4341,0,0,4341,8330,-3150,11247,7793,0.42,64,21083,63,81.39,
2009,7,16JUL2009,19700,667,22,28,238,528,816,21183,339,4994,4392,98,9823,4340,0,0,4340,8120,-3708,11032,7020,0.44,67,20655,66,81.36,
2009,7,17JUL2009,19000,659,21,29,218,525,793,20452,352,5988,4246,96,10682,4339,0,0,4339,7980,-4730,10464,5431,0.5,73,19927,73,81.49,
2009,7,18JUL2009,18900,689,19,26,196,561,802,20391,354,7176,4145,92,11767,4350,0,0,4350,8050,-5742,10321,4274,0.55,79,19830,78,81.77,
2009,7,19JUL2009,18700,704,18,26,222,581,847,20251,358,7176,4201,81,11816,4350,0,0,4350,8220,-5576,9966,4085,0.56,80,19670,79,82.06,
2009,7,20JUL2009,18700,679,20,28,218,583,849,20228,361,7167,4229,81,11838,4300,0,0,4300,8420,-5364,9755,4090,0.56,80,19645,79,82.34,
2009,7,21JUL2009,18900,677,17,28,211,527,783,20360,362,7168,4237,85,11852,4300,0,0,4300,8360,-5504,10013,4208,0.56,79,19833,79,82.58,
2009,7,22JUL2009,18000,677,14,29,202,540,785,19462,357,7066,4162,82,11667,4293,0,0,4293,8220,-5452,9255,3502,0.57,82,18922,81,82.93,
2009,7,23JUL2009,18000,635,14,32,161,587,794,19429,359,7177,4220,81,11837,4279,0,0,4279,8120,-5704,9317,3313,0.58,83,18842,82,83.29,
2009,7,24JUL2009,15700,609,14,29,205,572,820,17129,357,4947,4244,91,9639,4300,0,0,4300,7820,-3794,7285,3190,0.53,81,16557,81,83.66,
2009,7,25JUL2009,17500,595,13,29,215,597,854,18949,356,4994,4262,85,9697,4250,0,0,4250,7840,-3765,9065,5002,0.49,74,18352,73,83.72,
2009,7,26JUL2009,18300,565,12,29,215,610,866,19731,354,4989,4248,90,9681,4250,0,0,4250,7930,-3647,9745,5800,0.47,71,19121,70,83.68,
2009,7,27JUL2009,18100,561,12,29,217,606,864,19525,356,4993,4145,91,9585,4246,0,0,4246,7990,-3491,9482,5694,0.47,71,18919,70,83.65,
2009,7,28JUL2009,18200,584,13,27,214,551,805,19589,353,5477,4307,69,10206,4186,0,0,4186,8070,-4052,9542,5197,0.5,73,19038,73,83.68,
2009,7,29JUL2009,18400,634,12,28,198,580,818,19852,357,7178,4309,84,11928,4200,0,0,4200,8090,-5750,9768,3724,0.58,81,19272,81,83.93,
2009,7,30JUL2009,18900,612,11,29,194,581,815,20327,361,6675,4310,79,11425,4171,0,0,4171,8040,-5281,10304,4731,0.54,77,19746,76,84.01,
2009,7,31JUL2009,19200,644,11,37,205,573,826,20670,352,4497,4104,94,9047,4139,0,0,4139,7980,-2931,10705,7484,0.41,64,20097,63,83.79,
2009,8,01AUG2009,18900,648,11,40,215,584,850,20398,233,4997,4106,87,9423,4150,0,0,4150,7990,-3280,10396,6825,0.44,67,19814,66,83.64,
2009,8,02AUG2009,18600,697,9,40,210,623,882,20179,230,4970,4113,86,9399,4150,0,0,4150,7930,-3284,10205,6631,0.45,67,19556,66,83.52,
2009,8,03AUG2009,18400,582,10,49,198,674,931,19913,230,4999,4096,81,9406,4100,0,0,4100,7870,-3270,9964,6407,0.45,68,19239,67,83.42,
2009,8,04AUG2009,18100,585,9,33,190,644,876,19561,233,4989,4196,83,9501,4090,0,0,4090,7660,-3624,9880,5970,0.47,69,18917,68,83.38,
2009,8,05AUG2009,16400,599,9,27,181,563,780,17779,215,4989,4255,86,9545,4041,0,0,4041,7390,-4002,8478,4193,0.52,76,17216,76,83.57,
2009,8,06AUG2009,15700,599,8,27,159,624,818,17117,196,4541,4185,87,9009,4100,0,0,4100,7190,-3666,7961,4008,0.51,77,16493,76,83.77,
2009,8,07AUG2009,15600,604,8,28,168,618,822,17026,162,4993,4341,92,9588,3999,0,0,3999,6990,-4375,8094,3439,0.55,80,16408,79,84.07,
2009,8,08AUG2009,15100,602,9,28,184,648,869,16571,156,4192,4154,87,8589,4000,0,0,4000,6930,-3390,7652,3982,0.5,76,15923,75,84.25,
2009,8,09AUG2009,15000,587,8,28,207,669,912,16499,148,4199,4185,87,8619,3950,0,0,3950,6920,-3354,7561,3931,0.51,76,15830,75,84.43,
2009,8,10AUG2009,15000,588,8,29,220,674,931,16519,140,4194,4043,86,8463,3907,0,0,3907,6910,-3161,7584,4149,0.49,75,15845,74,84.57,
2009,8,11AUG2009,14800,606,9,28,210,641,888,16294,122,3495,4192,84,7893,3905,0,0,3905,6830,-2714,7483,4496,0.47,72,15653,71,84.64,
2009,8,12AUG2009,15000,624,8,28,184,586,806,16430,121,3494,4177,85,7877,3900,0,0,3900,6670,-2936,7862,4654,0.46,72,15844,71,84.7,
2009,8,13AUG2009,14500,586,8,28,176,525,737,15823,134,3488,4336,99,8057,3850,0,0,3850,6600,-3222,7408,3916,0.49,75,15298,74,84.85,
2009,8,14AUG2009,14600,569,8,28,197,513,746,15915,137,4195,4136,92,8560,3801,0,0,3801,6500,-3785,7605,3554,0.52,78,15402,77,85.07,
2009,8,15AUG2009,14600,579,7,29,217,558,811,15990,139,4189,4209,84,8621,3800,0,0,3800,6410,-3870,7705,3569,0.52,78,15432,77,85.27,
2009,8,16AUG2009,14500,570,7,32,214,610,863,15933,137,4200,4201,79,8617,3750,0,0,3750,6480,-3712,7540,3566,0.52,78,15323,77,85.45,
2009,8,17AUG2009,13900,556,5,52,183,640,880,15336,142,4189,4183,78,8592,3750,0,0,3750,6590,-3559,6816,2995,0.54,80,14696,80,85.74,
2009,8,18AUG2009,13700,581,7,34,160,597,798,15079,143,3489,4244,71,7947,3750,0,0,3750,6650,-2937,6581,3382,0.51,78,14482,77,85.94,
2009,8,19AUG2009,13400,592,7,28,147,581,763,14755,145,3492,4143,79,7859,3650,0,0,3650,6800,-2669,6170,3246,0.51,78,14174,77,86.15,
2009,8,20AUG2009,13800,583,5,28,143,548,724,15107,165,3495,4069,77,7806,3650,0,0,3650,6780,-2674,6581,3651,0.5,76,14559,75,86.28,
2009,8,21AUG2009,14400,586,4,27,142,558,731,15717,171,3499,4054,85,7809,3600,0,0,3600,6820,-2598,7158,4309,0.48,73,15159,72,86.29,
2009,8,22AUG2009,13900,572,5,26,156,583,770,15242,171,3464,4072,81,7788,3550,0,0,3550,6940,-2386,6538,3904,0.49,74,14659,73,86.36,
2009,8,23AUG2009,14200,556,5,26,168,628,827,15583,166,3493,4068,82,7809,3550,0,0,3550,6900,-2390,6862,4224,0.48,73,14955,72,86.38,
2009,8,24AUG2009,14500,527,5,28,163,669,865,15892,152,3469,4059,79,7759,3500,0,0,3500,6740,-2429,7307,4633,0.47,71,15223,70,86.34,
2009,8,25AUG2009,14100,521,4,29,147,635,815,15436,112,3498,4167,81,7858,3450,0,0,3450,6560,-2725,7095,4129,0.49,73,14801,72,86.37,
2009,8,26AUG2009,14200,541,4,39,144,564,751,15492,123,4199,4199,78,8599,3400,0,0,3400,6450,-3607,7339,3494,0.54,77,14928,77,86.51,
2009,8,27AUG2009,14500,530,4,36,157,553,750,15780,112,4197,4173,87,8569,3400,0,0,3400,6320,-3709,7758,3812,0.53,76,15227,75,86.59,
2009,8,28AUG2009,14700,530,4,30,175,558,767,15997,116,4196,4181,86,8579,3400,0,0,3400,6340,-3682,7938,4018,0.52,75,15439,74,86.63,
2009,8,29AUG2009,14700,533,4,27,199,626,856,16089,117,4200,4185,82,8584,3325,0,0,3325,6520,-3369,7782,4180,0.52,74,15463,73,86.64,
2009,8,30AUG2009,14500,500,4,27,182,660,873,15873,122,4193,4198,81,8594,3287,0,0,3287,6650,-3208,7430,3992,0.53,75,15213,74,86.68,
2009,8,31AUG2009,14600,381,4,28,148,716,896,15877,111,4200,4145,82,8538,3216,0,0,3216,6680,-3053,7400,4123,0.52,74,15161,73,86.7,
2009,9,01SEP2009,14600,478,3,28,133,688,852,15930,119,4194,4114,82,8509,3166,0,0,3166,6550,-3164,7642,4256,0.52,73,15242,72,86.69,
2009,9,02SEP2009,13700,502,4,28,122,650,804,15006,141,3498,4137,79,7855,3200,0,0,3200,6460,-2671,6846,3951,0.51,74,14356,72,86.74,
2009,9,03SEP2009,13800,515,4,29,130,633,796,15111,162,3498,4170,84,7914,3108,0,0,3108,6610,-2529,6835,4088,0.5,73,14478,72,86.75,
2009,9,04SEP2009,14100,506,3,29,155,631,818,15424,162,3499,4171,91,7923,3066,0,0,3066,6790,-2308,6958,4435,0.5,71,14793,70,86.72,
2009,9,05SEP2009,13900,488,3,51,157,567,778,15166,162,3492,4159,83,7896,3050,0,0,3050,6740,-2360,6794,4220,0.5,72,14599,71,86.72,
2009,9,06SEP2009,13500,457,4,47,152,591,794,14751,162,3496,4150,79,7887,3000,0,0,3000,6430,-2613,6687,3864,0.52,74,14160,73,86.78,
2009,9,07SEP2009,13100,431,4,50,149,624,827,14358,155,3493,4148,72,7868,2950,0,0,2950,6310,-2649,6395,3540,0.53,75,13734,74,86.89,
2009,9,08SEP2009,12200,432,3,47,134,553,737,13369,149,3494,4130,70,7843,2900,0,0,2900,6180,-2811,5640,2626,0.57,80,12816,80,87.18,
2009,9,09SEP2009,11500,417,4,45,133,542,724,12641,143,3493,4146,77,7859,2743,0,0,2743,5890,-3028,5259,2039,0.59,84,12099,83,87.63,
2009,9,10SEP2009,12200,412,4,42,138,556,740,13352,143,3495,4186,95,7919,2795,0,0,2795,5850,-3146,5980,2638,0.57,80,12796,79,87.88,
2009,9,11SEP2009,11800,473,4,38,153,571,766,13039,136,2992,4171,96,7395,2759,0,0,2759,5830,-2593,5670,2885,0.55,78,12468,77,88.06,
2009,9,12SEP2009,11600,503,5,37,167,635,844,12947,142,2986,4164,60,7352,2710,0,0,2710,5870,-2399,5474,2886,0.55,78,12312,77,88.23,
2009,9,13SEP2009,12200,477,6,45,146,849,1046,13723,130,2489,4163,60,6842,2660,0,0,2660,5760,-1765,6172,4221,0.48,69,12874,67,88.15,
2009,9,14SEP2009,12800,445,6,62,154,1060,1282,14527,121,2484,4156,72,6833,2584,1834,0,751,5770,-269,7265,6943,0.45,52,13467,48,87.75,
2009,9,15SEP2009,12400,445,6,36,97,1190,1329,14174,112,2495,4155,62,6824,2600,1834,0,766,5890,-103,6740,6584,0.47,54,12984,49,87.4,
2009,9,16SEP2009,11900,452,7,29,98,1270,1404,13756,138,2998,4161,46,7343,2544,1834,0,710,5940,-461,6213,5702,0.52,59,12486,54,87.17,
2009,9,17SEP2009,11500,430,6,30,111,1250,1397,13327,137,2949,4149,70,7305,2514,1834,0,680,5920,-430,5820,5342,0.53,60,12077,56,86.99,
2009,9,18SEP2009,11100,384,7,39,124,1220,1390,12874,138,2490,4150,75,6853,2461,1834,0,627,5920,49,5388,5394,0.51,58,11654,54,86.82,
2009,9,19SEP2009,10500,396,7,51,141,1230,1429,12325,144,2499,4161,85,6889,2450,0,0,2450,5790,-1263,4420,2986,0.54,76,11095,73,87.04,
2009,9,20SEP2009,10500,389,7,48,147,1250,1452,12341,147,1991,4149,77,6364,2425,0,0,2425,5600,-889,4610,3552,0.5,71,11091,68,87.13,
2009,9,21SEP2009,10100,392,6,45,136,1230,1417,11909,134,1992,3881,60,6067,2400,0,0,2400,5410,-800,4410,3442,0.49,71,10679,68,87.24,
2009,9,22SEP2009,10000,414,6,54,125,1200,1385,11799,152,1996,3850,48,6046,2286,0,0,2286,5280,-867,4494,3467,0.49,71,10599,67,87.34,
2009,9,23SEP2009,9840,424,6,42,125,1150,1323,11587,162,993,4310,82,5547,2350,0,0,2350,5150,-602,4456,3690,0.46,68,10437,65,87.39,
2009,9,24SEP2009,9530,406,6,48,130,1120,1304,11240,158,995,4176,79,5408,2257,0,0,2257,4910,-661,4394,3575,0.46,68,10120,65,87.46,
2009,9,25SEP2009,9670,390,4,74,138,1130,1346,11406,149,997,4176,81,5403,2200,0,0,2200,4680,-806,4764,3804,0.45,67,10276,63,87.49,
2009,9,26SEP2009,9490,389,5,73,198,1190,1466,11345,137,991,4156,78,5362,2226,0,0,2226,4640,-703,4616,3756,0.45,67,10155,63,87.52,
2009,9,27SEP2009,9160,358,4,72,65,1240,1381,10899,131,969,4150,87,5337,2175,0,0,2175,4680,-689,4229,3387,0.47,69,9659,65,87.62,
2009,9,28SEP2009,8320,342,4,99,41,1240,1384,10046,135,948,4173,86,5342,2154,0,0,2154,4650,-708,3409,2550,0.51,75,8806,71,87.89,
2009,9,29SEP2009,9010,320,4,88,57,1210,1359,10689,141,983,4174,82,5380,2118,0,0,2118,4490,-908,4247,3191,0.48,70,9479,66,88.01,
2009,9,30SEP2009,9480,306,4,91,53,1160,1308,11094,143,995,4154,81,5373,2124,0,0,2124,4460,-986,4731,3597,0.46,68,9934,64,88.04,


monthly totals, acre-ft
Mo,SAC,YOLO,CSMR,MOKE,MISC,SJR,EAST,TOT,CCC,SWP,CVP,NBAQ,EXPORTS,GCD,PREC,MISDV,CD,XGEO,WEST,RIO,OUT,EXPIN,DIVER,EFFEC,EFFDIV
OCT,477600,11034,762,5570,3251,75919,85502,574136,8456,33275,234430,5770,281931,113574,17277,0,96297,254836,-4185,206835,195908,29,4072,498216,3756,
NOV,579550,3650,2047,12065,2809,67835,84756,667956,4951,122184,176509,4800,308444,102899,89570,0,13329,239821,7469,339647,346183,27,3013,607998,2756,
DEC,545593,5270,2916,10677,1672,69362,84627,635490,3350,84135,84357,2898,174740,127934,104574,0,23360,192164,86868,352158,437391,17,2046,568017,1562,
JAN,562155,3983,8888,10780,2293,67942,89903,656041,4318,145876,128941,3235,282371,74579,88661,0,-14082,125740,-57575,444341,387752,26,2597,590945,2223,
FEB,1136807,51086,29550,10374,2138,79279,121341,1309234,4403,109811,107480,1908,223603,48893,226881,0,-177988,197236,210666,1040494,1263619,11,262,1243681,-111,
MAR,1390810,53375,66900,9197,2081,87451,165630,1609815,10602,173024,178163,99,361888,79960,57289,0,22671,235951,24956,1201886,1225255,17,1971,1522364,1710,
APR,809455,23942,28318,10017,8475,90208,137018,970415,861,81195,84726,1396,168179,108548,22734,0,85814,156986,70047,652383,716422,10,1589,880207,1131,
MAY,1006810,29220,47268,10943,9608,130949,198768,1234798,10356,66369,64709,5504,146938,145224,34100,0,111124,228372,207971,776544,976737,7,1401,1113813,873,
JUN,711273,35054,5730,9717,11169,65373,91989,838316,19747,37809,78885,5554,141995,218720,2273,0,216447,277909,87213,407812,479875,8,2588,772943,2302,
JUL,1145058,39636,1349,2283,12651,37263,53546,1238239,22344,382667,243277,5264,653552,264067,0,0,264067,495451,-276199,615303,320620,31,4562,1200976,4512,
AUG,928066,35135,406,1918,10996,37428,50749,1013950,9523,252688,255997,5145,523353,230010,0,0,230010,422499,-199611,476299,260588,31,4582,976522,4522,
SEP,681322,25335,282,2969,7555,56390,67197,773854,8499,146547,246526,4520,406092,154656,18187,0,136469,338083,-89517,330363,231293,30,4173,717464,4019,
